drug1,drug2,cell,Synergy_Smean
26.0,0.0,38.0,7.69353
0.0,26.0,38.0,7.69353
26.0,0.0,39.0,7.7780533
0.0,26.0,39.0,7.7780533
26.0,0.0,40.0,-1.1985054
0.0,26.0,40.0,-1.1985054
26.0,0.0,41.0,2.5956845
0.0,26.0,41.0,2.5956845
26.0,0.0,42.0,4.175936
0.0,26.0,42.0,4.175936
26.0,0.0,43.0,-5.089853
0.0,26.0,43.0,-5.089853
26.0,0.0,44.0,1.4986504
0.0,26.0,44.0,1.4986504
26.0,0.0,45.0,9.463281
0.0,26.0,45.0,9.463281
26.0,0.0,46.0,-3.7013547
0.0,26.0,46.0,-3.7013547
26.0,0.0,47.0,10.173434
0.0,26.0,47.0,10.173434
26.0,0.0,48.0,1.6326315
0.0,26.0,48.0,1.6326315
26.0,0.0,49.0,-8.979214
0.0,26.0,49.0,-8.979214
26.0,0.0,50.0,6.89926
0.0,26.0,50.0,6.89926
26.0,0.0,51.0,-1.7930739
0.0,26.0,51.0,-1.7930739
26.0,0.0,52.0,-5.9963703
0.0,26.0,52.0,-5.9963703
26.0,0.0,53.0,7.890257
0.0,26.0,53.0,7.890257
26.0,0.0,54.0,-5.042652
0.0,26.0,54.0,-5.042652
26.0,0.0,55.0,3.698835
0.0,26.0,55.0,3.698835
26.0,0.0,56.0,3.9321485
0.0,26.0,56.0,3.9321485
26.0,0.0,57.0,-10.068848
0.0,26.0,57.0,-10.068848
26.0,0.0,58.0,17.637033
0.0,26.0,58.0,17.637033
26.0,0.0,59.0,5.6864886
0.0,26.0,59.0,5.6864886
26.0,0.0,60.0,-2.6775877
0.0,26.0,60.0,-2.6775877
26.0,0.0,61.0,-2.1732218
0.0,26.0,61.0,-2.1732218
26.0,0.0,62.0,-36.45923
0.0,26.0,62.0,-36.45923
26.0,0.0,63.0,-0.08642458
0.0,26.0,63.0,-0.08642458
26.0,0.0,64.0,5.0771775
0.0,26.0,64.0,5.0771775
26.0,0.0,65.0,0.108107716
0.0,26.0,65.0,0.108107716
26.0,0.0,66.0,-14.5231085
0.0,26.0,66.0,-14.5231085
26.0,0.0,67.0,17.485796
0.0,26.0,67.0,17.485796
26.0,0.0,68.0,-1.5839638
0.0,26.0,68.0,-1.5839638
26.0,0.0,69.0,1.0961027
0.0,26.0,69.0,1.0961027
26.0,1.0,38.0,13.052688
1.0,26.0,38.0,13.052688
26.0,1.0,39.0,11.277273
1.0,26.0,39.0,11.277273
26.0,1.0,40.0,2.7051275
1.0,26.0,40.0,2.7051275
26.0,1.0,41.0,7.494061
1.0,26.0,41.0,7.494061
26.0,1.0,42.0,9.3986845
1.0,26.0,42.0,9.3986845
26.0,1.0,43.0,2.9248207
1.0,26.0,43.0,2.9248207
26.0,1.0,44.0,10.057526
1.0,26.0,44.0,10.057526
26.0,1.0,45.0,13.961271
1.0,26.0,45.0,13.961271
26.0,1.0,46.0,6.065389
1.0,26.0,46.0,6.065389
26.0,1.0,47.0,-2.7122052
1.0,26.0,47.0,-2.7122052
26.0,1.0,48.0,9.970389
1.0,26.0,48.0,9.970389
26.0,1.0,49.0,-4.0015073
1.0,26.0,49.0,-4.0015073
26.0,1.0,50.0,23.381134
1.0,26.0,50.0,23.381134
26.0,1.0,51.0,-32.99062
1.0,26.0,51.0,-32.99062
26.0,1.0,52.0,10.773397
1.0,26.0,52.0,10.773397
26.0,1.0,53.0,4.3178887
1.0,26.0,53.0,4.3178887
26.0,1.0,54.0,-7.115899
1.0,26.0,54.0,-7.115899
26.0,1.0,55.0,2.5787086
1.0,26.0,55.0,2.5787086
26.0,1.0,56.0,33.592926
1.0,26.0,56.0,33.592926
26.0,1.0,57.0,-3.193652
1.0,26.0,57.0,-3.193652
26.0,1.0,58.0,12.233692
1.0,26.0,58.0,12.233692
26.0,1.0,59.0,25.072624
1.0,26.0,59.0,25.072624
26.0,1.0,60.0,19.333202
1.0,26.0,60.0,19.333202
26.0,1.0,61.0,16.722015
1.0,26.0,61.0,16.722015
26.0,1.0,62.0,2.288719
1.0,26.0,62.0,2.288719
26.0,1.0,63.0,33.35326
1.0,26.0,63.0,33.35326
26.0,1.0,64.0,18.744965
1.0,26.0,64.0,18.744965
26.0,1.0,65.0,8.051673
1.0,26.0,65.0,8.051673
26.0,1.0,66.0,2.5778553
1.0,26.0,66.0,2.5778553
26.0,1.0,67.0,10.0383625
1.0,26.0,67.0,10.0383625
26.0,1.0,68.0,11.459351
1.0,26.0,68.0,11.459351
26.0,1.0,69.0,-0.99832755
1.0,26.0,69.0,-0.99832755
26.0,2.0,38.0,13.6791115
2.0,26.0,38.0,13.6791115
26.0,2.0,39.0,3.933224
2.0,26.0,39.0,3.933224
26.0,2.0,40.0,3.2905478
2.0,26.0,40.0,3.2905478
26.0,2.0,41.0,8.842812
2.0,26.0,41.0,8.842812
26.0,2.0,42.0,15.628148
2.0,26.0,42.0,15.628148
26.0,2.0,43.0,9.660318
2.0,26.0,43.0,9.660318
26.0,2.0,44.0,2.477429
2.0,26.0,44.0,2.477429
26.0,2.0,45.0,2.7457843
2.0,26.0,45.0,2.7457843
26.0,2.0,46.0,2.3230898
2.0,26.0,46.0,2.3230898
26.0,2.0,47.0,11.8958025
2.0,26.0,47.0,11.8958025
26.0,2.0,48.0,55.291298
2.0,26.0,48.0,55.291298
26.0,2.0,49.0,0.049724344
2.0,26.0,49.0,0.049724344
26.0,2.0,50.0,18.974293
2.0,26.0,50.0,18.974293
26.0,2.0,51.0,-8.321116
2.0,26.0,51.0,-8.321116
26.0,2.0,52.0,17.638155
2.0,26.0,52.0,17.638155
26.0,2.0,53.0,7.6972733
2.0,26.0,53.0,7.6972733
26.0,2.0,54.0,4.9902196
2.0,26.0,54.0,4.9902196
26.0,2.0,55.0,16.721798
2.0,26.0,55.0,16.721798
26.0,2.0,56.0,16.388056
2.0,26.0,56.0,16.388056
26.0,2.0,57.0,17.54708
2.0,26.0,57.0,17.54708
26.0,2.0,58.0,17.119612
2.0,26.0,58.0,17.119612
26.0,2.0,59.0,21.562387
2.0,26.0,59.0,21.562387
26.0,2.0,60.0,16.936
2.0,26.0,60.0,16.936
26.0,2.0,61.0,12.70595
2.0,26.0,61.0,12.70595
26.0,2.0,62.0,-73.138405
2.0,26.0,62.0,-73.138405
26.0,2.0,63.0,21.267904
2.0,26.0,63.0,21.267904
26.0,2.0,64.0,4.245879
2.0,26.0,64.0,4.245879
26.0,2.0,65.0,12.02859
2.0,26.0,65.0,12.02859
26.0,2.0,66.0,5.5145106
2.0,26.0,66.0,5.5145106
26.0,2.0,67.0,106.007195
2.0,26.0,67.0,106.007195
26.0,2.0,68.0,7.9318776
2.0,26.0,68.0,7.9318776
26.0,2.0,69.0,11.757424
2.0,26.0,69.0,11.757424
26.0,3.0,38.0,-5.2398787
3.0,26.0,38.0,-5.2398787
26.0,3.0,39.0,-18.599127
3.0,26.0,39.0,-18.599127
26.0,3.0,40.0,-2.4053347
3.0,26.0,40.0,-2.4053347
26.0,3.0,41.0,-7.876708
3.0,26.0,41.0,-7.876708
26.0,3.0,42.0,-10.970447
3.0,26.0,42.0,-10.970447
26.0,3.0,43.0,-8.356111
3.0,26.0,43.0,-8.356111
26.0,3.0,44.0,-16.130125
3.0,26.0,44.0,-16.130125
26.0,3.0,45.0,-4.5192695
3.0,26.0,45.0,-4.5192695
26.0,3.0,46.0,-14.569782
3.0,26.0,46.0,-14.569782
26.0,3.0,47.0,-15.951613
3.0,26.0,47.0,-15.951613
26.0,3.0,48.0,-1.8552325
3.0,26.0,48.0,-1.8552325
26.0,3.0,49.0,-6.175982
3.0,26.0,49.0,-6.175982
26.0,3.0,50.0,-2.0255659
3.0,26.0,50.0,-2.0255659
26.0,3.0,51.0,52.48519
3.0,26.0,51.0,52.48519
26.0,3.0,52.0,-15.778706
3.0,26.0,52.0,-15.778706
26.0,3.0,53.0,-16.696266
3.0,26.0,53.0,-16.696266
26.0,3.0,54.0,-9.190965
3.0,26.0,54.0,-9.190965
26.0,3.0,55.0,-24.06755
3.0,26.0,55.0,-24.06755
26.0,3.0,56.0,-7.508625
3.0,26.0,56.0,-7.508625
26.0,3.0,57.0,-9.586167
3.0,26.0,57.0,-9.586167
26.0,3.0,58.0,-9.895037
3.0,26.0,58.0,-9.895037
26.0,3.0,59.0,-20.706167
3.0,26.0,59.0,-20.706167
26.0,3.0,60.0,2.9072006
3.0,26.0,60.0,2.9072006
26.0,3.0,61.0,-10.479414
3.0,26.0,61.0,-10.479414
26.0,3.0,62.0,-172.8887
3.0,26.0,62.0,-172.8887
26.0,3.0,63.0,-11.64273
3.0,26.0,63.0,-11.64273
26.0,3.0,64.0,-4.6048937
3.0,26.0,64.0,-4.6048937
26.0,3.0,65.0,-1.9079669
3.0,26.0,65.0,-1.9079669
26.0,3.0,66.0,-1.3618594
3.0,26.0,66.0,-1.3618594
26.0,3.0,67.0,2.7487912
3.0,26.0,67.0,2.7487912
26.0,3.0,68.0,-17.84185
3.0,26.0,68.0,-17.84185
26.0,3.0,69.0,-7.0535107
3.0,26.0,69.0,-7.0535107
26.0,4.0,38.0,31.125645
4.0,26.0,38.0,31.125645
26.0,4.0,39.0,50.60366
4.0,26.0,39.0,50.60366
26.0,4.0,40.0,2.683689
4.0,26.0,40.0,2.683689
26.0,4.0,41.0,28.348085
4.0,26.0,41.0,28.348085
26.0,4.0,42.0,6.467031
4.0,26.0,42.0,6.467031
26.0,4.0,43.0,3.8423834
4.0,26.0,43.0,3.8423834
26.0,4.0,44.0,17.690195
4.0,26.0,44.0,17.690195
26.0,4.0,45.0,-7.8192716
4.0,26.0,45.0,-7.8192716
26.0,4.0,46.0,-22.973278
4.0,26.0,46.0,-22.973278
26.0,4.0,47.0,17.06698
4.0,26.0,47.0,17.06698
26.0,4.0,48.0,0.24250737
4.0,26.0,48.0,0.24250737
26.0,4.0,49.0,21.385588
4.0,26.0,49.0,21.385588
26.0,4.0,50.0,18.718697
4.0,26.0,50.0,18.718697
26.0,4.0,51.0,17.56299
4.0,26.0,51.0,17.56299
26.0,4.0,52.0,23.23497
4.0,26.0,52.0,23.23497
26.0,4.0,53.0,-31.19472
4.0,26.0,53.0,-31.19472
26.0,4.0,54.0,11.559147
4.0,26.0,54.0,11.559147
26.0,4.0,55.0,42.73505
4.0,26.0,55.0,42.73505
26.0,4.0,56.0,-6.0435038
4.0,26.0,56.0,-6.0435038
26.0,4.0,57.0,0.43303478
4.0,26.0,57.0,0.43303478
26.0,4.0,58.0,57.033146
4.0,26.0,58.0,57.033146
26.0,4.0,59.0,33.908283
4.0,26.0,59.0,33.908283
26.0,4.0,60.0,17.311632
4.0,26.0,60.0,17.311632
26.0,4.0,61.0,19.06355
4.0,26.0,61.0,19.06355
26.0,4.0,62.0,-4.618695
4.0,26.0,62.0,-4.618695
26.0,4.0,63.0,2.9818206
4.0,26.0,63.0,2.9818206
26.0,4.0,64.0,1.304656
4.0,26.0,64.0,1.304656
26.0,4.0,65.0,30.444632
4.0,26.0,65.0,30.444632
26.0,4.0,66.0,15.8773365
4.0,26.0,66.0,15.8773365
26.0,4.0,67.0,18.8656
4.0,26.0,67.0,18.8656
26.0,4.0,68.0,12.1239605
4.0,26.0,68.0,12.1239605
26.0,4.0,69.0,21.455727
4.0,26.0,69.0,21.455727
26.0,5.0,38.0,4.331695
5.0,26.0,38.0,4.331695
26.0,5.0,39.0,-8.161129
5.0,26.0,39.0,-8.161129
26.0,5.0,40.0,-5.415934
5.0,26.0,40.0,-5.415934
26.0,5.0,41.0,-7.7474737
5.0,26.0,41.0,-7.7474737
26.0,5.0,42.0,4.80755
5.0,26.0,42.0,4.80755
26.0,5.0,43.0,0.31210682
5.0,26.0,43.0,0.31210682
26.0,5.0,44.0,3.4071846
5.0,26.0,44.0,3.4071846
26.0,5.0,45.0,2.9189014
5.0,26.0,45.0,2.9189014
26.0,5.0,46.0,-3.4774222
5.0,26.0,46.0,-3.4774222
26.0,5.0,47.0,-2.5394087
5.0,26.0,47.0,-2.5394087
26.0,5.0,48.0,-0.84804446
5.0,26.0,48.0,-0.84804446
26.0,5.0,49.0,-11.87696
5.0,26.0,49.0,-11.87696
26.0,5.0,50.0,5.347534
5.0,26.0,50.0,5.347534
26.0,5.0,51.0,1.1104283
5.0,26.0,51.0,1.1104283
26.0,5.0,52.0,-2.1132236
5.0,26.0,52.0,-2.1132236
26.0,5.0,53.0,1.2187132
5.0,26.0,53.0,1.2187132
26.0,5.0,54.0,-9.533702
5.0,26.0,54.0,-9.533702
26.0,5.0,55.0,-4.3210487
5.0,26.0,55.0,-4.3210487
26.0,5.0,56.0,6.785054
5.0,26.0,56.0,6.785054
26.0,5.0,57.0,-5.9355793
5.0,26.0,57.0,-5.9355793
26.0,5.0,58.0,2.7064693
5.0,26.0,58.0,2.7064693
26.0,5.0,59.0,-5.7328653
5.0,26.0,59.0,-5.7328653
26.0,5.0,60.0,5.6238194
5.0,26.0,60.0,5.6238194
26.0,5.0,61.0,-5.6869903
5.0,26.0,61.0,-5.6869903
26.0,5.0,62.0,-96.61714
5.0,26.0,62.0,-96.61714
26.0,5.0,63.0,-3.1403413
5.0,26.0,63.0,-3.1403413
26.0,5.0,64.0,-13.899101
5.0,26.0,64.0,-13.899101
26.0,5.0,65.0,-4.5680714
5.0,26.0,65.0,-4.5680714
26.0,5.0,66.0,-19.573322
5.0,26.0,66.0,-19.573322
26.0,5.0,67.0,-2.7219863
5.0,26.0,67.0,-2.7219863
26.0,5.0,68.0,3.6825733
5.0,26.0,68.0,3.6825733
26.0,5.0,69.0,14.421994
5.0,26.0,69.0,14.421994
26.0,6.0,38.0,9.694285
6.0,26.0,38.0,9.694285
26.0,6.0,39.0,16.56933
6.0,26.0,39.0,16.56933
26.0,6.0,40.0,13.964393
6.0,26.0,40.0,13.964393
26.0,6.0,41.0,18.429258
6.0,26.0,41.0,18.429258
26.0,6.0,42.0,22.167973
6.0,26.0,42.0,22.167973
26.0,6.0,43.0,10.543456
6.0,26.0,43.0,10.543456
26.0,6.0,44.0,15.123162
6.0,26.0,44.0,15.123162
26.0,6.0,45.0,14.452978
6.0,26.0,45.0,14.452978
26.0,6.0,46.0,9.559453
6.0,26.0,46.0,9.559453
26.0,6.0,47.0,11.337472
6.0,26.0,47.0,11.337472
26.0,6.0,48.0,-6.984395
6.0,26.0,48.0,-6.984395
26.0,6.0,49.0,12.417332
6.0,26.0,49.0,12.417332
26.0,6.0,50.0,16.149899
6.0,26.0,50.0,16.149899
26.0,6.0,51.0,-45.89376
6.0,26.0,51.0,-45.89376
26.0,6.0,52.0,0.92478627
6.0,26.0,52.0,0.92478627
26.0,6.0,53.0,24.454977
6.0,26.0,53.0,24.454977
26.0,6.0,54.0,6.37341
6.0,26.0,54.0,6.37341
26.0,6.0,55.0,7.2357583
6.0,26.0,55.0,7.2357583
26.0,6.0,56.0,28.144438
6.0,26.0,56.0,28.144438
26.0,6.0,57.0,-11.040046
6.0,26.0,57.0,-11.040046
26.0,6.0,58.0,29.201256
6.0,26.0,58.0,29.201256
26.0,6.0,59.0,11.223206
6.0,26.0,59.0,11.223206
26.0,6.0,60.0,20.987572
6.0,26.0,60.0,20.987572
26.0,6.0,61.0,17.00484
6.0,26.0,61.0,17.00484
26.0,6.0,62.0,13.954884
6.0,26.0,62.0,13.954884
26.0,6.0,63.0,21.289425
6.0,26.0,63.0,21.289425
26.0,6.0,64.0,16.210617
6.0,26.0,64.0,16.210617
26.0,6.0,65.0,0.49489045
6.0,26.0,65.0,0.49489045
26.0,6.0,66.0,17.299387
6.0,26.0,66.0,17.299387
26.0,6.0,67.0,-3.0497103
6.0,26.0,67.0,-3.0497103
26.0,6.0,68.0,17.968987
6.0,26.0,68.0,17.968987
26.0,6.0,69.0,24.413794
6.0,26.0,69.0,24.413794
26.0,7.0,38.0,7.3767095
7.0,26.0,38.0,7.3767095
26.0,7.0,39.0,0.91196394
7.0,26.0,39.0,0.91196394
26.0,7.0,40.0,7.160975
7.0,26.0,40.0,7.160975
26.0,7.0,41.0,3.596798
7.0,26.0,41.0,3.596798
26.0,7.0,42.0,7.231877
7.0,26.0,42.0,7.231877
26.0,7.0,43.0,2.6209013
7.0,26.0,43.0,2.6209013
26.0,7.0,44.0,-5.257025
7.0,26.0,44.0,-5.257025
26.0,7.0,45.0,2.9166634
7.0,26.0,45.0,2.9166634
26.0,7.0,46.0,5.3722157
7.0,26.0,46.0,5.3722157
26.0,7.0,47.0,-3.9460714
7.0,26.0,47.0,-3.9460714
26.0,7.0,48.0,16.309639
7.0,26.0,48.0,16.309639
26.0,7.0,49.0,-6.3531365
7.0,26.0,49.0,-6.3531365
26.0,7.0,50.0,5.799105
7.0,26.0,50.0,5.799105
26.0,7.0,51.0,1.4592158
7.0,26.0,51.0,1.4592158
26.0,7.0,52.0,-6.7522693
7.0,26.0,52.0,-6.7522693
26.0,7.0,53.0,-2.692735
7.0,26.0,53.0,-2.692735
26.0,7.0,54.0,-9.334811
7.0,26.0,54.0,-9.334811
26.0,7.0,55.0,3.5130377
7.0,26.0,55.0,3.5130377
26.0,7.0,56.0,-0.93892485
7.0,26.0,56.0,-0.93892485
26.0,7.0,57.0,0.28450888
7.0,26.0,57.0,0.28450888
26.0,7.0,58.0,-8.840446
7.0,26.0,58.0,-8.840446
26.0,7.0,59.0,-1.7946122
7.0,26.0,59.0,-1.7946122
26.0,7.0,60.0,5.2461805
7.0,26.0,60.0,5.2461805
26.0,7.0,61.0,-8.084248
7.0,26.0,61.0,-8.084248
26.0,7.0,62.0,-80.63897
7.0,26.0,62.0,-80.63897
26.0,7.0,63.0,2.7036052
7.0,26.0,63.0,2.7036052
26.0,7.0,64.0,-9.188164
7.0,26.0,64.0,-9.188164
26.0,7.0,65.0,-2.8512712
7.0,26.0,65.0,-2.8512712
26.0,7.0,66.0,-10.014181
7.0,26.0,66.0,-10.014181
26.0,7.0,67.0,30.679995
7.0,26.0,67.0,30.679995
26.0,7.0,68.0,-1.345401
7.0,26.0,68.0,-1.345401
26.0,7.0,69.0,14.044519
7.0,26.0,69.0,14.044519
26.0,8.0,38.0,9.728265
8.0,26.0,38.0,9.728265
26.0,8.0,39.0,8.786607
8.0,26.0,39.0,8.786607
26.0,8.0,40.0,7.6329436
8.0,26.0,40.0,7.6329436
26.0,8.0,41.0,12.327749
8.0,26.0,41.0,12.327749
26.0,8.0,42.0,17.750435
8.0,26.0,42.0,17.750435
26.0,8.0,43.0,5.159885
8.0,26.0,43.0,5.159885
26.0,8.0,44.0,10.113507
8.0,26.0,44.0,10.113507
26.0,8.0,45.0,11.712365
8.0,26.0,45.0,11.712365
26.0,8.0,46.0,0.19775362
8.0,26.0,46.0,0.19775362
26.0,8.0,47.0,17.543974
8.0,26.0,47.0,17.543974
26.0,8.0,48.0,5.038648
8.0,26.0,48.0,5.038648
26.0,8.0,49.0,3.095071
8.0,26.0,49.0,3.095071
26.0,8.0,50.0,6.6049128
8.0,26.0,50.0,6.6049128
26.0,8.0,51.0,1.0344797
8.0,26.0,51.0,1.0344797
26.0,8.0,52.0,12.219825
8.0,26.0,52.0,12.219825
26.0,8.0,53.0,1.4919158
8.0,26.0,53.0,1.4919158
26.0,8.0,54.0,4.785807
8.0,26.0,54.0,4.785807
26.0,8.0,55.0,13.778205
8.0,26.0,55.0,13.778205
26.0,8.0,56.0,10.939038
8.0,26.0,56.0,10.939038
26.0,8.0,57.0,12.205345
8.0,26.0,57.0,12.205345
26.0,8.0,58.0,3.6025834
8.0,26.0,58.0,3.6025834
26.0,8.0,59.0,14.536742
8.0,26.0,59.0,14.536742
26.0,8.0,60.0,4.778659
8.0,26.0,60.0,4.778659
26.0,8.0,61.0,0.77304363
8.0,26.0,61.0,0.77304363
26.0,8.0,62.0,-57.884533
8.0,26.0,62.0,-57.884533
26.0,8.0,63.0,6.0790005
8.0,26.0,63.0,6.0790005
26.0,8.0,64.0,8.130681
8.0,26.0,64.0,8.130681
26.0,8.0,65.0,4.815797
8.0,26.0,65.0,4.815797
26.0,8.0,66.0,-4.4571314
8.0,26.0,66.0,-4.4571314
26.0,8.0,67.0,21.158758
8.0,26.0,67.0,21.158758
26.0,8.0,68.0,6.8179164
8.0,26.0,68.0,6.8179164
26.0,8.0,69.0,12.74043
8.0,26.0,69.0,12.74043
26.0,9.0,38.0,9.192138
9.0,26.0,38.0,9.192138
26.0,9.0,39.0,8.011125
9.0,26.0,39.0,8.011125
26.0,9.0,40.0,7.4977875
9.0,26.0,40.0,7.4977875
26.0,9.0,41.0,-4.1794543
9.0,26.0,41.0,-4.1794543
26.0,9.0,42.0,3.2093463
9.0,26.0,42.0,3.2093463
26.0,9.0,43.0,7.238193
9.0,26.0,43.0,7.238193
26.0,9.0,44.0,5.3445125
9.0,26.0,44.0,5.3445125
26.0,9.0,45.0,9.688039
9.0,26.0,45.0,9.688039
26.0,9.0,46.0,4.670575
9.0,26.0,46.0,4.670575
26.0,9.0,47.0,4.533086
9.0,26.0,47.0,4.533086
26.0,9.0,48.0,-16.376497
9.0,26.0,48.0,-16.376497
26.0,9.0,49.0,17.490587
9.0,26.0,49.0,17.490587
26.0,9.0,50.0,3.6446357
9.0,26.0,50.0,3.6446357
26.0,9.0,51.0,-55.470264
9.0,26.0,51.0,-55.470264
26.0,9.0,52.0,0.9058174
9.0,26.0,52.0,0.9058174
26.0,9.0,53.0,9.956196
9.0,26.0,53.0,9.956196
26.0,9.0,54.0,-8.734799
9.0,26.0,54.0,-8.734799
26.0,9.0,55.0,-7.2635217
9.0,26.0,55.0,-7.2635217
26.0,9.0,56.0,3.6962295
9.0,26.0,56.0,3.6962295
26.0,9.0,57.0,-9.295071
9.0,26.0,57.0,-9.295071
26.0,9.0,58.0,18.011858
9.0,26.0,58.0,18.011858
26.0,9.0,59.0,14.159219
9.0,26.0,59.0,14.159219
26.0,9.0,60.0,11.544536
9.0,26.0,60.0,11.544536
26.0,9.0,61.0,3.318765
9.0,26.0,61.0,3.318765
26.0,9.0,62.0,9.483503
9.0,26.0,62.0,9.483503
26.0,9.0,63.0,11.059641
9.0,26.0,63.0,11.059641
26.0,9.0,64.0,7.118784
9.0,26.0,64.0,7.118784
26.0,9.0,65.0,-2.4181917
9.0,26.0,65.0,-2.4181917
26.0,9.0,66.0,6.9563255
9.0,26.0,66.0,6.9563255
26.0,9.0,67.0,14.909283
9.0,26.0,67.0,14.909283
26.0,9.0,68.0,9.1199465
9.0,26.0,68.0,9.1199465
26.0,9.0,69.0,10.632558
9.0,26.0,69.0,10.632558
26.0,10.0,38.0,15.900397
10.0,26.0,38.0,15.900397
26.0,10.0,39.0,18.656212
10.0,26.0,39.0,18.656212
26.0,10.0,40.0,1.4627542
10.0,26.0,40.0,1.4627542
26.0,10.0,41.0,14.1171
10.0,26.0,41.0,14.1171
26.0,10.0,42.0,23.484207
10.0,26.0,42.0,23.484207
26.0,10.0,43.0,-2.225502
10.0,26.0,43.0,-2.225502
26.0,10.0,44.0,0.20837955
10.0,26.0,44.0,0.20837955
26.0,10.0,45.0,4.1234226
10.0,26.0,45.0,4.1234226
26.0,10.0,46.0,2.021435
10.0,26.0,46.0,2.021435
26.0,10.0,47.0,15.704506
10.0,26.0,47.0,15.704506
26.0,10.0,48.0,8.305992
10.0,26.0,48.0,8.305992
26.0,10.0,49.0,0.84853053
10.0,26.0,49.0,0.84853053
26.0,10.0,50.0,11.605373
10.0,26.0,50.0,11.605373
26.0,10.0,51.0,-35.31199
10.0,26.0,51.0,-35.31199
26.0,10.0,52.0,12.960891
10.0,26.0,52.0,12.960891
26.0,10.0,53.0,14.518236
10.0,26.0,53.0,14.518236
26.0,10.0,54.0,3.929904
10.0,26.0,54.0,3.929904
26.0,10.0,55.0,12.953865
10.0,26.0,55.0,12.953865
26.0,10.0,56.0,0.7515517
10.0,26.0,56.0,0.7515517
26.0,10.0,57.0,6.2058353
10.0,26.0,57.0,6.2058353
26.0,10.0,58.0,16.367914
10.0,26.0,58.0,16.367914
26.0,10.0,59.0,22.843857
10.0,26.0,59.0,22.843857
26.0,10.0,60.0,21.998684
10.0,26.0,60.0,21.998684
26.0,10.0,61.0,13.79249
10.0,26.0,61.0,13.79249
26.0,10.0,62.0,9.528005
10.0,26.0,62.0,9.528005
26.0,10.0,63.0,18.50316
10.0,26.0,63.0,18.50316
26.0,10.0,64.0,12.725931
10.0,26.0,64.0,12.725931
26.0,10.0,65.0,12.555488
10.0,26.0,65.0,12.555488
26.0,10.0,66.0,5.172332
10.0,26.0,66.0,5.172332
26.0,10.0,67.0,5.9686103
10.0,26.0,67.0,5.9686103
26.0,10.0,68.0,16.671904
10.0,26.0,68.0,16.671904
26.0,10.0,69.0,8.882843
10.0,26.0,69.0,8.882843
26.0,11.0,38.0,6.7380595
11.0,26.0,38.0,6.7380595
26.0,11.0,39.0,9.920093
11.0,26.0,39.0,9.920093
26.0,11.0,40.0,-2.191357
11.0,26.0,40.0,-2.191357
26.0,11.0,41.0,7.285223
11.0,26.0,41.0,7.285223
26.0,11.0,42.0,7.413877
11.0,26.0,42.0,7.413877
26.0,11.0,43.0,-6.7813764
11.0,26.0,43.0,-6.7813764
26.0,11.0,44.0,-4.081487
11.0,26.0,44.0,-4.081487
26.0,11.0,45.0,8.032402
11.0,26.0,45.0,8.032402
26.0,11.0,46.0,-2.5727065
11.0,26.0,46.0,-2.5727065
26.0,11.0,47.0,3.2803166
11.0,26.0,47.0,3.2803166
26.0,11.0,48.0,-24.481491
11.0,26.0,48.0,-24.481491
26.0,11.0,49.0,-14.573716
11.0,26.0,49.0,-14.573716
26.0,11.0,50.0,2.5650628
11.0,26.0,50.0,2.5650628
26.0,11.0,51.0,-54.8482
11.0,26.0,51.0,-54.8482
26.0,11.0,52.0,-9.248017
11.0,26.0,52.0,-9.248017
26.0,11.0,53.0,1.855866
11.0,26.0,53.0,1.855866
26.0,11.0,54.0,-10.526342
11.0,26.0,54.0,-10.526342
26.0,11.0,55.0,4.4514427
11.0,26.0,55.0,4.4514427
26.0,11.0,56.0,10.336588
11.0,26.0,56.0,10.336588
26.0,11.0,57.0,-11.575963
11.0,26.0,57.0,-11.575963
26.0,11.0,58.0,-1.8376364
11.0,26.0,58.0,-1.8376364
26.0,11.0,59.0,4.9072075
11.0,26.0,59.0,4.9072075
26.0,11.0,60.0,-0.32186964
11.0,26.0,60.0,-0.32186964
26.0,11.0,61.0,1.7688754
11.0,26.0,61.0,1.7688754
26.0,11.0,62.0,3.7669647
11.0,26.0,62.0,3.7669647
26.0,11.0,63.0,0.7304384
11.0,26.0,63.0,0.7304384
26.0,11.0,64.0,-0.060945556
11.0,26.0,64.0,-0.060945556
26.0,11.0,65.0,4.271393
11.0,26.0,65.0,4.271393
26.0,11.0,66.0,-12.724515
11.0,26.0,66.0,-12.724515
26.0,11.0,67.0,-9.881816
11.0,26.0,67.0,-9.881816
26.0,11.0,68.0,1.3318645
11.0,26.0,68.0,1.3318645
26.0,11.0,69.0,10.988579
11.0,26.0,69.0,10.988579
26.0,12.0,38.0,1.8048954
12.0,26.0,38.0,1.8048954
26.0,12.0,39.0,9.260813
12.0,26.0,39.0,9.260813
26.0,12.0,40.0,8.998439
12.0,26.0,40.0,8.998439
26.0,12.0,41.0,3.5350285
12.0,26.0,41.0,3.5350285
26.0,12.0,42.0,12.584253
12.0,26.0,42.0,12.584253
26.0,12.0,43.0,-0.31414384
12.0,26.0,43.0,-0.31414384
26.0,12.0,44.0,3.5129828
12.0,26.0,44.0,3.5129828
26.0,12.0,45.0,16.570156
12.0,26.0,45.0,16.570156
26.0,12.0,46.0,0.7960237
12.0,26.0,46.0,0.7960237
26.0,12.0,47.0,12.430491
12.0,26.0,47.0,12.430491
26.0,12.0,48.0,-20.64347
12.0,26.0,48.0,-20.64347
26.0,12.0,49.0,0.95695955
12.0,26.0,49.0,0.95695955
26.0,12.0,50.0,2.817212
12.0,26.0,50.0,2.817212
26.0,12.0,51.0,-34.445934
12.0,26.0,51.0,-34.445934
26.0,12.0,52.0,-0.65998375
12.0,26.0,52.0,-0.65998375
26.0,12.0,53.0,-1.7886403
12.0,26.0,53.0,-1.7886403
26.0,12.0,54.0,-2.7746186
12.0,26.0,54.0,-2.7746186
26.0,12.0,55.0,2.7796404
12.0,26.0,55.0,2.7796404
26.0,12.0,56.0,4.9421225
12.0,26.0,56.0,4.9421225
26.0,12.0,57.0,0.71025723
12.0,26.0,57.0,0.71025723
26.0,12.0,58.0,10.017439
12.0,26.0,58.0,10.017439
26.0,12.0,59.0,16.32481
12.0,26.0,59.0,16.32481
26.0,12.0,60.0,-2.418032
12.0,26.0,60.0,-2.418032
26.0,12.0,61.0,4.4237666
12.0,26.0,61.0,4.4237666
26.0,12.0,62.0,14.838572
12.0,26.0,62.0,14.838572
26.0,12.0,63.0,-2.9695225
12.0,26.0,63.0,-2.9695225
26.0,12.0,64.0,8.182856
12.0,26.0,64.0,8.182856
26.0,12.0,65.0,4.198235
12.0,26.0,65.0,4.198235
26.0,12.0,66.0,-3.1947088
12.0,26.0,66.0,-3.1947088
26.0,12.0,67.0,4.929422
12.0,26.0,67.0,4.929422
26.0,12.0,68.0,8.186655
12.0,26.0,68.0,8.186655
26.0,12.0,69.0,11.649741
12.0,26.0,69.0,11.649741
26.0,13.0,38.0,32.33623
13.0,26.0,38.0,32.33623
26.0,13.0,39.0,16.295313
13.0,26.0,39.0,16.295313
26.0,13.0,40.0,12.762759
13.0,26.0,40.0,12.762759
26.0,13.0,41.0,20.627865
13.0,26.0,41.0,20.627865
26.0,13.0,42.0,9.398064
13.0,26.0,42.0,9.398064
26.0,13.0,43.0,20.517286
13.0,26.0,43.0,20.517286
26.0,13.0,44.0,15.70508
13.0,26.0,44.0,15.70508
26.0,13.0,45.0,2.5493305
13.0,26.0,45.0,2.5493305
26.0,13.0,46.0,4.9157414
13.0,26.0,46.0,4.9157414
26.0,13.0,47.0,11.810576
13.0,26.0,47.0,11.810576
26.0,13.0,48.0,15.994093
13.0,26.0,48.0,15.994093
26.0,13.0,49.0,6.877591
13.0,26.0,49.0,6.877591
26.0,13.0,50.0,17.436329
13.0,26.0,50.0,17.436329
26.0,13.0,51.0,-34.43025
13.0,26.0,51.0,-34.43025
26.0,13.0,52.0,15.859895
13.0,26.0,52.0,15.859895
26.0,13.0,53.0,10.304182
13.0,26.0,53.0,10.304182
26.0,13.0,54.0,21.73781
13.0,26.0,54.0,21.73781
26.0,13.0,55.0,8.154105
13.0,26.0,55.0,8.154105
26.0,13.0,56.0,23.65828
13.0,26.0,56.0,23.65828
26.0,13.0,57.0,9.562592
13.0,26.0,57.0,9.562592
26.0,13.0,58.0,6.7256436
13.0,26.0,58.0,6.7256436
26.0,13.0,59.0,41.301212
13.0,26.0,59.0,41.301212
26.0,13.0,60.0,23.254135
13.0,26.0,60.0,23.254135
26.0,13.0,61.0,27.331228
13.0,26.0,61.0,27.331228
26.0,13.0,62.0,28.192104
13.0,26.0,62.0,28.192104
26.0,13.0,63.0,8.516906
13.0,26.0,63.0,8.516906
26.0,13.0,64.0,28.715149
13.0,26.0,64.0,28.715149
26.0,13.0,65.0,12.137378
13.0,26.0,65.0,12.137378
26.0,13.0,66.0,12.416592
13.0,26.0,66.0,12.416592
26.0,13.0,67.0,24.178581
13.0,26.0,67.0,24.178581
26.0,13.0,68.0,12.125651
13.0,26.0,68.0,12.125651
26.0,13.0,69.0,29.671902
13.0,26.0,69.0,29.671902
26.0,14.0,38.0,24.274973
14.0,26.0,38.0,24.274973
26.0,14.0,38.0,22.770454
14.0,26.0,38.0,22.770454
26.0,14.0,39.0,9.966322
14.0,26.0,39.0,9.966322
26.0,14.0,40.0,21.58284
14.0,26.0,40.0,21.58284
26.0,14.0,40.0,22.611832
14.0,26.0,40.0,22.611832
26.0,14.0,41.0,25.934553
14.0,26.0,41.0,25.934553
26.0,14.0,41.0,49.918972
14.0,26.0,41.0,49.918972
26.0,14.0,42.0,13.13094
14.0,26.0,42.0,13.13094
26.0,14.0,42.0,2.120795
14.0,26.0,42.0,2.120795
26.0,14.0,43.0,8.812908
14.0,26.0,43.0,8.812908
26.0,14.0,43.0,1.907599
14.0,26.0,43.0,1.907599
26.0,14.0,44.0,4.143699
14.0,26.0,44.0,4.143699
26.0,14.0,44.0,-25.468376
14.0,26.0,44.0,-25.468376
26.0,14.0,45.0,11.107752
14.0,26.0,45.0,11.107752
26.0,14.0,45.0,18.796862
14.0,26.0,45.0,18.796862
26.0,14.0,46.0,3.3707292
14.0,26.0,46.0,3.3707292
26.0,14.0,47.0,8.391736
14.0,26.0,47.0,8.391736
26.0,14.0,47.0,18.471348
14.0,26.0,47.0,18.471348
26.0,14.0,48.0,3.692864
14.0,26.0,48.0,3.692864
26.0,14.0,49.0,3.298017
14.0,26.0,49.0,3.298017
26.0,14.0,49.0,3.9605277
14.0,26.0,49.0,3.9605277
26.0,14.0,50.0,43.35485
14.0,26.0,50.0,43.35485
26.0,14.0,51.0,-28.69135
14.0,26.0,51.0,-28.69135
26.0,14.0,52.0,10.286878
14.0,26.0,52.0,10.286878
26.0,14.0,52.0,17.794909
14.0,26.0,52.0,17.794909
26.0,14.0,53.0,3.0637023
14.0,26.0,53.0,3.0637023
26.0,14.0,53.0,22.21325
14.0,26.0,53.0,22.21325
26.0,14.0,54.0,2.9641514
14.0,26.0,54.0,2.9641514
26.0,14.0,54.0,-0.051990252
14.0,26.0,54.0,-0.051990252
26.0,14.0,55.0,18.305906
14.0,26.0,55.0,18.305906
26.0,14.0,56.0,58.849648
14.0,26.0,56.0,58.849648
26.0,14.0,57.0,3.1552002
14.0,26.0,57.0,3.1552002
26.0,14.0,58.0,10.105132
14.0,26.0,58.0,10.105132
26.0,14.0,59.0,1.3643885
14.0,26.0,59.0,1.3643885
26.0,14.0,59.0,16.374577
14.0,26.0,59.0,16.374577
26.0,14.0,60.0,18.42286
14.0,26.0,60.0,18.42286
26.0,14.0,61.0,4.9236207
14.0,26.0,61.0,4.9236207
26.0,14.0,62.0,-81.441284
14.0,26.0,62.0,-81.441284
26.0,14.0,63.0,16.984903
14.0,26.0,63.0,16.984903
26.0,14.0,64.0,5.559655
14.0,26.0,64.0,5.559655
26.0,14.0,65.0,9.545061
14.0,26.0,65.0,9.545061
26.0,14.0,65.0,4.951958
14.0,26.0,65.0,4.951958
26.0,14.0,66.0,-20.526583
14.0,26.0,66.0,-20.526583
26.0,14.0,67.0,2.4581985
14.0,26.0,67.0,2.4581985
26.0,14.0,68.0,6.626082
14.0,26.0,68.0,6.626082
26.0,14.0,69.0,10.868915
14.0,26.0,69.0,10.868915
26.0,15.0,38.0,2.2648346
15.0,26.0,38.0,2.2648346
26.0,15.0,39.0,24.61015
15.0,26.0,39.0,24.61015
26.0,15.0,40.0,-1.7928723
15.0,26.0,40.0,-1.7928723
26.0,15.0,41.0,16.518528
15.0,26.0,41.0,16.518528
26.0,15.0,42.0,3.6824832
15.0,26.0,42.0,3.6824832
26.0,15.0,43.0,-3.0348942
15.0,26.0,43.0,-3.0348942
26.0,15.0,44.0,2.8147383
15.0,26.0,44.0,2.8147383
26.0,15.0,45.0,18.32121
15.0,26.0,45.0,18.32121
26.0,15.0,46.0,9.118874
15.0,26.0,46.0,9.118874
26.0,15.0,47.0,3.1505895
15.0,26.0,47.0,3.1505895
26.0,15.0,48.0,1.6456703
15.0,26.0,48.0,1.6456703
26.0,15.0,49.0,-6.245195
15.0,26.0,49.0,-6.245195
26.0,15.0,50.0,9.358068
15.0,26.0,50.0,9.358068
26.0,15.0,51.0,22.033028
15.0,26.0,51.0,22.033028
26.0,15.0,52.0,4.325373
15.0,26.0,52.0,4.325373
26.0,15.0,53.0,3.0974503
15.0,26.0,53.0,3.0974503
26.0,15.0,54.0,4.262708
15.0,26.0,54.0,4.262708
26.0,15.0,55.0,-1.1429155
15.0,26.0,55.0,-1.1429155
26.0,15.0,56.0,16.915321
15.0,26.0,56.0,16.915321
26.0,15.0,57.0,-6.56699
15.0,26.0,57.0,-6.56699
26.0,15.0,58.0,24.686604
15.0,26.0,58.0,24.686604
26.0,15.0,59.0,8.06426
15.0,26.0,59.0,8.06426
26.0,15.0,60.0,9.4451475
15.0,26.0,60.0,9.4451475
26.0,15.0,61.0,0.6327841
15.0,26.0,61.0,0.6327841
26.0,15.0,62.0,-144.40166
15.0,26.0,62.0,-144.40166
26.0,15.0,63.0,-5.4245534
15.0,26.0,63.0,-5.4245534
26.0,15.0,64.0,2.8529332
15.0,26.0,64.0,2.8529332
26.0,15.0,65.0,2.3472548
15.0,26.0,65.0,2.3472548
26.0,15.0,66.0,0.9460961
15.0,26.0,66.0,0.9460961
26.0,15.0,67.0,46.99658
15.0,26.0,67.0,46.99658
26.0,15.0,68.0,-3.4432323
15.0,26.0,68.0,-3.4432323
26.0,15.0,69.0,11.43503
15.0,26.0,69.0,11.43503
26.0,16.0,38.0,1.4874562
16.0,26.0,38.0,1.4874562
26.0,16.0,39.0,2.0773184
16.0,26.0,39.0,2.0773184
26.0,16.0,40.0,1.3124467
16.0,26.0,40.0,1.3124467
26.0,16.0,41.0,2.8662195
16.0,26.0,41.0,2.8662195
26.0,16.0,42.0,3.407346
16.0,26.0,42.0,3.407346
26.0,16.0,43.0,-9.022149
16.0,26.0,43.0,-9.022149
26.0,16.0,44.0,0.12668008
16.0,26.0,44.0,0.12668008
26.0,16.0,45.0,-1.9550254
16.0,26.0,45.0,-1.9550254
26.0,16.0,46.0,4.4595027
16.0,26.0,46.0,4.4595027
26.0,16.0,47.0,-3.551611
16.0,26.0,47.0,-3.551611
26.0,16.0,48.0,-13.390347
16.0,26.0,48.0,-13.390347
26.0,16.0,49.0,-13.815344
16.0,26.0,49.0,-13.815344
26.0,16.0,50.0,-4.304317
16.0,26.0,50.0,-4.304317
26.0,16.0,51.0,-13.503514
16.0,26.0,51.0,-13.503514
26.0,16.0,52.0,-2.5001497
16.0,26.0,52.0,-2.5001497
26.0,16.0,53.0,-3.7688231
16.0,26.0,53.0,-3.7688231
26.0,16.0,54.0,-1.286811
16.0,26.0,54.0,-1.286811
26.0,16.0,55.0,5.2868013
16.0,26.0,55.0,5.2868013
26.0,16.0,56.0,1.3100945
16.0,26.0,56.0,1.3100945
26.0,16.0,57.0,2.4168372
16.0,26.0,57.0,2.4168372
26.0,16.0,58.0,-18.315474
16.0,26.0,58.0,-18.315474
26.0,16.0,59.0,4.9572825
16.0,26.0,59.0,4.9572825
26.0,16.0,60.0,1.8835839
16.0,26.0,60.0,1.8835839
26.0,16.0,61.0,-5.0414724
16.0,26.0,61.0,-5.0414724
26.0,16.0,62.0,2.1200283
16.0,26.0,62.0,2.1200283
26.0,16.0,63.0,0.28515446
16.0,26.0,63.0,0.28515446
26.0,16.0,64.0,10.236336
16.0,26.0,64.0,10.236336
26.0,16.0,65.0,0.5741527
16.0,26.0,65.0,0.5741527
26.0,16.0,66.0,-8.608962
16.0,26.0,66.0,-8.608962
26.0,16.0,67.0,-4.531378
16.0,26.0,67.0,-4.531378
26.0,16.0,68.0,0.3264493
16.0,26.0,68.0,0.3264493
26.0,16.0,69.0,1.4443077
16.0,26.0,69.0,1.4443077
26.0,17.0,38.0,9.62162
17.0,26.0,38.0,9.62162
26.0,17.0,39.0,9.700986
17.0,26.0,39.0,9.700986
26.0,17.0,40.0,7.3510485
17.0,26.0,40.0,7.3510485
26.0,17.0,41.0,8.210706
17.0,26.0,41.0,8.210706
26.0,17.0,42.0,14.823024
17.0,26.0,42.0,14.823024
26.0,17.0,43.0,-3.1959367
17.0,26.0,43.0,-3.1959367
26.0,17.0,44.0,14.413821
17.0,26.0,44.0,14.413821
26.0,17.0,45.0,7.3327837
17.0,26.0,45.0,7.3327837
26.0,17.0,46.0,4.677389
17.0,26.0,46.0,4.677389
26.0,17.0,47.0,3.3790464
17.0,26.0,47.0,3.3790464
26.0,17.0,48.0,-6.200837
17.0,26.0,48.0,-6.200837
26.0,17.0,49.0,2.0823102
17.0,26.0,49.0,2.0823102
26.0,17.0,50.0,5.231389
17.0,26.0,50.0,5.231389
26.0,17.0,51.0,-19.193373
17.0,26.0,51.0,-19.193373
26.0,17.0,52.0,4.3740377
17.0,26.0,52.0,4.3740377
26.0,17.0,53.0,5.838628
17.0,26.0,53.0,5.838628
26.0,17.0,54.0,3.1416707
17.0,26.0,54.0,3.1416707
26.0,17.0,55.0,5.810341
17.0,26.0,55.0,5.810341
26.0,17.0,56.0,8.998466
17.0,26.0,56.0,8.998466
26.0,17.0,57.0,3.6643586
17.0,26.0,57.0,3.6643586
26.0,17.0,58.0,7.2364783
17.0,26.0,58.0,7.2364783
26.0,17.0,59.0,12.456252
17.0,26.0,59.0,12.456252
26.0,17.0,60.0,7.996355
17.0,26.0,60.0,7.996355
26.0,17.0,61.0,-1.3432611
17.0,26.0,61.0,-1.3432611
26.0,17.0,62.0,3.6671653
17.0,26.0,62.0,3.6671653
26.0,17.0,63.0,11.902615
17.0,26.0,63.0,11.902615
26.0,17.0,64.0,18.264385
17.0,26.0,64.0,18.264385
26.0,17.0,65.0,6.859498
17.0,26.0,65.0,6.859498
26.0,17.0,66.0,-4.901837
17.0,26.0,66.0,-4.901837
26.0,17.0,67.0,8.9411545
17.0,26.0,67.0,8.9411545
26.0,17.0,68.0,8.795688
17.0,26.0,68.0,8.795688
26.0,17.0,69.0,12.483799
17.0,26.0,69.0,12.483799
26.0,18.0,38.0,2.774369
18.0,26.0,38.0,2.774369
26.0,18.0,39.0,-0.60435283
18.0,26.0,39.0,-0.60435283
26.0,18.0,40.0,-15.9833355
18.0,26.0,40.0,-15.9833355
26.0,18.0,41.0,18.36102
18.0,26.0,41.0,18.36102
26.0,18.0,42.0,8.622679
18.0,26.0,42.0,8.622679
26.0,18.0,43.0,-39.717163
18.0,26.0,43.0,-39.717163
26.0,18.0,44.0,3.4256072
18.0,26.0,44.0,3.4256072
26.0,18.0,45.0,-15.663092
18.0,26.0,45.0,-15.663092
26.0,18.0,46.0,-24.286518
18.0,26.0,46.0,-24.286518
26.0,18.0,47.0,-13.178121
18.0,26.0,47.0,-13.178121
26.0,18.0,48.0,-16.146086
18.0,26.0,48.0,-16.146086
26.0,18.0,49.0,-17.96614
18.0,26.0,49.0,-17.96614
26.0,18.0,50.0,7.546525
18.0,26.0,50.0,7.546525
26.0,18.0,51.0,-8.452318
18.0,26.0,51.0,-8.452318
26.0,18.0,52.0,-16.136114
18.0,26.0,52.0,-16.136114
26.0,18.0,53.0,-4.9764338
18.0,26.0,53.0,-4.9764338
26.0,18.0,54.0,-22.418581
18.0,26.0,54.0,-22.418581
26.0,18.0,55.0,2.015514
18.0,26.0,55.0,2.015514
26.0,18.0,56.0,-15.121401
18.0,26.0,56.0,-15.121401
26.0,18.0,57.0,-8.734578
18.0,26.0,57.0,-8.734578
26.0,18.0,58.0,4.2532573
18.0,26.0,58.0,4.2532573
26.0,18.0,59.0,5.8859267
18.0,26.0,59.0,5.8859267
26.0,18.0,60.0,-9.32343
18.0,26.0,60.0,-9.32343
26.0,18.0,61.0,0.47054535
18.0,26.0,61.0,0.47054535
26.0,18.0,62.0,-55.96578
18.0,26.0,62.0,-55.96578
26.0,18.0,63.0,5.04754
18.0,26.0,63.0,5.04754
26.0,18.0,64.0,-4.021491
18.0,26.0,64.0,-4.021491
26.0,18.0,65.0,4.8401732
18.0,26.0,65.0,4.8401732
26.0,18.0,66.0,-44.617897
18.0,26.0,66.0,-44.617897
26.0,18.0,67.0,-31.489166
18.0,26.0,67.0,-31.489166
26.0,18.0,68.0,-11.968624
18.0,26.0,68.0,-11.968624
26.0,18.0,69.0,-2.7295163
18.0,26.0,69.0,-2.7295163
26.0,19.0,38.0,-5.5081196
19.0,26.0,38.0,-5.5081196
26.0,19.0,39.0,-3.8484013
19.0,26.0,39.0,-3.8484013
26.0,19.0,40.0,0.36946714
19.0,26.0,40.0,0.36946714
26.0,19.0,41.0,-31.94693
19.0,26.0,41.0,-31.94693
26.0,19.0,42.0,5.3754454
19.0,26.0,42.0,5.3754454
26.0,19.0,43.0,0.24869412
19.0,26.0,43.0,0.24869412
26.0,19.0,44.0,-1.6898167
19.0,26.0,44.0,-1.6898167
26.0,19.0,45.0,-8.735906
19.0,26.0,45.0,-8.735906
26.0,19.0,46.0,-4.394726
19.0,26.0,46.0,-4.394726
26.0,19.0,47.0,-1.427684
19.0,26.0,47.0,-1.427684
26.0,19.0,48.0,7.7488785
19.0,26.0,48.0,7.7488785
26.0,19.0,49.0,-8.398048
19.0,26.0,49.0,-8.398048
26.0,19.0,50.0,4.860442
19.0,26.0,50.0,4.860442
26.0,19.0,51.0,9.244861
19.0,26.0,51.0,9.244861
26.0,19.0,52.0,0.6313038
19.0,26.0,52.0,0.6313038
26.0,19.0,53.0,10.65627
19.0,26.0,53.0,10.65627
26.0,19.0,54.0,-15.105677
19.0,26.0,54.0,-15.105677
26.0,19.0,55.0,-7.702953
19.0,26.0,55.0,-7.702953
26.0,19.0,56.0,-7.8034973
19.0,26.0,56.0,-7.8034973
26.0,19.0,57.0,-0.21026824
19.0,26.0,57.0,-0.21026824
26.0,19.0,58.0,3.6178868
19.0,26.0,58.0,3.6178868
26.0,19.0,59.0,-2.2468805
19.0,26.0,59.0,-2.2468805
26.0,19.0,60.0,11.048341
19.0,26.0,60.0,11.048341
26.0,19.0,61.0,-0.24063818
19.0,26.0,61.0,-0.24063818
26.0,19.0,62.0,-4.880398
19.0,26.0,62.0,-4.880398
26.0,19.0,63.0,14.062163
19.0,26.0,63.0,14.062163
26.0,19.0,64.0,5.7029552
19.0,26.0,64.0,5.7029552
26.0,19.0,65.0,-17.228004
19.0,26.0,65.0,-17.228004
26.0,19.0,66.0,-3.5321584
19.0,26.0,66.0,-3.5321584
26.0,19.0,67.0,7.530008
19.0,26.0,67.0,7.530008
26.0,19.0,68.0,3.9324234
19.0,26.0,68.0,3.9324234
26.0,19.0,69.0,22.995655
19.0,26.0,69.0,22.995655
0.0,2.0,38.0,24.07097
2.0,0.0,38.0,24.07097
0.0,2.0,39.0,29.439714
2.0,0.0,39.0,29.439714
0.0,2.0,40.0,26.777027
2.0,0.0,40.0,26.777027
0.0,2.0,41.0,14.167829
2.0,0.0,41.0,14.167829
0.0,2.0,42.0,23.552896
2.0,0.0,42.0,23.552896
0.0,2.0,43.0,24.83457
2.0,0.0,43.0,24.83457
0.0,2.0,44.0,12.51769
2.0,0.0,44.0,12.51769
0.0,2.0,45.0,18.26293
2.0,0.0,45.0,18.26293
0.0,2.0,46.0,19.908066
2.0,0.0,46.0,19.908066
0.0,2.0,47.0,24.145771
2.0,0.0,47.0,24.145771
0.0,2.0,48.0,78.70409
2.0,0.0,48.0,78.70409
0.0,2.0,49.0,19.445347
2.0,0.0,49.0,19.445347
0.0,2.0,50.0,24.117373
2.0,0.0,50.0,24.117373
0.0,2.0,51.0,42.00615
2.0,0.0,51.0,42.00615
0.0,2.0,52.0,14.775142
2.0,0.0,52.0,14.775142
0.0,2.0,53.0,19.411095
2.0,0.0,53.0,19.411095
0.0,2.0,54.0,4.101419
2.0,0.0,54.0,4.101419
0.0,2.0,55.0,24.980755
2.0,0.0,55.0,24.980755
0.0,2.0,56.0,28.490517
2.0,0.0,56.0,28.490517
0.0,2.0,57.0,16.978958
2.0,0.0,57.0,16.978958
0.0,2.0,58.0,21.713053
2.0,0.0,58.0,21.713053
0.0,2.0,59.0,26.416965
2.0,0.0,59.0,26.416965
0.0,2.0,60.0,14.537752
2.0,0.0,60.0,14.537752
0.0,2.0,61.0,27.956886
2.0,0.0,61.0,27.956886
0.0,2.0,62.0,29.52276
2.0,0.0,62.0,29.52276
0.0,2.0,63.0,19.591335
2.0,0.0,63.0,19.591335
0.0,2.0,64.0,6.379875
2.0,0.0,64.0,6.379875
0.0,2.0,65.0,17.592964
2.0,0.0,65.0,17.592964
0.0,2.0,66.0,23.289598
2.0,0.0,66.0,23.289598
0.0,2.0,67.0,117.00128
2.0,0.0,67.0,117.00128
0.0,2.0,68.0,19.834307
2.0,0.0,68.0,19.834307
0.0,2.0,69.0,18.574247
2.0,0.0,69.0,18.574247
0.0,5.0,38.0,11.148722
5.0,0.0,38.0,11.148722
0.0,5.0,39.0,5.383443
5.0,0.0,39.0,5.383443
0.0,5.0,40.0,3.908807
5.0,0.0,40.0,3.908807
0.0,5.0,41.0,4.700396
5.0,0.0,41.0,4.700396
0.0,5.0,42.0,4.920735
5.0,0.0,42.0,4.920735
0.0,5.0,43.0,10.967649
5.0,0.0,43.0,10.967649
0.0,5.0,44.0,5.549441
5.0,0.0,44.0,5.549441
0.0,5.0,45.0,4.972605
5.0,0.0,45.0,4.972605
0.0,5.0,46.0,-1.2941638
5.0,0.0,46.0,-1.2941638
0.0,5.0,47.0,6.953407
5.0,0.0,47.0,6.953407
0.0,5.0,48.0,44.930176
5.0,0.0,48.0,44.930176
0.0,5.0,49.0,5.174003
5.0,0.0,49.0,5.174003
0.0,5.0,50.0,6.4474144
5.0,0.0,50.0,6.4474144
0.0,5.0,51.0,9.601189
5.0,0.0,51.0,9.601189
0.0,5.0,52.0,9.421937
5.0,0.0,52.0,9.421937
0.0,5.0,53.0,11.67454
5.0,0.0,53.0,11.67454
0.0,5.0,54.0,11.970768
5.0,0.0,54.0,11.970768
0.0,5.0,55.0,0.056253254
5.0,0.0,55.0,0.056253254
0.0,5.0,56.0,11.263472
5.0,0.0,56.0,11.263472
0.0,5.0,57.0,-7.962885
5.0,0.0,57.0,-7.962885
0.0,5.0,58.0,17.277206
5.0,0.0,58.0,17.277206
0.0,5.0,59.0,4.692754
5.0,0.0,59.0,4.692754
0.0,5.0,60.0,7.5137796
5.0,0.0,60.0,7.5137796
0.0,5.0,61.0,18.16916
5.0,0.0,61.0,18.16916
0.0,5.0,62.0,7.3363543
5.0,0.0,62.0,7.3363543
0.0,5.0,63.0,14.398927
5.0,0.0,63.0,14.398927
0.0,5.0,64.0,5.2268357
5.0,0.0,64.0,5.2268357
0.0,5.0,65.0,1.2472249
5.0,0.0,65.0,1.2472249
0.0,5.0,66.0,-5.389242
5.0,0.0,66.0,-5.389242
0.0,5.0,67.0,-24.15595
5.0,0.0,67.0,-24.15595
0.0,5.0,68.0,3.6130085
5.0,0.0,68.0,3.6130085
0.0,5.0,69.0,10.320333
5.0,0.0,69.0,10.320333
0.0,7.0,38.0,22.669722
7.0,0.0,38.0,22.669722
0.0,7.0,39.0,11.093231
7.0,0.0,39.0,11.093231
0.0,7.0,40.0,11.680039
7.0,0.0,40.0,11.680039
0.0,7.0,41.0,7.516237
7.0,0.0,41.0,7.516237
0.0,7.0,42.0,0.48637995
7.0,0.0,42.0,0.48637995
0.0,7.0,43.0,11.404828
7.0,0.0,43.0,11.404828
0.0,7.0,44.0,0.33788273
7.0,0.0,44.0,0.33788273
0.0,7.0,45.0,22.972162
7.0,0.0,45.0,22.972162
0.0,7.0,46.0,2.9857614
7.0,0.0,46.0,2.9857614
0.0,7.0,47.0,-4.7829814
7.0,0.0,47.0,-4.7829814
0.0,7.0,48.0,26.088465
7.0,0.0,48.0,26.088465
0.0,7.0,49.0,13.068139
7.0,0.0,49.0,13.068139
0.0,7.0,50.0,17.350342
7.0,0.0,50.0,17.350342
0.0,7.0,51.0,16.396145
7.0,0.0,51.0,16.396145
0.0,7.0,52.0,-5.2618065
7.0,0.0,52.0,-5.2618065
0.0,7.0,53.0,6.877978
7.0,0.0,53.0,6.877978
0.0,7.0,54.0,-6.2331057
7.0,0.0,54.0,-6.2331057
0.0,7.0,55.0,-1.9574988
7.0,0.0,55.0,-1.9574988
0.0,7.0,56.0,31.717628
7.0,0.0,56.0,31.717628
0.0,7.0,57.0,-8.587739
7.0,0.0,57.0,-8.587739
0.0,7.0,58.0,20.489553
7.0,0.0,58.0,20.489553
0.0,7.0,59.0,10.545121
7.0,0.0,59.0,10.545121
0.0,7.0,60.0,33.83148
7.0,0.0,60.0,33.83148
0.0,7.0,61.0,0.64656895
7.0,0.0,61.0,0.64656895
0.0,7.0,62.0,30.341894
7.0,0.0,62.0,30.341894
0.0,7.0,63.0,7.8085165
7.0,0.0,63.0,7.8085165
0.0,7.0,64.0,-10.746563
7.0,0.0,64.0,-10.746563
0.0,7.0,65.0,-15.0026455
7.0,0.0,65.0,-15.0026455
0.0,7.0,66.0,6.088915
7.0,0.0,66.0,6.088915
0.0,7.0,67.0,-27.253817
7.0,0.0,67.0,-27.253817
0.0,7.0,68.0,4.172844
7.0,0.0,68.0,4.172844
0.0,7.0,69.0,10.280904
7.0,0.0,69.0,10.280904
0.0,13.0,38.0,24.760006
13.0,0.0,38.0,24.760006
0.0,13.0,39.0,6.3782344
13.0,0.0,39.0,6.3782344
0.0,13.0,40.0,0.87705487
13.0,0.0,40.0,0.87705487
0.0,13.0,41.0,0.8055996
13.0,0.0,41.0,0.8055996
0.0,13.0,42.0,-5.488461
13.0,0.0,42.0,-5.488461
0.0,13.0,43.0,30.331804
13.0,0.0,43.0,30.331804
0.0,13.0,44.0,-1.2805994
13.0,0.0,44.0,-1.2805994
0.0,13.0,45.0,-5.4541173
13.0,0.0,45.0,-5.4541173
0.0,13.0,46.0,-6.7340918
13.0,0.0,46.0,-6.7340918
0.0,13.0,47.0,5.079119
13.0,0.0,47.0,5.079119
0.0,13.0,48.0,-1.7733723
13.0,0.0,48.0,-1.7733723
0.0,13.0,49.0,6.9283137
13.0,0.0,49.0,6.9283137
0.0,13.0,50.0,6.985027
13.0,0.0,50.0,6.985027
0.0,13.0,51.0,75.52805
13.0,0.0,51.0,75.52805
0.0,13.0,52.0,-9.167663
13.0,0.0,52.0,-9.167663
0.0,13.0,53.0,7.5032077
13.0,0.0,53.0,7.5032077
0.0,13.0,54.0,10.10258
13.0,0.0,54.0,10.10258
0.0,13.0,55.0,13.264905
13.0,0.0,55.0,13.264905
0.0,13.0,56.0,10.12291
13.0,0.0,56.0,10.12291
0.0,13.0,57.0,-0.7602999
13.0,0.0,57.0,-0.7602999
0.0,13.0,58.0,14.239977
13.0,0.0,58.0,14.239977
0.0,13.0,59.0,5.0123487
13.0,0.0,59.0,5.0123487
0.0,13.0,60.0,3.3465667
13.0,0.0,60.0,3.3465667
0.0,13.0,61.0,12.773634
13.0,0.0,61.0,12.773634
0.0,13.0,62.0,-0.26586476
13.0,0.0,62.0,-0.26586476
0.0,13.0,63.0,9.026282
13.0,0.0,63.0,9.026282
0.0,13.0,64.0,7.7160816
13.0,0.0,64.0,7.7160816
0.0,13.0,65.0,1.0165238
13.0,0.0,65.0,1.0165238
0.0,13.0,66.0,-16.01122
13.0,0.0,66.0,-16.01122
0.0,13.0,67.0,16.070541
13.0,0.0,67.0,16.070541
0.0,13.0,68.0,4.0469847
13.0,0.0,68.0,4.0469847
0.0,13.0,69.0,-2.5656414
13.0,0.0,69.0,-2.5656414
0.0,14.0,38.0,15.45872
14.0,0.0,38.0,15.45872
0.0,14.0,39.0,8.004421
14.0,0.0,39.0,8.004421
0.0,14.0,40.0,1.3946229
14.0,0.0,40.0,1.3946229
0.0,14.0,41.0,-4.883183
14.0,0.0,41.0,-4.883183
0.0,14.0,42.0,7.757709
14.0,0.0,42.0,7.757709
0.0,14.0,43.0,-2.9596918
14.0,0.0,43.0,-2.9596918
0.0,14.0,44.0,-17.172024
14.0,0.0,44.0,-17.172024
0.0,14.0,45.0,3.6021402
14.0,0.0,45.0,3.6021402
0.0,14.0,46.0,-51.21988
14.0,0.0,46.0,-51.21988
0.0,14.0,47.0,-1.9575887
14.0,0.0,47.0,-1.9575887
0.0,14.0,48.0,-40.59942
14.0,0.0,48.0,-40.59942
0.0,14.0,49.0,1.0669123
14.0,0.0,49.0,1.0669123
0.0,14.0,50.0,9.026411
14.0,0.0,50.0,9.026411
0.0,14.0,51.0,10.662503
14.0,0.0,51.0,10.662503
0.0,14.0,52.0,-3.2639425
14.0,0.0,52.0,-3.2639425
0.0,14.0,53.0,-7.6007347
14.0,0.0,53.0,-7.6007347
0.0,14.0,54.0,-7.79422
14.0,0.0,54.0,-7.79422
0.0,14.0,55.0,-2.5546775
14.0,0.0,55.0,-2.5546775
0.0,14.0,56.0,12.81805
14.0,0.0,56.0,12.81805
0.0,14.0,57.0,0.6173089
14.0,0.0,57.0,0.6173089
0.0,14.0,58.0,1.9785867
14.0,0.0,58.0,1.9785867
0.0,14.0,59.0,7.4395747
14.0,0.0,59.0,7.4395747
0.0,14.0,60.0,-0.017228749
14.0,0.0,60.0,-0.017228749
0.0,14.0,61.0,-0.94476175
14.0,0.0,61.0,-0.94476175
0.0,14.0,62.0,-2.321165
14.0,0.0,62.0,-2.321165
0.0,14.0,63.0,-1.408604
14.0,0.0,63.0,-1.408604
0.0,14.0,64.0,1.2940699
14.0,0.0,64.0,1.2940699
0.0,14.0,65.0,0.06259025
14.0,0.0,65.0,0.06259025
0.0,14.0,66.0,-85.53233
14.0,0.0,66.0,-85.53233
0.0,14.0,67.0,6.1200876
14.0,0.0,67.0,6.1200876
0.0,14.0,68.0,1.060457
14.0,0.0,68.0,1.060457
0.0,14.0,69.0,-9.269693
14.0,0.0,69.0,-9.269693
0.0,20.0,38.0,4.9360375
20.0,0.0,38.0,4.9360375
0.0,20.0,39.0,-3.3864398
20.0,0.0,39.0,-3.3864398
0.0,20.0,40.0,-9.9987755
20.0,0.0,40.0,-9.9987755
0.0,20.0,41.0,-18.915916
20.0,0.0,41.0,-18.915916
0.0,20.0,42.0,3.9699092
20.0,0.0,42.0,3.9699092
0.0,20.0,43.0,0.24503869
20.0,0.0,43.0,0.24503869
0.0,20.0,44.0,-16.822132
20.0,0.0,44.0,-16.822132
0.0,20.0,45.0,9.342016
20.0,0.0,45.0,9.342016
0.0,20.0,46.0,-25.656551
20.0,0.0,46.0,-25.656551
0.0,20.0,47.0,-6.3173056
20.0,0.0,47.0,-6.3173056
0.0,20.0,48.0,-27.21438
20.0,0.0,48.0,-27.21438
0.0,20.0,49.0,-22.774477
20.0,0.0,49.0,-22.774477
0.0,20.0,50.0,-6.5332923
20.0,0.0,50.0,-6.5332923
0.0,20.0,51.0,10.52281
20.0,0.0,51.0,10.52281
0.0,20.0,52.0,-17.387783
20.0,0.0,52.0,-17.387783
0.0,20.0,53.0,0.076455824
20.0,0.0,53.0,0.076455824
0.0,20.0,54.0,-22.075094
20.0,0.0,54.0,-22.075094
0.0,20.0,55.0,-8.750954
20.0,0.0,55.0,-8.750954
0.0,20.0,56.0,18.958715
20.0,0.0,56.0,18.958715
0.0,20.0,57.0,-27.749136
20.0,0.0,57.0,-27.749136
0.0,20.0,58.0,-3.2084363
20.0,0.0,58.0,-3.2084363
0.0,20.0,59.0,-24.694613
20.0,0.0,59.0,-24.694613
0.0,20.0,60.0,0.64227676
20.0,0.0,60.0,0.64227676
0.0,20.0,61.0,-26.722586
20.0,0.0,61.0,-26.722586
0.0,20.0,62.0,2.083928
20.0,0.0,62.0,2.083928
0.0,20.0,63.0,-13.380607
20.0,0.0,63.0,-13.380607
0.0,20.0,64.0,-4.5791345
20.0,0.0,64.0,-4.5791345
0.0,20.0,65.0,2.6793458
20.0,0.0,65.0,2.6793458
0.0,20.0,66.0,-9.044801
20.0,0.0,66.0,-9.044801
0.0,20.0,67.0,-34.677944
20.0,0.0,67.0,-34.677944
0.0,20.0,68.0,-19.83371
20.0,0.0,68.0,-19.83371
0.0,20.0,69.0,-5.1372585
20.0,0.0,69.0,-5.1372585
0.0,21.0,38.0,37.19755
21.0,0.0,38.0,37.19755
0.0,21.0,39.0,27.443163
21.0,0.0,39.0,27.443163
0.0,21.0,40.0,29.45916
21.0,0.0,40.0,29.45916
0.0,21.0,41.0,9.856496
21.0,0.0,41.0,9.856496
0.0,21.0,42.0,8.341075
21.0,0.0,42.0,8.341075
0.0,21.0,43.0,30.14978
21.0,0.0,43.0,30.14978
0.0,21.0,44.0,4.0988107
21.0,0.0,44.0,4.0988107
0.0,21.0,45.0,23.425915
21.0,0.0,45.0,23.425915
0.0,21.0,46.0,8.145455
21.0,0.0,46.0,8.145455
0.0,21.0,47.0,9.541749
21.0,0.0,47.0,9.541749
0.0,21.0,48.0,28.688902
21.0,0.0,48.0,28.688902
0.0,21.0,49.0,-6.5826235
21.0,0.0,49.0,-6.5826235
0.0,21.0,50.0,18.221447
21.0,0.0,50.0,18.221447
0.0,21.0,51.0,21.467943
21.0,0.0,51.0,21.467943
0.0,21.0,52.0,4.1880746
21.0,0.0,52.0,4.1880746
0.0,21.0,53.0,21.390446
21.0,0.0,53.0,21.390446
0.0,21.0,54.0,16.483929
21.0,0.0,54.0,16.483929
0.0,21.0,55.0,12.929039
21.0,0.0,55.0,12.929039
0.0,21.0,56.0,33.429
21.0,0.0,56.0,33.429
0.0,21.0,57.0,19.59452
21.0,0.0,57.0,19.59452
0.0,21.0,58.0,33.01383
21.0,0.0,58.0,33.01383
0.0,21.0,59.0,31.166704
21.0,0.0,59.0,31.166704
0.0,21.0,60.0,30.53249
21.0,0.0,60.0,30.53249
0.0,21.0,61.0,23.870632
21.0,0.0,61.0,23.870632
0.0,21.0,62.0,29.650524
21.0,0.0,62.0,29.650524
0.0,21.0,63.0,20.086752
21.0,0.0,63.0,20.086752
0.0,21.0,64.0,6.2637463
21.0,0.0,64.0,6.2637463
0.0,21.0,65.0,17.885221
21.0,0.0,65.0,17.885221
0.0,21.0,66.0,7.0443153
21.0,0.0,66.0,7.0443153
0.0,21.0,67.0,39.832314
21.0,0.0,67.0,39.832314
0.0,21.0,68.0,24.96545
21.0,0.0,68.0,24.96545
0.0,21.0,69.0,-8.532292
21.0,0.0,69.0,-8.532292
0.0,16.0,38.0,36.196167
16.0,0.0,38.0,36.196167
0.0,16.0,39.0,8.258155
16.0,0.0,39.0,8.258155
0.0,16.0,40.0,16.669546
16.0,0.0,40.0,16.669546
0.0,16.0,41.0,11.931705
16.0,0.0,41.0,11.931705
0.0,16.0,42.0,4.6002226
16.0,0.0,42.0,4.6002226
0.0,16.0,43.0,9.930042
16.0,0.0,43.0,9.930042
0.0,16.0,44.0,7.0620985
16.0,0.0,44.0,7.0620985
0.0,16.0,45.0,11.833038
16.0,0.0,45.0,11.833038
0.0,16.0,46.0,10.741088
16.0,0.0,46.0,10.741088
0.0,16.0,47.0,3.7773132
16.0,0.0,47.0,3.7773132
0.0,16.0,48.0,3.4828877
16.0,0.0,48.0,3.4828877
0.0,16.0,49.0,2.735997
16.0,0.0,49.0,2.735997
0.0,16.0,50.0,-0.6022609
16.0,0.0,50.0,-0.6022609
0.0,16.0,51.0,-6.859832
16.0,0.0,51.0,-6.859832
0.0,16.0,52.0,0.051559906
16.0,0.0,52.0,0.051559906
0.0,16.0,53.0,16.502216
16.0,0.0,53.0,16.502216
0.0,16.0,54.0,13.689256
16.0,0.0,54.0,13.689256
0.0,16.0,55.0,13.65742
16.0,0.0,55.0,13.65742
0.0,16.0,56.0,18.458408
16.0,0.0,56.0,18.458408
0.0,16.0,57.0,5.7764907
16.0,0.0,57.0,5.7764907
0.0,16.0,58.0,-4.8569937
16.0,0.0,58.0,-4.8569937
0.0,16.0,59.0,15.121683
16.0,0.0,59.0,15.121683
0.0,16.0,60.0,24.382158
16.0,0.0,60.0,24.382158
0.0,16.0,61.0,10.404546
16.0,0.0,61.0,10.404546
0.0,16.0,62.0,5.775952
16.0,0.0,62.0,5.775952
0.0,16.0,63.0,17.417948
16.0,0.0,63.0,17.417948
0.0,16.0,64.0,14.064396
16.0,0.0,64.0,14.064396
0.0,16.0,65.0,15.896371
16.0,0.0,65.0,15.896371
0.0,16.0,66.0,5.935989
16.0,0.0,66.0,5.935989
0.0,16.0,67.0,13.263839
16.0,0.0,67.0,13.263839
0.0,16.0,68.0,17.279905
16.0,0.0,68.0,17.279905
0.0,16.0,69.0,7.8044243
16.0,0.0,69.0,7.8044243
0.0,22.0,38.0,-1.1875312
22.0,0.0,38.0,-1.1875312
0.0,22.0,39.0,11.862133
22.0,0.0,39.0,11.862133
0.0,22.0,40.0,-30.052422
22.0,0.0,40.0,-30.052422
0.0,22.0,41.0,-3.3217857
22.0,0.0,41.0,-3.3217857
0.0,22.0,42.0,-9.609036
22.0,0.0,42.0,-9.609036
0.0,22.0,43.0,-16.204517
22.0,0.0,43.0,-16.204517
0.0,22.0,44.0,-15.163162
22.0,0.0,44.0,-15.163162
0.0,22.0,45.0,-5.7785044
22.0,0.0,45.0,-5.7785044
0.0,22.0,46.0,-12.718171
22.0,0.0,46.0,-12.718171
0.0,22.0,47.0,-13.742015
22.0,0.0,47.0,-13.742015
0.0,22.0,48.0,-5.314052
22.0,0.0,48.0,-5.314052
0.0,22.0,49.0,-20.577747
22.0,0.0,49.0,-20.577747
0.0,22.0,50.0,0.8243375
22.0,0.0,50.0,0.8243375
0.0,22.0,51.0,-3.8899446
22.0,0.0,51.0,-3.8899446
0.0,22.0,52.0,-16.285252
22.0,0.0,52.0,-16.285252
0.0,22.0,53.0,-5.0197988
22.0,0.0,53.0,-5.0197988
0.0,22.0,54.0,-13.174699
22.0,0.0,54.0,-13.174699
0.0,22.0,55.0,-3.0882852
22.0,0.0,55.0,-3.0882852
0.0,22.0,56.0,-9.486109
22.0,0.0,56.0,-9.486109
0.0,22.0,57.0,-8.185137
22.0,0.0,57.0,-8.185137
0.0,22.0,58.0,-21.58274
22.0,0.0,58.0,-21.58274
0.0,22.0,59.0,-7.1668897
22.0,0.0,59.0,-7.1668897
0.0,22.0,60.0,-12.447126
22.0,0.0,60.0,-12.447126
0.0,22.0,61.0,-2.1733263
22.0,0.0,61.0,-2.1733263
0.0,22.0,62.0,-7.1612635
22.0,0.0,62.0,-7.1612635
0.0,22.0,63.0,-17.675083
22.0,0.0,63.0,-17.675083
0.0,22.0,64.0,-9.215506
22.0,0.0,64.0,-9.215506
0.0,22.0,65.0,2.5575597
22.0,0.0,65.0,2.5575597
0.0,22.0,66.0,-13.775373
22.0,0.0,66.0,-13.775373
0.0,22.0,67.0,10.275231
22.0,0.0,67.0,10.275231
0.0,22.0,68.0,-5.778245
22.0,0.0,68.0,-5.778245
0.0,22.0,69.0,-16.730423
22.0,0.0,69.0,-16.730423
1.0,0.0,38.0,10.248808
0.0,1.0,38.0,10.248808
1.0,0.0,39.0,8.62375
0.0,1.0,39.0,8.62375
1.0,0.0,40.0,8.023714
0.0,1.0,40.0,8.023714
1.0,0.0,41.0,-5.445984
0.0,1.0,41.0,-5.445984
1.0,0.0,42.0,2.2816663
0.0,1.0,42.0,2.2816663
1.0,0.0,43.0,-9.002299
0.0,1.0,43.0,-9.002299
1.0,0.0,44.0,-4.5906453
0.0,1.0,44.0,-4.5906453
1.0,0.0,45.0,-3.4337945
0.0,1.0,45.0,-3.4337945
1.0,0.0,46.0,5.690591
0.0,1.0,46.0,5.690591
1.0,0.0,47.0,4.344156
0.0,1.0,47.0,4.344156
1.0,0.0,48.0,-11.565912
0.0,1.0,48.0,-11.565912
1.0,0.0,49.0,-3.4584773
0.0,1.0,49.0,-3.4584773
1.0,0.0,50.0,5.5520387
0.0,1.0,50.0,5.5520387
1.0,0.0,51.0,9.337661
0.0,1.0,51.0,9.337661
1.0,0.0,52.0,-0.31299195
0.0,1.0,52.0,-0.31299195
1.0,0.0,53.0,-4.0035973
0.0,1.0,53.0,-4.0035973
1.0,0.0,54.0,-5.2395267
0.0,1.0,54.0,-5.2395267
1.0,0.0,55.0,4.1278954
0.0,1.0,55.0,4.1278954
1.0,0.0,56.0,6.9664154
0.0,1.0,56.0,6.9664154
1.0,0.0,57.0,-1.1932318
0.0,1.0,57.0,-1.1932318
1.0,0.0,58.0,4.8356757
0.0,1.0,58.0,4.8356757
1.0,0.0,59.0,12.796257
0.0,1.0,59.0,12.796257
1.0,0.0,60.0,-2.0893154
0.0,1.0,60.0,-2.0893154
1.0,0.0,61.0,-0.36861473
0.0,1.0,61.0,-0.36861473
1.0,0.0,62.0,4.13799
0.0,1.0,62.0,4.13799
1.0,0.0,63.0,7.439792
0.0,1.0,63.0,7.439792
1.0,0.0,64.0,12.583951
0.0,1.0,64.0,12.583951
1.0,0.0,65.0,-2.9618192
0.0,1.0,65.0,-2.9618192
1.0,0.0,66.0,-10.757339
0.0,1.0,66.0,-10.757339
1.0,0.0,67.0,-10.323312
0.0,1.0,67.0,-10.323312
1.0,0.0,68.0,7.638884
0.0,1.0,68.0,7.638884
1.0,0.0,69.0,-10.38201
0.0,1.0,69.0,-10.38201
1.0,2.0,38.0,22.520666
2.0,1.0,38.0,22.520666
1.0,2.0,38.0,-2.164298
2.0,1.0,38.0,-2.164298
1.0,2.0,39.0,19.524992
2.0,1.0,39.0,19.524992
1.0,2.0,40.0,62.983326
2.0,1.0,40.0,62.983326
1.0,2.0,40.0,40.28979
2.0,1.0,40.0,40.28979
1.0,2.0,41.0,27.336695
2.0,1.0,41.0,27.336695
1.0,2.0,41.0,4.6911006
2.0,1.0,41.0,4.6911006
1.0,2.0,42.0,14.091599
2.0,1.0,42.0,14.091599
1.0,2.0,42.0,7.44967
2.0,1.0,42.0,7.44967
1.0,2.0,43.0,21.412704
2.0,1.0,43.0,21.412704
1.0,2.0,43.0,-8.916378
2.0,1.0,43.0,-8.916378
1.0,2.0,44.0,22.48587
2.0,1.0,44.0,22.48587
1.0,2.0,44.0,4.648182
2.0,1.0,44.0,4.648182
1.0,2.0,45.0,38.18009
2.0,1.0,45.0,38.18009
1.0,2.0,45.0,16.308264
2.0,1.0,45.0,16.308264
1.0,2.0,46.0,30.763973
2.0,1.0,46.0,30.763973
1.0,2.0,47.0,25.984482
2.0,1.0,47.0,25.984482
1.0,2.0,47.0,0.50551677
2.0,1.0,47.0,0.50551677
1.0,2.0,48.0,61.89052
2.0,1.0,48.0,61.89052
1.0,2.0,49.0,16.155008
2.0,1.0,49.0,16.155008
1.0,2.0,49.0,-2.4425468
2.0,1.0,49.0,-2.4425468
1.0,2.0,50.0,27.511282
2.0,1.0,50.0,27.511282
1.0,2.0,51.0,24.192295
2.0,1.0,51.0,24.192295
1.0,2.0,52.0,27.771103
2.0,1.0,52.0,27.771103
1.0,2.0,52.0,4.399175
2.0,1.0,52.0,4.399175
1.0,2.0,53.0,9.229079
2.0,1.0,53.0,9.229079
1.0,2.0,53.0,-14.136253
2.0,1.0,53.0,-14.136253
1.0,2.0,54.0,7.974797
2.0,1.0,54.0,7.974797
1.0,2.0,54.0,14.03183
2.0,1.0,54.0,14.03183
1.0,2.0,55.0,28.828207
2.0,1.0,55.0,28.828207
1.0,2.0,56.0,17.48541
2.0,1.0,56.0,17.48541
1.0,2.0,57.0,15.883972
2.0,1.0,57.0,15.883972
1.0,2.0,58.0,20.612759
2.0,1.0,58.0,20.612759
1.0,2.0,59.0,32.264923
2.0,1.0,59.0,32.264923
1.0,2.0,59.0,-13.985897
2.0,1.0,59.0,-13.985897
1.0,2.0,60.0,31.736856
2.0,1.0,60.0,31.736856
1.0,2.0,61.0,19.695374
2.0,1.0,61.0,19.695374
1.0,2.0,62.0,19.143084
2.0,1.0,62.0,19.143084
1.0,2.0,63.0,26.593805
2.0,1.0,63.0,26.593805
1.0,2.0,64.0,25.469927
2.0,1.0,64.0,25.469927
1.0,2.0,65.0,18.549482
2.0,1.0,65.0,18.549482
1.0,2.0,65.0,16.745964
2.0,1.0,65.0,16.745964
1.0,2.0,66.0,23.612532
2.0,1.0,66.0,23.612532
1.0,2.0,67.0,93.728195
2.0,1.0,67.0,93.728195
1.0,2.0,68.0,23.041061
2.0,1.0,68.0,23.041061
1.0,2.0,69.0,8.63939
2.0,1.0,69.0,8.63939
1.0,3.0,38.0,0.23801555
3.0,1.0,38.0,0.23801555
1.0,3.0,39.0,-17.55948
3.0,1.0,39.0,-17.55948
1.0,3.0,40.0,1.6027815
3.0,1.0,40.0,1.6027815
1.0,3.0,41.0,-18.346615
3.0,1.0,41.0,-18.346615
1.0,3.0,42.0,-34.7287
3.0,1.0,42.0,-34.7287
1.0,3.0,43.0,-10.789146
3.0,1.0,43.0,-10.789146
1.0,3.0,44.0,-18.642555
3.0,1.0,44.0,-18.642555
1.0,3.0,45.0,-3.0335245
3.0,1.0,45.0,-3.0335245
1.0,3.0,46.0,-1.6175545
3.0,1.0,46.0,-1.6175545
1.0,3.0,47.0,-18.929544
3.0,1.0,47.0,-18.929544
1.0,3.0,48.0,-11.560464
3.0,1.0,48.0,-11.560464
1.0,3.0,49.0,-6.8062735
3.0,1.0,49.0,-6.8062735
1.0,3.0,50.0,-5.0166507
3.0,1.0,50.0,-5.0166507
1.0,3.0,51.0,36.599968
3.0,1.0,51.0,36.599968
1.0,3.0,52.0,-19.84632
3.0,1.0,52.0,-19.84632
1.0,3.0,53.0,-16.26938
3.0,1.0,53.0,-16.26938
1.0,3.0,54.0,-18.820814
3.0,1.0,54.0,-18.820814
1.0,3.0,55.0,-18.595697
3.0,1.0,55.0,-18.595697
1.0,3.0,56.0,-10.428759
3.0,1.0,56.0,-10.428759
1.0,3.0,57.0,-11.91326
3.0,1.0,57.0,-11.91326
1.0,3.0,58.0,-16.932592
3.0,1.0,58.0,-16.932592
1.0,3.0,59.0,-9.717805
3.0,1.0,59.0,-9.717805
1.0,3.0,60.0,-12.676664
3.0,1.0,60.0,-12.676664
1.0,3.0,61.0,-17.903692
3.0,1.0,61.0,-17.903692
1.0,3.0,62.0,-15.709185
3.0,1.0,62.0,-15.709185
1.0,3.0,63.0,-18.747993
3.0,1.0,63.0,-18.747993
1.0,3.0,64.0,4.135805
3.0,1.0,64.0,4.135805
1.0,3.0,65.0,-6.0089264
3.0,1.0,65.0,-6.0089264
1.0,3.0,66.0,5.281345
3.0,1.0,66.0,5.281345
1.0,3.0,67.0,-16.28307
3.0,1.0,67.0,-16.28307
1.0,3.0,68.0,-5.240501
3.0,1.0,68.0,-5.240501
1.0,3.0,69.0,-24.432467
3.0,1.0,69.0,-24.432467
1.0,4.0,38.0,54.76958
4.0,1.0,38.0,54.76958
1.0,4.0,38.0,15.171659
4.0,1.0,38.0,15.171659
1.0,4.0,39.0,63.316105
4.0,1.0,39.0,63.316105
1.0,4.0,40.0,65.96929
4.0,1.0,40.0,65.96929
1.0,4.0,40.0,60.72804
4.0,1.0,40.0,60.72804
1.0,4.0,41.0,43.273663
4.0,1.0,41.0,43.273663
1.0,4.0,41.0,35.874504
4.0,1.0,41.0,35.874504
1.0,4.0,42.0,8.111508
4.0,1.0,42.0,8.111508
1.0,4.0,42.0,7.788749
4.0,1.0,42.0,7.788749
1.0,4.0,43.0,25.171606
4.0,1.0,43.0,25.171606
1.0,4.0,43.0,6.6253347
4.0,1.0,43.0,6.6253347
1.0,4.0,44.0,27.677557
4.0,1.0,44.0,27.677557
1.0,4.0,44.0,25.36321
4.0,1.0,44.0,25.36321
1.0,4.0,45.0,24.306002
4.0,1.0,45.0,24.306002
1.0,4.0,45.0,32.648598
4.0,1.0,45.0,32.648598
1.0,4.0,46.0,0.3890126
4.0,1.0,46.0,0.3890126
1.0,4.0,47.0,24.244024
4.0,1.0,47.0,24.244024
1.0,4.0,47.0,10.20914
4.0,1.0,47.0,10.20914
1.0,4.0,48.0,24.714733
4.0,1.0,48.0,24.714733
1.0,4.0,49.0,28.845284
4.0,1.0,49.0,28.845284
1.0,4.0,49.0,22.00615
4.0,1.0,49.0,22.00615
1.0,4.0,50.0,39.310078
4.0,1.0,50.0,39.310078
1.0,4.0,51.0,56.509415
4.0,1.0,51.0,56.509415
1.0,4.0,52.0,41.56942
4.0,1.0,52.0,41.56942
1.0,4.0,52.0,17.043524
4.0,1.0,52.0,17.043524
1.0,4.0,53.0,-5.1493134
4.0,1.0,53.0,-5.1493134
1.0,4.0,53.0,-53.141853
4.0,1.0,53.0,-53.141853
1.0,4.0,54.0,33.955772
4.0,1.0,54.0,33.955772
1.0,4.0,54.0,44.1296
4.0,1.0,54.0,44.1296
1.0,4.0,55.0,42.090496
4.0,1.0,55.0,42.090496
1.0,4.0,56.0,22.340624
4.0,1.0,56.0,22.340624
1.0,4.0,57.0,25.65497
4.0,1.0,57.0,25.65497
1.0,4.0,58.0,52.799133
4.0,1.0,58.0,52.799133
1.0,4.0,59.0,22.86564
4.0,1.0,59.0,22.86564
1.0,4.0,59.0,11.24938
4.0,1.0,59.0,11.24938
1.0,4.0,60.0,41.911533
4.0,1.0,60.0,41.911533
1.0,4.0,61.0,19.840208
4.0,1.0,61.0,19.840208
1.0,4.0,62.0,12.655712
4.0,1.0,62.0,12.655712
1.0,4.0,63.0,14.359817
4.0,1.0,63.0,14.359817
1.0,4.0,64.0,18.447916
4.0,1.0,64.0,18.447916
1.0,4.0,65.0,63.86497
4.0,1.0,65.0,63.86497
1.0,4.0,65.0,64.68374
4.0,1.0,65.0,64.68374
1.0,4.0,66.0,37.537678
4.0,1.0,66.0,37.537678
1.0,4.0,67.0,10.498752
4.0,1.0,67.0,10.498752
1.0,4.0,68.0,29.477121
4.0,1.0,68.0,29.477121
1.0,4.0,69.0,20.514843
4.0,1.0,69.0,20.514843
1.0,5.0,38.0,-12.36586
5.0,1.0,38.0,-12.36586
1.0,5.0,39.0,-4.9413896
5.0,1.0,39.0,-4.9413896
1.0,5.0,40.0,7.011555
5.0,1.0,40.0,7.011555
1.0,5.0,41.0,-11.373804
5.0,1.0,41.0,-11.373804
1.0,5.0,42.0,-5.73234
5.0,1.0,42.0,-5.73234
1.0,5.0,43.0,-8.228113
5.0,1.0,43.0,-8.228113
1.0,5.0,44.0,-6.191823
5.0,1.0,44.0,-6.191823
1.0,5.0,45.0,-3.4265435
5.0,1.0,45.0,-3.4265435
1.0,5.0,46.0,-0.053685457
5.0,1.0,46.0,-0.053685457
1.0,5.0,47.0,-8.139024
5.0,1.0,47.0,-8.139024
1.0,5.0,48.0,18.887909
5.0,1.0,48.0,18.887909
1.0,5.0,49.0,-15.353428
5.0,1.0,49.0,-15.353428
1.0,5.0,50.0,-0.86945707
5.0,1.0,50.0,-0.86945707
1.0,5.0,51.0,-6.21517
5.0,1.0,51.0,-6.21517
1.0,5.0,52.0,-9.251873
5.0,1.0,52.0,-9.251873
1.0,5.0,53.0,-11.455873
5.0,1.0,53.0,-11.455873
1.0,5.0,54.0,-24.274174
5.0,1.0,54.0,-24.274174
1.0,5.0,55.0,-3.3283768
5.0,1.0,55.0,-3.3283768
1.0,5.0,56.0,-2.7701373
5.0,1.0,56.0,-2.7701373
1.0,5.0,57.0,-17.312904
5.0,1.0,57.0,-17.312904
1.0,5.0,58.0,-1.9974847
5.0,1.0,58.0,-1.9974847
1.0,5.0,59.0,-10.040353
5.0,1.0,59.0,-10.040353
1.0,5.0,60.0,0.8952052
5.0,1.0,60.0,0.8952052
1.0,5.0,61.0,-6.600155
5.0,1.0,61.0,-6.600155
1.0,5.0,62.0,-9.038235
5.0,1.0,62.0,-9.038235
1.0,5.0,63.0,-18.11301
5.0,1.0,63.0,-18.11301
1.0,5.0,64.0,-6.2345476
5.0,1.0,64.0,-6.2345476
1.0,5.0,65.0,-8.463039
5.0,1.0,65.0,-8.463039
1.0,5.0,66.0,-5.084259
5.0,1.0,66.0,-5.084259
1.0,5.0,67.0,-8.963166
5.0,1.0,67.0,-8.963166
1.0,5.0,68.0,3.2767577
5.0,1.0,68.0,3.2767577
1.0,5.0,69.0,-27.306665
5.0,1.0,69.0,-27.306665
1.0,6.0,38.0,6.977963
6.0,1.0,38.0,6.977963
1.0,6.0,39.0,3.1007864
6.0,1.0,39.0,3.1007864
1.0,6.0,40.0,16.18114
6.0,1.0,40.0,16.18114
1.0,6.0,41.0,-0.64297473
6.0,1.0,41.0,-0.64297473
1.0,6.0,42.0,-1.1704952
6.0,1.0,42.0,-1.1704952
1.0,6.0,43.0,2.403663
6.0,1.0,43.0,2.403663
1.0,6.0,44.0,2.5611823
6.0,1.0,44.0,2.5611823
1.0,6.0,45.0,-4.058735
6.0,1.0,45.0,-4.058735
1.0,6.0,46.0,13.307032
6.0,1.0,46.0,13.307032
1.0,6.0,47.0,7.5623517
6.0,1.0,47.0,7.5623517
1.0,6.0,48.0,1.094299
6.0,1.0,48.0,1.094299
1.0,6.0,49.0,14.131327
6.0,1.0,49.0,14.131327
1.0,6.0,50.0,5.6457415
6.0,1.0,50.0,5.6457415
1.0,6.0,51.0,6.239646
6.0,1.0,51.0,6.239646
1.0,6.0,52.0,11.477535
6.0,1.0,52.0,11.477535
1.0,6.0,53.0,5.77358
6.0,1.0,53.0,5.77358
1.0,6.0,54.0,-3.4190335
6.0,1.0,54.0,-3.4190335
1.0,6.0,55.0,-0.65791357
6.0,1.0,55.0,-0.65791357
1.0,6.0,56.0,16.048738
6.0,1.0,56.0,16.048738
1.0,6.0,57.0,-3.7588277
6.0,1.0,57.0,-3.7588277
1.0,6.0,58.0,16.128944
6.0,1.0,58.0,16.128944
1.0,6.0,59.0,-1.2096987
6.0,1.0,59.0,-1.2096987
1.0,6.0,60.0,3.118392
6.0,1.0,60.0,3.118392
1.0,6.0,61.0,10.087353
6.0,1.0,61.0,10.087353
1.0,6.0,62.0,-2.1615748
6.0,1.0,62.0,-2.1615748
1.0,6.0,63.0,13.751416
6.0,1.0,63.0,13.751416
1.0,6.0,64.0,16.191133
6.0,1.0,64.0,16.191133
1.0,6.0,65.0,-7.6628194
6.0,1.0,65.0,-7.6628194
1.0,6.0,66.0,26.339718
6.0,1.0,66.0,26.339718
1.0,6.0,67.0,7.5140996
6.0,1.0,67.0,7.5140996
1.0,6.0,68.0,19.634066
6.0,1.0,68.0,19.634066
1.0,6.0,69.0,7.5106077
6.0,1.0,69.0,7.5106077
1.0,7.0,38.0,8.144044
7.0,1.0,38.0,8.144044
1.0,7.0,39.0,-3.1198843
7.0,1.0,39.0,-3.1198843
1.0,7.0,40.0,18.74188
7.0,1.0,40.0,18.74188
1.0,7.0,41.0,-8.03194
7.0,1.0,41.0,-8.03194
1.0,7.0,42.0,5.964379
7.0,1.0,42.0,5.964379
1.0,7.0,43.0,5.4920244
7.0,1.0,43.0,5.4920244
1.0,7.0,44.0,1.2624248
7.0,1.0,44.0,1.2624248
1.0,7.0,45.0,19.830847
7.0,1.0,45.0,19.830847
1.0,7.0,46.0,15.221433
7.0,1.0,46.0,15.221433
1.0,7.0,47.0,-9.885905
7.0,1.0,47.0,-9.885905
1.0,7.0,48.0,11.391215
7.0,1.0,48.0,11.391215
1.0,7.0,49.0,-9.604777
7.0,1.0,49.0,-9.604777
1.0,7.0,50.0,8.379057
7.0,1.0,50.0,8.379057
1.0,7.0,51.0,-14.846714
7.0,1.0,51.0,-14.846714
1.0,7.0,52.0,-6.7951574
7.0,1.0,52.0,-6.7951574
1.0,7.0,53.0,-11.439141
7.0,1.0,53.0,-11.439141
1.0,7.0,54.0,-19.316895
7.0,1.0,54.0,-19.316895
1.0,7.0,55.0,-3.4289207
7.0,1.0,55.0,-3.4289207
1.0,7.0,56.0,4.5739555
7.0,1.0,56.0,4.5739555
1.0,7.0,57.0,-16.49297
7.0,1.0,57.0,-16.49297
1.0,7.0,58.0,-23.095943
7.0,1.0,58.0,-23.095943
1.0,7.0,59.0,6.824928
7.0,1.0,59.0,6.824928
1.0,7.0,60.0,3.3570132
7.0,1.0,60.0,3.3570132
1.0,7.0,61.0,-10.087654
7.0,1.0,61.0,-10.087654
1.0,7.0,62.0,19.360863
7.0,1.0,62.0,19.360863
1.0,7.0,63.0,-0.4644878
7.0,1.0,63.0,-0.4644878
1.0,7.0,64.0,-1.6187841
7.0,1.0,64.0,-1.6187841
1.0,7.0,65.0,-9.336885
7.0,1.0,65.0,-9.336885
1.0,7.0,66.0,-5.092496
7.0,1.0,66.0,-5.092496
1.0,7.0,67.0,-15.836429
7.0,1.0,67.0,-15.836429
1.0,7.0,68.0,15.325404
7.0,1.0,68.0,15.325404
1.0,7.0,69.0,-20.016424
7.0,1.0,69.0,-20.016424
1.0,9.0,38.0,7.2283535
9.0,1.0,38.0,7.2283535
1.0,9.0,39.0,10.939639
9.0,1.0,39.0,10.939639
1.0,9.0,40.0,21.215794
9.0,1.0,40.0,21.215794
1.0,9.0,41.0,-0.42424744
9.0,1.0,41.0,-0.42424744
1.0,9.0,42.0,2.7637968
9.0,1.0,42.0,2.7637968
1.0,9.0,43.0,22.885715
9.0,1.0,43.0,22.885715
1.0,9.0,44.0,11.915982
9.0,1.0,44.0,11.915982
1.0,9.0,45.0,11.762269
9.0,1.0,45.0,11.762269
1.0,9.0,46.0,15.758757
9.0,1.0,46.0,15.758757
1.0,9.0,47.0,-0.76312155
9.0,1.0,47.0,-0.76312155
1.0,9.0,48.0,-12.229367
9.0,1.0,48.0,-12.229367
1.0,9.0,49.0,23.428308
9.0,1.0,49.0,23.428308
1.0,9.0,50.0,10.922366
9.0,1.0,50.0,10.922366
1.0,9.0,51.0,8.002232
9.0,1.0,51.0,8.002232
1.0,9.0,52.0,11.32363
9.0,1.0,52.0,11.32363
1.0,9.0,53.0,3.2292078
9.0,1.0,53.0,3.2292078
1.0,9.0,54.0,0.9113228
9.0,1.0,54.0,0.9113228
1.0,9.0,55.0,0.54241776
9.0,1.0,55.0,0.54241776
1.0,9.0,56.0,18.806087
9.0,1.0,56.0,18.806087
1.0,9.0,57.0,-6.395195
9.0,1.0,57.0,-6.395195
1.0,9.0,58.0,12.371786
9.0,1.0,58.0,12.371786
1.0,9.0,59.0,17.102152
9.0,1.0,59.0,17.102152
1.0,9.0,60.0,1.5089875
9.0,1.0,60.0,1.5089875
1.0,9.0,61.0,19.618494
9.0,1.0,61.0,19.618494
1.0,9.0,62.0,7.6025095
9.0,1.0,62.0,7.6025095
1.0,9.0,63.0,13.974408
9.0,1.0,63.0,13.974408
1.0,9.0,64.0,19.231812
9.0,1.0,64.0,19.231812
1.0,9.0,65.0,-1.3925219
9.0,1.0,65.0,-1.3925219
1.0,9.0,66.0,33.69724
9.0,1.0,66.0,33.69724
1.0,9.0,67.0,9.333496
9.0,1.0,67.0,9.333496
1.0,9.0,68.0,22.170519
9.0,1.0,68.0,22.170519
1.0,9.0,69.0,10.363201
9.0,1.0,69.0,10.363201
1.0,10.0,38.0,18.844727
10.0,1.0,38.0,18.844727
1.0,10.0,39.0,21.081598
10.0,1.0,39.0,21.081598
1.0,10.0,40.0,22.726135
10.0,1.0,40.0,22.726135
1.0,10.0,41.0,18.367208
10.0,1.0,41.0,18.367208
1.0,10.0,42.0,8.221027
10.0,1.0,42.0,8.221027
1.0,10.0,43.0,1.8840729
10.0,1.0,43.0,1.8840729
1.0,10.0,44.0,12.019105
10.0,1.0,44.0,12.019105
1.0,10.0,45.0,12.697367
10.0,1.0,45.0,12.697367
1.0,10.0,46.0,8.61115
10.0,1.0,46.0,8.61115
1.0,10.0,47.0,9.462541
10.0,1.0,47.0,9.462541
1.0,10.0,48.0,14.499771
10.0,1.0,48.0,14.499771
1.0,10.0,49.0,18.255955
10.0,1.0,49.0,18.255955
1.0,10.0,50.0,12.6289015
10.0,1.0,50.0,12.6289015
1.0,10.0,51.0,16.57104
10.0,1.0,51.0,16.57104
1.0,10.0,52.0,15.343443
10.0,1.0,52.0,15.343443
1.0,10.0,53.0,5.7044287
10.0,1.0,53.0,5.7044287
1.0,10.0,54.0,13.426189
10.0,1.0,54.0,13.426189
1.0,10.0,55.0,13.298436
10.0,1.0,55.0,13.298436
1.0,10.0,56.0,4.5288005
10.0,1.0,56.0,4.5288005
1.0,10.0,57.0,9.862408
10.0,1.0,57.0,9.862408
1.0,10.0,58.0,12.44069
10.0,1.0,58.0,12.44069
1.0,10.0,59.0,6.4077573
10.0,1.0,59.0,6.4077573
1.0,10.0,60.0,11.169333
10.0,1.0,60.0,11.169333
1.0,10.0,61.0,11.201024
10.0,1.0,61.0,11.201024
1.0,10.0,62.0,6.114299
10.0,1.0,62.0,6.114299
1.0,10.0,63.0,29.439766
10.0,1.0,63.0,29.439766
1.0,10.0,64.0,28.773315
10.0,1.0,64.0,28.773315
1.0,10.0,65.0,10.226392
10.0,1.0,65.0,10.226392
1.0,10.0,66.0,20.684431
10.0,1.0,66.0,20.684431
1.0,10.0,67.0,12.864629
10.0,1.0,67.0,12.864629
1.0,10.0,68.0,16.463533
10.0,1.0,68.0,16.463533
1.0,10.0,69.0,-9.605536
10.0,1.0,69.0,-9.605536
1.0,11.0,38.0,32.76873
11.0,1.0,38.0,32.76873
1.0,11.0,39.0,9.074227
11.0,1.0,39.0,9.074227
1.0,11.0,40.0,20.430246
11.0,1.0,40.0,20.430246
1.0,11.0,41.0,7.976536
11.0,1.0,41.0,7.976536
1.0,11.0,42.0,-1.6474025
11.0,1.0,42.0,-1.6474025
1.0,11.0,43.0,8.683985
11.0,1.0,43.0,8.683985
1.0,11.0,44.0,-5.5885158
11.0,1.0,44.0,-5.5885158
1.0,11.0,45.0,8.089907
11.0,1.0,45.0,8.089907
1.0,11.0,46.0,9.037809
11.0,1.0,46.0,9.037809
1.0,11.0,47.0,8.548355
11.0,1.0,47.0,8.548355
1.0,11.0,48.0,13.117102
11.0,1.0,48.0,13.117102
1.0,11.0,49.0,9.091255
11.0,1.0,49.0,9.091255
1.0,11.0,50.0,16.546995
11.0,1.0,50.0,16.546995
1.0,11.0,51.0,-8.629142
11.0,1.0,51.0,-8.629142
1.0,11.0,52.0,22.480717
11.0,1.0,52.0,22.480717
1.0,11.0,53.0,25.082138
11.0,1.0,53.0,25.082138
1.0,11.0,54.0,5.5940456
11.0,1.0,54.0,5.5940456
1.0,11.0,55.0,0.088495925
11.0,1.0,55.0,0.088495925
1.0,11.0,56.0,73.21986
11.0,1.0,56.0,73.21986
1.0,11.0,57.0,-1.4620063
11.0,1.0,57.0,-1.4620063
1.0,11.0,58.0,60.074413
11.0,1.0,58.0,60.074413
1.0,11.0,59.0,31.758295
11.0,1.0,59.0,31.758295
1.0,11.0,60.0,17.6403
11.0,1.0,60.0,17.6403
1.0,11.0,61.0,18.264479
11.0,1.0,61.0,18.264479
1.0,11.0,62.0,13.755697
11.0,1.0,62.0,13.755697
1.0,11.0,63.0,14.997517
11.0,1.0,63.0,14.997517
1.0,11.0,64.0,17.129261
11.0,1.0,64.0,17.129261
1.0,11.0,65.0,4.26478
11.0,1.0,65.0,4.26478
1.0,11.0,66.0,17.783886
11.0,1.0,66.0,17.783886
1.0,11.0,67.0,11.046009
11.0,1.0,67.0,11.046009
1.0,11.0,68.0,21.798191
11.0,1.0,68.0,21.798191
1.0,11.0,69.0,4.6423006
11.0,1.0,69.0,4.6423006
1.0,12.0,38.0,-9.504264
12.0,1.0,38.0,-9.504264
1.0,12.0,39.0,3.780481
12.0,1.0,39.0,3.780481
1.0,12.0,40.0,2.5989301
12.0,1.0,40.0,2.5989301
1.0,12.0,41.0,-4.3456426
12.0,1.0,41.0,-4.3456426
1.0,12.0,42.0,4.238275
12.0,1.0,42.0,4.238275
1.0,12.0,43.0,-0.16617486
12.0,1.0,43.0,-0.16617486
1.0,12.0,44.0,0.9765806
12.0,1.0,44.0,0.9765806
1.0,12.0,45.0,11.001562
12.0,1.0,45.0,11.001562
1.0,12.0,46.0,0.5234406
12.0,1.0,46.0,0.5234406
1.0,12.0,47.0,3.6254995
12.0,1.0,47.0,3.6254995
1.0,12.0,48.0,3.5293865
12.0,1.0,48.0,3.5293865
1.0,12.0,49.0,7.1305966
12.0,1.0,49.0,7.1305966
1.0,12.0,50.0,3.566041
12.0,1.0,50.0,3.566041
1.0,12.0,51.0,9.24614
12.0,1.0,51.0,9.24614
1.0,12.0,52.0,11.0246
12.0,1.0,52.0,11.0246
1.0,12.0,53.0,-15.784273
12.0,1.0,53.0,-15.784273
1.0,12.0,54.0,5.0692496
12.0,1.0,54.0,5.0692496
1.0,12.0,55.0,4.172613
12.0,1.0,55.0,4.172613
1.0,12.0,56.0,3.3605351
12.0,1.0,56.0,3.3605351
1.0,12.0,57.0,0.6648819
12.0,1.0,57.0,0.6648819
1.0,12.0,58.0,6.7932625
12.0,1.0,58.0,6.7932625
1.0,12.0,59.0,17.915379
12.0,1.0,59.0,17.915379
1.0,12.0,60.0,5.7605996
12.0,1.0,60.0,5.7605996
1.0,12.0,61.0,-4.4811463
12.0,1.0,61.0,-4.4811463
1.0,12.0,62.0,5.2287436
12.0,1.0,62.0,5.2287436
1.0,12.0,63.0,-2.9112186
12.0,1.0,63.0,-2.9112186
1.0,12.0,64.0,23.421852
12.0,1.0,64.0,23.421852
1.0,12.0,65.0,2.0556982
12.0,1.0,65.0,2.0556982
1.0,12.0,66.0,8.76961
12.0,1.0,66.0,8.76961
1.0,12.0,67.0,3.2420835
12.0,1.0,67.0,3.2420835
1.0,12.0,68.0,13.345987
12.0,1.0,68.0,13.345987
1.0,12.0,69.0,-7.1366315
12.0,1.0,69.0,-7.1366315
1.0,13.0,38.0,38.938362
13.0,1.0,38.0,38.938362
1.0,13.0,39.0,26.155766
13.0,1.0,39.0,26.155766
1.0,13.0,40.0,42.60022
13.0,1.0,40.0,42.60022
1.0,13.0,41.0,28.168707
13.0,1.0,41.0,28.168707
1.0,13.0,42.0,10.570129
13.0,1.0,42.0,10.570129
1.0,13.0,43.0,31.415527
13.0,1.0,43.0,31.415527
1.0,13.0,44.0,30.718132
13.0,1.0,44.0,30.718132
1.0,13.0,45.0,9.068968
13.0,1.0,45.0,9.068968
1.0,13.0,46.0,20.252394
13.0,1.0,46.0,20.252394
1.0,13.0,47.0,22.904903
13.0,1.0,47.0,22.904903
1.0,13.0,48.0,24.317924
13.0,1.0,48.0,24.317924
1.0,13.0,49.0,19.954369
13.0,1.0,49.0,19.954369
1.0,13.0,50.0,20.284573
13.0,1.0,50.0,20.284573
1.0,13.0,51.0,27.456432
13.0,1.0,51.0,27.456432
1.0,13.0,52.0,36.96883
13.0,1.0,52.0,36.96883
1.0,13.0,53.0,17.442974
13.0,1.0,53.0,17.442974
1.0,13.0,54.0,20.046642
13.0,1.0,54.0,20.046642
1.0,13.0,55.0,14.518771
13.0,1.0,55.0,14.518771
1.0,13.0,56.0,34.185284
13.0,1.0,56.0,34.185284
1.0,13.0,57.0,14.014497
13.0,1.0,57.0,14.014497
1.0,13.0,58.0,25.800125
13.0,1.0,58.0,25.800125
1.0,13.0,59.0,30.804155
13.0,1.0,59.0,30.804155
1.0,13.0,60.0,29.019602
13.0,1.0,60.0,29.019602
1.0,13.0,61.0,33.035892
13.0,1.0,61.0,33.035892
1.0,13.0,62.0,29.84403
13.0,1.0,62.0,29.84403
1.0,13.0,63.0,20.83918
13.0,1.0,63.0,20.83918
1.0,13.0,64.0,46.295532
13.0,1.0,64.0,46.295532
1.0,13.0,65.0,18.279442
13.0,1.0,65.0,18.279442
1.0,13.0,66.0,23.985674
13.0,1.0,66.0,23.985674
1.0,13.0,67.0,28.910444
13.0,1.0,67.0,28.910444
1.0,13.0,68.0,31.876026
13.0,1.0,68.0,31.876026
1.0,13.0,69.0,16.041265
13.0,1.0,69.0,16.041265
1.0,14.0,38.0,80.179405
14.0,1.0,38.0,80.179405
1.0,14.0,38.0,58.9737
14.0,1.0,38.0,58.9737
1.0,14.0,39.0,54.079105
14.0,1.0,39.0,54.079105
1.0,14.0,40.0,71.75918
14.0,1.0,40.0,71.75918
1.0,14.0,40.0,62.17799
14.0,1.0,40.0,62.17799
1.0,14.0,41.0,70.62949
14.0,1.0,41.0,70.62949
1.0,14.0,41.0,64.09097
14.0,1.0,41.0,64.09097
1.0,14.0,42.0,34.48563
14.0,1.0,42.0,34.48563
1.0,14.0,42.0,37.425903
14.0,1.0,42.0,37.425903
1.0,14.0,43.0,59.054344
14.0,1.0,43.0,59.054344
1.0,14.0,43.0,25.016785
14.0,1.0,43.0,25.016785
1.0,14.0,44.0,54.66786
14.0,1.0,44.0,54.66786
1.0,14.0,44.0,31.02966
14.0,1.0,44.0,31.02966
1.0,14.0,45.0,44.048996
14.0,1.0,45.0,44.048996
1.0,14.0,45.0,53.083797
14.0,1.0,45.0,53.083797
1.0,14.0,46.0,45.710186
14.0,1.0,46.0,45.710186
1.0,14.0,47.0,59.407482
14.0,1.0,47.0,59.407482
1.0,14.0,47.0,54.90036
14.0,1.0,47.0,54.90036
1.0,14.0,48.0,17.579891
14.0,1.0,48.0,17.579891
1.0,14.0,49.0,34.018047
14.0,1.0,49.0,34.018047
1.0,14.0,49.0,19.280066
14.0,1.0,49.0,19.280066
1.0,14.0,50.0,47.22749
14.0,1.0,50.0,47.22749
1.0,14.0,51.0,42.860664
14.0,1.0,51.0,42.860664
1.0,14.0,52.0,50.617146
14.0,1.0,52.0,50.617146
1.0,14.0,52.0,34.403236
14.0,1.0,52.0,34.403236
1.0,14.0,53.0,30.906694
14.0,1.0,53.0,30.906694
1.0,14.0,53.0,23.506964
14.0,1.0,53.0,23.506964
1.0,14.0,54.0,43.900475
14.0,1.0,54.0,43.900475
1.0,14.0,54.0,34.89416
14.0,1.0,54.0,34.89416
1.0,14.0,55.0,40.75549
14.0,1.0,55.0,40.75549
1.0,14.0,56.0,65.90412
14.0,1.0,56.0,65.90412
1.0,14.0,57.0,32.252636
14.0,1.0,57.0,32.252636
1.0,14.0,58.0,42.414364
14.0,1.0,58.0,42.414364
1.0,14.0,59.0,62.677094
14.0,1.0,59.0,62.677094
1.0,14.0,59.0,19.043385
14.0,1.0,59.0,19.043385
1.0,14.0,60.0,58.45223
14.0,1.0,60.0,58.45223
1.0,14.0,61.0,32.43726
14.0,1.0,61.0,32.43726
1.0,14.0,62.0,64.51712
14.0,1.0,62.0,64.51712
1.0,14.0,63.0,4.1003227
14.0,1.0,63.0,4.1003227
1.0,14.0,64.0,63.47893
14.0,1.0,64.0,63.47893
1.0,14.0,65.0,18.688543
14.0,1.0,65.0,18.688543
1.0,14.0,65.0,26.515583
14.0,1.0,65.0,26.515583
1.0,14.0,66.0,28.518305
14.0,1.0,66.0,28.518305
1.0,14.0,67.0,9.769242
14.0,1.0,67.0,9.769242
1.0,14.0,68.0,43.186985
14.0,1.0,68.0,43.186985
1.0,14.0,69.0,78.2251
14.0,1.0,69.0,78.2251
1.0,20.0,38.0,-0.39241913
20.0,1.0,38.0,-0.39241913
1.0,20.0,39.0,-9.416701
20.0,1.0,39.0,-9.416701
1.0,20.0,40.0,-1.3741976
20.0,1.0,40.0,-1.3741976
1.0,20.0,41.0,1.7850809
20.0,1.0,41.0,1.7850809
1.0,20.0,42.0,-2.408713
20.0,1.0,42.0,-2.408713
1.0,20.0,43.0,-6.543006
20.0,1.0,43.0,-6.543006
1.0,20.0,44.0,-7.9679747
20.0,1.0,44.0,-7.9679747
1.0,20.0,45.0,1.0099443
20.0,1.0,45.0,1.0099443
1.0,20.0,46.0,-3.3525138
20.0,1.0,46.0,-3.3525138
1.0,20.0,47.0,-5.463213
20.0,1.0,47.0,-5.463213
1.0,20.0,48.0,10.645979
20.0,1.0,48.0,10.645979
1.0,20.0,49.0,-2.6948276
20.0,1.0,49.0,-2.6948276
1.0,20.0,50.0,-6.239492
20.0,1.0,50.0,-6.239492
1.0,20.0,51.0,-6.285232
20.0,1.0,51.0,-6.285232
1.0,20.0,52.0,-1.1882045
20.0,1.0,52.0,-1.1882045
1.0,20.0,53.0,-8.880559
20.0,1.0,53.0,-8.880559
1.0,20.0,54.0,-10.949545
20.0,1.0,54.0,-10.949545
1.0,20.0,55.0,-10.10476
20.0,1.0,55.0,-10.10476
1.0,20.0,56.0,11.198744
20.0,1.0,56.0,11.198744
1.0,20.0,57.0,-21.61671
20.0,1.0,57.0,-21.61671
1.0,20.0,58.0,21.203884
20.0,1.0,58.0,21.203884
1.0,20.0,59.0,5.2132564
20.0,1.0,59.0,5.2132564
1.0,20.0,60.0,-12.133948
20.0,1.0,60.0,-12.133948
1.0,20.0,61.0,-4.879996
20.0,1.0,61.0,-4.879996
1.0,20.0,62.0,-4.5005136
20.0,1.0,62.0,-4.5005136
1.0,20.0,63.0,1.9655492
20.0,1.0,63.0,1.9655492
1.0,20.0,64.0,3.8686414
20.0,1.0,64.0,3.8686414
1.0,20.0,65.0,-5.7597494
20.0,1.0,65.0,-5.7597494
1.0,20.0,66.0,-2.946619
20.0,1.0,66.0,-2.946619
1.0,20.0,67.0,-2.7395606
20.0,1.0,67.0,-2.7395606
1.0,20.0,68.0,-2.913416
20.0,1.0,68.0,-2.913416
1.0,20.0,69.0,-10.107624
20.0,1.0,69.0,-10.107624
1.0,15.0,38.0,9.712938
15.0,1.0,38.0,9.712938
1.0,15.0,39.0,28.307
15.0,1.0,39.0,28.307
1.0,15.0,40.0,14.748084
15.0,1.0,40.0,14.748084
1.0,15.0,41.0,21.856264
15.0,1.0,41.0,21.856264
1.0,15.0,42.0,7.1045
15.0,1.0,42.0,7.1045
1.0,15.0,43.0,1.5489687
15.0,1.0,43.0,1.5489687
1.0,15.0,44.0,13.902831
15.0,1.0,44.0,13.902831
1.0,15.0,45.0,17.525932
15.0,1.0,45.0,17.525932
1.0,15.0,46.0,22.546324
15.0,1.0,46.0,22.546324
1.0,15.0,47.0,1.938415
15.0,1.0,47.0,1.938415
1.0,15.0,48.0,-22.344324
15.0,1.0,48.0,-22.344324
1.0,15.0,49.0,7.215539
15.0,1.0,49.0,7.215539
1.0,15.0,50.0,16.83724
15.0,1.0,50.0,16.83724
1.0,15.0,51.0,14.571291
15.0,1.0,51.0,14.571291
1.0,15.0,52.0,19.132328
15.0,1.0,52.0,19.132328
1.0,15.0,53.0,2.4463491
15.0,1.0,53.0,2.4463491
1.0,15.0,54.0,9.284719
15.0,1.0,54.0,9.284719
1.0,15.0,55.0,4.5743246
15.0,1.0,55.0,4.5743246
1.0,15.0,56.0,13.275478
15.0,1.0,56.0,13.275478
1.0,15.0,57.0,-2.457938
15.0,1.0,57.0,-2.457938
1.0,15.0,58.0,23.296764
15.0,1.0,58.0,23.296764
1.0,15.0,59.0,19.08685
15.0,1.0,59.0,19.08685
1.0,15.0,60.0,24.396421
15.0,1.0,60.0,24.396421
1.0,15.0,61.0,13.393092
15.0,1.0,61.0,13.393092
1.0,15.0,62.0,4.6206627
15.0,1.0,62.0,4.6206627
1.0,15.0,63.0,-2.6342385
15.0,1.0,63.0,-2.6342385
1.0,15.0,64.0,19.71677
15.0,1.0,64.0,19.71677
1.0,15.0,65.0,5.693653
15.0,1.0,65.0,5.693653
1.0,15.0,66.0,11.578416
15.0,1.0,66.0,11.578416
1.0,15.0,67.0,-2.849065
15.0,1.0,67.0,-2.849065
1.0,15.0,68.0,11.264247
15.0,1.0,68.0,11.264247
1.0,15.0,69.0,2.3878937
15.0,1.0,69.0,2.3878937
1.0,21.0,38.0,3.0746171
21.0,1.0,38.0,3.0746171
1.0,21.0,39.0,0.6751167
21.0,1.0,39.0,0.6751167
1.0,21.0,40.0,8.020877
21.0,1.0,40.0,8.020877
1.0,21.0,41.0,0.66314954
21.0,1.0,41.0,0.66314954
1.0,21.0,42.0,3.0467331
21.0,1.0,42.0,3.0467331
1.0,21.0,43.0,3.3090582
21.0,1.0,43.0,3.3090582
1.0,21.0,44.0,6.172515
21.0,1.0,44.0,6.172515
1.0,21.0,45.0,0.7303809
21.0,1.0,45.0,0.7303809
1.0,21.0,46.0,8.148729
21.0,1.0,46.0,8.148729
1.0,21.0,47.0,8.858667
21.0,1.0,47.0,8.858667
1.0,21.0,48.0,2.0280747
21.0,1.0,48.0,2.0280747
1.0,21.0,49.0,5.6522503
21.0,1.0,49.0,5.6522503
1.0,21.0,50.0,4.2279744
21.0,1.0,50.0,4.2279744
1.0,21.0,51.0,13.261365
21.0,1.0,51.0,13.261365
1.0,21.0,52.0,21.225128
21.0,1.0,52.0,21.225128
1.0,21.0,53.0,-80.172
21.0,1.0,53.0,-80.172
1.0,21.0,54.0,-2.356417
21.0,1.0,54.0,-2.356417
1.0,21.0,55.0,7.114257
21.0,1.0,55.0,7.114257
1.0,21.0,56.0,9.923508
21.0,1.0,56.0,9.923508
1.0,21.0,57.0,-5.598045
21.0,1.0,57.0,-5.598045
1.0,21.0,58.0,66.723175
21.0,1.0,58.0,66.723175
1.0,21.0,59.0,21.154444
21.0,1.0,59.0,21.154444
1.0,21.0,60.0,-11.982062
21.0,1.0,60.0,-11.982062
1.0,21.0,61.0,8.563748
21.0,1.0,61.0,8.563748
1.0,21.0,62.0,1.1633837
21.0,1.0,62.0,1.1633837
1.0,21.0,63.0,11.641849
21.0,1.0,63.0,11.641849
1.0,21.0,64.0,16.156527
21.0,1.0,64.0,16.156527
1.0,21.0,65.0,-3.2486935
21.0,1.0,65.0,-3.2486935
1.0,21.0,66.0,18.058725
21.0,1.0,66.0,18.058725
1.0,21.0,67.0,-18.690477
21.0,1.0,67.0,-18.690477
1.0,21.0,68.0,13.058903
21.0,1.0,68.0,13.058903
1.0,21.0,69.0,8.0157
21.0,1.0,69.0,8.0157
1.0,16.0,38.0,-7.5305896
16.0,1.0,38.0,-7.5305896
1.0,16.0,39.0,-1.5076404
16.0,1.0,39.0,-1.5076404
1.0,16.0,40.0,4.7311
16.0,1.0,40.0,4.7311
1.0,16.0,41.0,4.324041
16.0,1.0,41.0,4.324041
1.0,16.0,42.0,-5.141198
16.0,1.0,42.0,-5.141198
1.0,16.0,43.0,-2.6381772
16.0,1.0,43.0,-2.6381772
1.0,16.0,44.0,-3.3868258
16.0,1.0,44.0,-3.3868258
1.0,16.0,45.0,7.786902
16.0,1.0,45.0,7.786902
1.0,16.0,46.0,0.962972
16.0,1.0,46.0,0.962972
1.0,16.0,47.0,-7.323391
16.0,1.0,47.0,-7.323391
1.0,16.0,48.0,-2.6355517
16.0,1.0,48.0,-2.6355517
1.0,16.0,49.0,-6.000398
16.0,1.0,49.0,-6.000398
1.0,16.0,50.0,-3.4964197
16.0,1.0,50.0,-3.4964197
1.0,16.0,51.0,-7.59361
16.0,1.0,51.0,-7.59361
1.0,16.0,52.0,0.06383705
16.0,1.0,52.0,0.06383705
1.0,16.0,53.0,-8.830158
16.0,1.0,53.0,-8.830158
1.0,16.0,54.0,-10.558218
16.0,1.0,54.0,-10.558218
1.0,16.0,55.0,4.0918846
16.0,1.0,55.0,4.0918846
1.0,16.0,56.0,4.7113895
16.0,1.0,56.0,4.7113895
1.0,16.0,57.0,-5.0250955
16.0,1.0,57.0,-5.0250955
1.0,16.0,58.0,-17.3879
16.0,1.0,58.0,-17.3879
1.0,16.0,59.0,5.4474745
16.0,1.0,59.0,5.4474745
1.0,16.0,60.0,-1.1666526
16.0,1.0,60.0,-1.1666526
1.0,16.0,61.0,-4.941736
16.0,1.0,61.0,-4.941736
1.0,16.0,62.0,1.6790304
16.0,1.0,62.0,1.6790304
1.0,16.0,63.0,-7.3636827
16.0,1.0,63.0,-7.3636827
1.0,16.0,64.0,7.1494503
16.0,1.0,64.0,7.1494503
1.0,16.0,65.0,-2.8119483
16.0,1.0,65.0,-2.8119483
1.0,16.0,66.0,-1.3031397
16.0,1.0,66.0,-1.3031397
1.0,16.0,67.0,3.39325
16.0,1.0,67.0,3.39325
1.0,16.0,68.0,1.3162487
16.0,1.0,68.0,1.3162487
1.0,16.0,69.0,-20.829271
16.0,1.0,69.0,-20.829271
1.0,22.0,38.0,5.715018
22.0,1.0,38.0,5.715018
1.0,22.0,39.0,4.649062
22.0,1.0,39.0,4.649062
1.0,22.0,40.0,-3.3861477
22.0,1.0,40.0,-3.3861477
1.0,22.0,41.0,11.309808
22.0,1.0,41.0,11.309808
1.0,22.0,42.0,3.2374167
22.0,1.0,42.0,3.2374167
1.0,22.0,43.0,-5.552569
22.0,1.0,43.0,-5.552569
1.0,22.0,44.0,-6.469664
22.0,1.0,44.0,-6.469664
1.0,22.0,45.0,3.9951034
22.0,1.0,45.0,3.9951034
1.0,22.0,46.0,9.409271
22.0,1.0,46.0,9.409271
1.0,22.0,47.0,11.671745
22.0,1.0,47.0,11.671745
1.0,22.0,48.0,-94.597755
22.0,1.0,48.0,-94.597755
1.0,22.0,49.0,1.5258244
22.0,1.0,49.0,1.5258244
1.0,22.0,50.0,3.959667
22.0,1.0,50.0,3.959667
1.0,22.0,51.0,2.318661
22.0,1.0,51.0,2.318661
1.0,22.0,52.0,5.6704187
22.0,1.0,52.0,5.6704187
1.0,22.0,53.0,2.5090094
22.0,1.0,53.0,2.5090094
1.0,22.0,54.0,10.181899
22.0,1.0,54.0,10.181899
1.0,22.0,55.0,7.5476646
22.0,1.0,55.0,7.5476646
1.0,22.0,56.0,10.068529
22.0,1.0,56.0,10.068529
1.0,22.0,57.0,-9.075562
22.0,1.0,57.0,-9.075562
1.0,22.0,58.0,40.644085
22.0,1.0,58.0,40.644085
1.0,22.0,59.0,3.1046574
22.0,1.0,59.0,3.1046574
1.0,22.0,60.0,-5.7130637
22.0,1.0,60.0,-5.7130637
1.0,22.0,61.0,-6.69113
22.0,1.0,61.0,-6.69113
1.0,22.0,62.0,13.816361
22.0,1.0,62.0,13.816361
1.0,22.0,63.0,-11.425758
22.0,1.0,63.0,-11.425758
1.0,22.0,64.0,7.6505146
22.0,1.0,64.0,7.6505146
1.0,22.0,65.0,17.123545
22.0,1.0,65.0,17.123545
1.0,22.0,66.0,7.6667356
22.0,1.0,66.0,7.6667356
1.0,22.0,67.0,1.820555
22.0,1.0,67.0,1.820555
1.0,22.0,68.0,4.171316
22.0,1.0,68.0,4.171316
1.0,22.0,69.0,0.32774964
22.0,1.0,69.0,0.32774964
2.0,5.0,38.0,12.829136
5.0,2.0,38.0,12.829136
2.0,5.0,39.0,12.172417
5.0,2.0,39.0,12.172417
2.0,5.0,40.0,10.543761
5.0,2.0,40.0,10.543761
2.0,5.0,41.0,14.16333
5.0,2.0,41.0,14.16333
2.0,5.0,42.0,28.298359
5.0,2.0,42.0,28.298359
2.0,5.0,43.0,13.567885
5.0,2.0,43.0,13.567885
2.0,5.0,44.0,16.349457
5.0,2.0,44.0,16.349457
2.0,5.0,45.0,-7.527745
5.0,2.0,45.0,-7.527745
2.0,5.0,46.0,8.457976
5.0,2.0,46.0,8.457976
2.0,5.0,47.0,9.6459465
5.0,2.0,47.0,9.6459465
2.0,5.0,48.0,23.100433
5.0,2.0,48.0,23.100433
2.0,5.0,49.0,6.940385
5.0,2.0,49.0,6.940385
2.0,5.0,50.0,18.55431
5.0,2.0,50.0,18.55431
2.0,5.0,51.0,-3.6058393
5.0,2.0,51.0,-3.6058393
2.0,5.0,52.0,-1.1209975
5.0,2.0,52.0,-1.1209975
2.0,5.0,53.0,14.718366
5.0,2.0,53.0,14.718366
2.0,5.0,54.0,15.931076
5.0,2.0,54.0,15.931076
2.0,5.0,55.0,5.498416
5.0,2.0,55.0,5.498416
2.0,5.0,56.0,1.3688055
5.0,2.0,56.0,1.3688055
2.0,5.0,57.0,10.205527
5.0,2.0,57.0,10.205527
2.0,5.0,58.0,12.366441
5.0,2.0,58.0,12.366441
2.0,5.0,59.0,4.9410415
5.0,2.0,59.0,4.9410415
2.0,5.0,60.0,18.570028
5.0,2.0,60.0,18.570028
2.0,5.0,61.0,12.81453
5.0,2.0,61.0,12.81453
2.0,5.0,62.0,2.2099411
5.0,2.0,62.0,2.2099411
2.0,5.0,63.0,8.270304
5.0,2.0,63.0,8.270304
2.0,5.0,64.0,-15.47791
5.0,2.0,64.0,-15.47791
2.0,5.0,65.0,-0.65397143
5.0,2.0,65.0,-0.65397143
2.0,5.0,66.0,9.729603
5.0,2.0,66.0,9.729603
2.0,5.0,67.0,90.99144
5.0,2.0,67.0,90.99144
2.0,5.0,68.0,17.33195
5.0,2.0,68.0,17.33195
2.0,5.0,69.0,-1.8345494
5.0,2.0,69.0,-1.8345494
2.0,14.0,38.0,65.61574
14.0,2.0,38.0,65.61574
2.0,14.0,39.0,29.542171
14.0,2.0,39.0,29.542171
2.0,14.0,40.0,84.87797
14.0,2.0,40.0,84.87797
2.0,14.0,41.0,36.46923
14.0,2.0,41.0,36.46923
2.0,14.0,42.0,20.1606
14.0,2.0,42.0,20.1606
2.0,14.0,43.0,16.437239
14.0,2.0,43.0,16.437239
2.0,14.0,44.0,43.08753
14.0,2.0,44.0,43.08753
2.0,14.0,45.0,24.481411
14.0,2.0,45.0,24.481411
2.0,14.0,46.0,-140.3657
14.0,2.0,46.0,-140.3657
2.0,14.0,47.0,29.986374
14.0,2.0,47.0,29.986374
2.0,14.0,48.0,-109.27731
14.0,2.0,48.0,-109.27731
2.0,14.0,49.0,22.426613
14.0,2.0,49.0,22.426613
2.0,14.0,50.0,36.99711
14.0,2.0,50.0,36.99711
2.0,14.0,51.0,23.475807
14.0,2.0,51.0,23.475807
2.0,14.0,52.0,12.68551
14.0,2.0,52.0,12.68551
2.0,14.0,53.0,-5.358187
14.0,2.0,53.0,-5.358187
2.0,14.0,54.0,18.627361
14.0,2.0,54.0,18.627361
2.0,14.0,55.0,22.615648
14.0,2.0,55.0,22.615648
2.0,14.0,56.0,22.78049
14.0,2.0,56.0,22.78049
2.0,14.0,57.0,16.50614
14.0,2.0,57.0,16.50614
2.0,14.0,58.0,12.132073
14.0,2.0,58.0,12.132073
2.0,14.0,59.0,28.807625
14.0,2.0,59.0,28.807625
2.0,14.0,60.0,67.46702
14.0,2.0,60.0,67.46702
2.0,14.0,61.0,1.890114
14.0,2.0,61.0,1.890114
2.0,14.0,62.0,39.19889
14.0,2.0,62.0,39.19889
2.0,14.0,63.0,4.296385
14.0,2.0,63.0,4.296385
2.0,14.0,64.0,10.334545
14.0,2.0,64.0,10.334545
2.0,14.0,65.0,18.485756
14.0,2.0,65.0,18.485756
2.0,14.0,66.0,-166.37756
14.0,2.0,66.0,-166.37756
2.0,14.0,67.0,103.96699
14.0,2.0,67.0,103.96699
2.0,14.0,68.0,25.671131
14.0,2.0,68.0,25.671131
2.0,14.0,69.0,27.201092
14.0,2.0,69.0,27.201092
2.0,20.0,38.0,21.650412
20.0,2.0,38.0,21.650412
2.0,20.0,39.0,-0.7639781
20.0,2.0,39.0,-0.7639781
2.0,20.0,40.0,8.756119
20.0,2.0,40.0,8.756119
2.0,20.0,41.0,6.4009886
20.0,2.0,41.0,6.4009886
2.0,20.0,42.0,15.672198
20.0,2.0,42.0,15.672198
2.0,20.0,43.0,2.1930149
20.0,2.0,43.0,2.1930149
2.0,20.0,44.0,3.0600507
20.0,2.0,44.0,3.0600507
2.0,20.0,45.0,13.577588
20.0,2.0,45.0,13.577588
2.0,20.0,46.0,0.74296194
20.0,2.0,46.0,0.74296194
2.0,20.0,47.0,17.253002
20.0,2.0,47.0,17.253002
2.0,20.0,48.0,26.382746
20.0,2.0,48.0,26.382746
2.0,20.0,49.0,-0.6748654
20.0,2.0,49.0,-0.6748654
2.0,20.0,50.0,21.49018
20.0,2.0,50.0,21.49018
2.0,20.0,51.0,19.4939
20.0,2.0,51.0,19.4939
2.0,20.0,52.0,4.831877
20.0,2.0,52.0,4.831877
2.0,20.0,53.0,3.570201
20.0,2.0,53.0,3.570201
2.0,20.0,54.0,-1.6322168
20.0,2.0,54.0,-1.6322168
2.0,20.0,55.0,10.692457
20.0,2.0,55.0,10.692457
2.0,20.0,56.0,16.576248
20.0,2.0,56.0,16.576248
2.0,20.0,57.0,-1.6550419
20.0,2.0,57.0,-1.6550419
2.0,20.0,58.0,11.9002495
20.0,2.0,58.0,11.9002495
2.0,20.0,59.0,-1.817809
20.0,2.0,59.0,-1.817809
2.0,20.0,60.0,2.7564082
20.0,2.0,60.0,2.7564082
2.0,20.0,61.0,7.9216056
20.0,2.0,61.0,7.9216056
2.0,20.0,62.0,20.917973
20.0,2.0,62.0,20.917973
2.0,20.0,63.0,15.9223385
20.0,2.0,63.0,15.9223385
2.0,20.0,64.0,12.701595
20.0,2.0,64.0,12.701595
2.0,20.0,65.0,5.773716
20.0,2.0,65.0,5.773716
2.0,20.0,66.0,15.951265
20.0,2.0,66.0,15.951265
2.0,20.0,67.0,87.76943
20.0,2.0,67.0,87.76943
2.0,20.0,68.0,12.840476
20.0,2.0,68.0,12.840476
2.0,20.0,69.0,19.180119
20.0,2.0,69.0,19.180119
2.0,21.0,38.0,1.933351
21.0,2.0,38.0,1.933351
2.0,21.0,39.0,15.214559
21.0,2.0,39.0,15.214559
2.0,21.0,40.0,29.9115
21.0,2.0,40.0,29.9115
2.0,21.0,41.0,9.664418
21.0,2.0,41.0,9.664418
2.0,21.0,42.0,27.15245
21.0,2.0,42.0,27.15245
2.0,21.0,43.0,18.104912
21.0,2.0,43.0,18.104912
2.0,21.0,44.0,8.9009695
21.0,2.0,44.0,8.9009695
2.0,21.0,45.0,17.836943
21.0,2.0,45.0,17.836943
2.0,21.0,46.0,28.44695
21.0,2.0,46.0,28.44695
2.0,21.0,47.0,17.363956
21.0,2.0,47.0,17.363956
2.0,21.0,48.0,82.50812
21.0,2.0,48.0,82.50812
2.0,21.0,49.0,11.580515
21.0,2.0,49.0,11.580515
2.0,21.0,50.0,20.695122
21.0,2.0,50.0,20.695122
2.0,21.0,51.0,22.362297
21.0,2.0,51.0,22.362297
2.0,21.0,52.0,18.491207
21.0,2.0,52.0,18.491207
2.0,21.0,53.0,13.44957
21.0,2.0,53.0,13.44957
2.0,21.0,54.0,17.148975
21.0,2.0,54.0,17.148975
2.0,21.0,55.0,23.763329
21.0,2.0,55.0,23.763329
2.0,21.0,56.0,8.056075
21.0,2.0,56.0,8.056075
2.0,21.0,57.0,9.843572
21.0,2.0,57.0,9.843572
2.0,21.0,58.0,20.491945
21.0,2.0,58.0,20.491945
2.0,21.0,59.0,4.024927
21.0,2.0,59.0,4.024927
2.0,21.0,60.0,12.624241
21.0,2.0,60.0,12.624241
2.0,21.0,61.0,16.70518
21.0,2.0,61.0,16.70518
2.0,21.0,62.0,22.036304
21.0,2.0,62.0,22.036304
2.0,21.0,63.0,24.81227
21.0,2.0,63.0,24.81227
2.0,21.0,64.0,3.3458562
21.0,2.0,64.0,3.3458562
2.0,21.0,65.0,1.2621038
21.0,2.0,65.0,1.2621038
2.0,21.0,66.0,13.975082
21.0,2.0,66.0,13.975082
2.0,21.0,67.0,33.153416
21.0,2.0,67.0,33.153416
2.0,21.0,68.0,11.412545
21.0,2.0,68.0,11.412545
2.0,21.0,69.0,20.220049
21.0,2.0,69.0,20.220049
2.0,16.0,38.0,5.714005
16.0,2.0,38.0,5.714005
2.0,16.0,39.0,1.7761949
16.0,2.0,39.0,1.7761949
2.0,16.0,40.0,7.811573
16.0,2.0,40.0,7.811573
2.0,16.0,41.0,20.932877
16.0,2.0,41.0,20.932877
2.0,16.0,42.0,11.7513075
16.0,2.0,42.0,11.7513075
2.0,16.0,43.0,-3.2919984
16.0,2.0,43.0,-3.2919984
2.0,16.0,44.0,6.099572
16.0,2.0,44.0,6.099572
2.0,16.0,45.0,22.02833
16.0,2.0,45.0,22.02833
2.0,16.0,46.0,12.987336
16.0,2.0,46.0,12.987336
2.0,16.0,47.0,14.390424
16.0,2.0,47.0,14.390424
2.0,16.0,48.0,22.339338
16.0,2.0,48.0,22.339338
2.0,16.0,49.0,1.5599295
16.0,2.0,49.0,1.5599295
2.0,16.0,50.0,12.158316
16.0,2.0,50.0,12.158316
2.0,16.0,51.0,-7.608616
16.0,2.0,51.0,-7.608616
2.0,16.0,52.0,0.75408363
16.0,2.0,52.0,0.75408363
2.0,16.0,53.0,0.44554234
16.0,2.0,53.0,0.44554234
2.0,16.0,54.0,4.898983
16.0,2.0,54.0,4.898983
2.0,16.0,55.0,6.2629023
16.0,2.0,55.0,6.2629023
2.0,16.0,56.0,1.1805928
16.0,2.0,56.0,1.1805928
2.0,16.0,57.0,9.073847
16.0,2.0,57.0,9.073847
2.0,16.0,58.0,-9.586959
16.0,2.0,58.0,-9.586959
2.0,16.0,59.0,0.36802506
16.0,2.0,59.0,0.36802506
2.0,16.0,60.0,14.222769
16.0,2.0,60.0,14.222769
2.0,16.0,61.0,-4.4171286
16.0,2.0,61.0,-4.4171286
2.0,16.0,62.0,13.530751
16.0,2.0,62.0,13.530751
2.0,16.0,63.0,2.4956992
16.0,2.0,63.0,2.4956992
2.0,16.0,64.0,1.5314374
16.0,2.0,64.0,1.5314374
2.0,16.0,65.0,7.147969
16.0,2.0,65.0,7.147969
2.0,16.0,66.0,-0.789725
16.0,2.0,66.0,-0.789725
2.0,16.0,67.0,36.987892
16.0,2.0,67.0,36.987892
2.0,16.0,68.0,9.241875
16.0,2.0,68.0,9.241875
2.0,16.0,69.0,1.8791194
16.0,2.0,69.0,1.8791194
3.0,0.0,38.0,7.2379475
0.0,3.0,38.0,7.2379475
3.0,0.0,39.0,-7.7976823
0.0,3.0,39.0,-7.7976823
3.0,0.0,40.0,15.117673
0.0,3.0,40.0,15.117673
3.0,0.0,41.0,-4.917175
0.0,3.0,41.0,-4.917175
3.0,0.0,42.0,-13.576832
0.0,3.0,42.0,-13.576832
3.0,0.0,43.0,6.6812453
0.0,3.0,43.0,6.6812453
3.0,0.0,44.0,-2.2306323
0.0,3.0,44.0,-2.2306323
3.0,0.0,45.0,7.3201556
0.0,3.0,45.0,7.3201556
3.0,0.0,46.0,-2.168954
0.0,3.0,46.0,-2.168954
3.0,0.0,47.0,-15.42171
0.0,3.0,47.0,-15.42171
3.0,0.0,48.0,12.363311
0.0,3.0,48.0,12.363311
3.0,0.0,49.0,1.0401757
0.0,3.0,49.0,1.0401757
3.0,0.0,50.0,2.8414276
0.0,3.0,50.0,2.8414276
3.0,0.0,51.0,6.953286
0.0,3.0,51.0,6.953286
3.0,0.0,52.0,-11.335535
0.0,3.0,52.0,-11.335535
3.0,0.0,53.0,15.894723
0.0,3.0,53.0,15.894723
3.0,0.0,54.0,-1.3493488
0.0,3.0,54.0,-1.3493488
3.0,0.0,55.0,-21.123972
0.0,3.0,55.0,-21.123972
3.0,0.0,56.0,8.260546
0.0,3.0,56.0,8.260546
3.0,0.0,57.0,5.606347
0.0,3.0,57.0,5.606347
3.0,0.0,58.0,-1.3063244
0.0,3.0,58.0,-1.3063244
3.0,0.0,59.0,4.3066506
0.0,3.0,59.0,4.3066506
3.0,0.0,60.0,9.845917
0.0,3.0,60.0,9.845917
3.0,0.0,61.0,2.2864213
0.0,3.0,61.0,2.2864213
3.0,0.0,62.0,-0.89190096
0.0,3.0,62.0,-0.89190096
3.0,0.0,63.0,-8.558738
0.0,3.0,63.0,-8.558738
3.0,0.0,64.0,0.85511917
0.0,3.0,64.0,0.85511917
3.0,0.0,65.0,6.598888
0.0,3.0,65.0,6.598888
3.0,0.0,66.0,-11.226516
0.0,3.0,66.0,-11.226516
3.0,0.0,67.0,-18.76073
0.0,3.0,67.0,-18.76073
3.0,0.0,68.0,-7.5148373
0.0,3.0,68.0,-7.5148373
3.0,0.0,69.0,3.0726182
0.0,3.0,69.0,3.0726182
3.0,2.0,38.0,6.8176627
2.0,3.0,38.0,6.8176627
3.0,2.0,39.0,4.111028
2.0,3.0,39.0,4.111028
3.0,2.0,40.0,20.497686
2.0,3.0,40.0,20.497686
3.0,2.0,41.0,0.7876949
2.0,3.0,41.0,0.7876949
3.0,2.0,42.0,-4.774126
2.0,3.0,42.0,-4.774126
3.0,2.0,43.0,2.675415
2.0,3.0,43.0,2.675415
3.0,2.0,44.0,13.044912
2.0,3.0,44.0,13.044912
3.0,2.0,45.0,13.017635
2.0,3.0,45.0,13.017635
3.0,2.0,46.0,7.518252
2.0,3.0,46.0,7.518252
3.0,2.0,47.0,0.9756392
2.0,3.0,47.0,0.9756392
3.0,2.0,48.0,71.13582
2.0,3.0,48.0,71.13582
3.0,2.0,49.0,21.589941
2.0,3.0,49.0,21.589941
3.0,2.0,50.0,11.893094
2.0,3.0,50.0,11.893094
3.0,2.0,51.0,72.65027
2.0,3.0,51.0,72.65027
3.0,2.0,52.0,-11.108061
2.0,3.0,52.0,-11.108061
3.0,2.0,53.0,-2.7964613
2.0,3.0,53.0,-2.7964613
3.0,2.0,54.0,5.4271193
2.0,3.0,54.0,5.4271193
3.0,2.0,55.0,-20.115444
2.0,3.0,55.0,-20.115444
3.0,2.0,56.0,9.267179
2.0,3.0,56.0,9.267179
3.0,2.0,57.0,-1.1426936
2.0,3.0,57.0,-1.1426936
3.0,2.0,58.0,-5.12581
2.0,3.0,58.0,-5.12581
3.0,2.0,59.0,5.1727176
2.0,3.0,59.0,5.1727176
3.0,2.0,60.0,17.091866
2.0,3.0,60.0,17.091866
3.0,2.0,61.0,1.72753
2.0,3.0,61.0,1.72753
3.0,2.0,62.0,14.549712
2.0,3.0,62.0,14.549712
3.0,2.0,63.0,-0.26860297
2.0,3.0,63.0,-0.26860297
3.0,2.0,64.0,5.599124
2.0,3.0,64.0,5.599124
3.0,2.0,65.0,15.506339
2.0,3.0,65.0,15.506339
3.0,2.0,66.0,27.789438
2.0,3.0,66.0,27.789438
3.0,2.0,67.0,87.021225
2.0,3.0,67.0,87.021225
3.0,2.0,68.0,-3.0147328
2.0,3.0,68.0,-3.0147328
3.0,2.0,69.0,12.939547
2.0,3.0,69.0,12.939547
3.0,4.0,38.0,21.659655
4.0,3.0,38.0,21.659655
3.0,4.0,39.0,27.353027
4.0,3.0,39.0,27.353027
3.0,4.0,40.0,24.410276
4.0,3.0,40.0,24.410276
3.0,4.0,41.0,15.328535
4.0,3.0,41.0,15.328535
3.0,4.0,42.0,-11.531864
4.0,3.0,42.0,-11.531864
3.0,4.0,43.0,20.737392
4.0,3.0,43.0,20.737392
3.0,4.0,44.0,4.351804
4.0,3.0,44.0,4.351804
3.0,4.0,45.0,-9.217892
4.0,3.0,45.0,-9.217892
3.0,4.0,46.0,-13.585745
4.0,3.0,46.0,-13.585745
3.0,4.0,47.0,-4.760185
4.0,3.0,47.0,-4.760185
3.0,4.0,48.0,-24.841177
4.0,3.0,48.0,-24.841177
3.0,4.0,49.0,38.26264
4.0,3.0,49.0,38.26264
3.0,4.0,50.0,9.45206
4.0,3.0,50.0,9.45206
3.0,4.0,51.0,101.83604
4.0,3.0,51.0,101.83604
3.0,4.0,52.0,-4.7920957
4.0,3.0,52.0,-4.7920957
3.0,4.0,53.0,-44.785194
4.0,3.0,53.0,-44.785194
3.0,4.0,54.0,-203.70004
4.0,3.0,54.0,-203.70004
3.0,4.0,55.0,-2.9268076
4.0,3.0,55.0,-2.9268076
3.0,4.0,56.0,-1.7142881
4.0,3.0,56.0,-1.7142881
3.0,4.0,57.0,-12.679826
4.0,3.0,57.0,-12.679826
3.0,4.0,58.0,25.330534
4.0,3.0,58.0,25.330534
3.0,4.0,59.0,-8.4998665
4.0,3.0,59.0,-8.4998665
3.0,4.0,60.0,8.023336
4.0,3.0,60.0,8.023336
3.0,4.0,61.0,0.3750507
4.0,3.0,61.0,0.3750507
3.0,4.0,62.0,-11.632337
4.0,3.0,62.0,-11.632337
3.0,4.0,63.0,-10.154852
4.0,3.0,63.0,-10.154852
3.0,4.0,64.0,-16.711266
4.0,3.0,64.0,-16.711266
3.0,4.0,65.0,20.413446
4.0,3.0,65.0,20.413446
3.0,4.0,66.0,26.884706
4.0,3.0,66.0,26.884706
3.0,4.0,67.0,4.1456513
4.0,3.0,67.0,4.1456513
3.0,4.0,68.0,-4.7962646
4.0,3.0,68.0,-4.7962646
3.0,4.0,69.0,-6.8551526
4.0,3.0,69.0,-6.8551526
3.0,5.0,38.0,-20.064692
5.0,3.0,38.0,-20.064692
3.0,5.0,39.0,-27.634682
5.0,3.0,39.0,-27.634682
3.0,5.0,40.0,-9.021721
5.0,3.0,40.0,-9.021721
3.0,5.0,41.0,-13.086599
5.0,3.0,41.0,-13.086599
3.0,5.0,42.0,-35.61379
5.0,3.0,42.0,-35.61379
3.0,5.0,43.0,-17.77242
5.0,3.0,43.0,-17.77242
3.0,5.0,44.0,-29.553057
5.0,3.0,44.0,-29.553057
3.0,5.0,45.0,-23.248486
5.0,3.0,45.0,-23.248486
3.0,5.0,46.0,-18.781982
5.0,3.0,46.0,-18.781982
3.0,5.0,47.0,-20.605227
5.0,3.0,47.0,-20.605227
3.0,5.0,48.0,-10.750622
5.0,3.0,48.0,-10.750622
3.0,5.0,49.0,-16.742895
5.0,3.0,49.0,-16.742895
3.0,5.0,50.0,-21.865662
5.0,3.0,50.0,-21.865662
3.0,5.0,51.0,-10.37374
5.0,3.0,51.0,-10.37374
3.0,5.0,52.0,-36.358032
5.0,3.0,52.0,-36.358032
3.0,5.0,53.0,-25.366993
5.0,3.0,53.0,-25.366993
3.0,5.0,54.0,-21.382692
5.0,3.0,54.0,-21.382692
3.0,5.0,55.0,-42.047543
5.0,3.0,55.0,-42.047543
3.0,5.0,56.0,-7.663905
5.0,3.0,56.0,-7.663905
3.0,5.0,57.0,-28.667364
5.0,3.0,57.0,-28.667364
3.0,5.0,58.0,-29.333462
5.0,3.0,58.0,-29.333462
3.0,5.0,59.0,-17.480558
5.0,3.0,59.0,-17.480558
3.0,5.0,60.0,-17.387817
5.0,3.0,60.0,-17.387817
3.0,5.0,61.0,-10.208281
5.0,3.0,61.0,-10.208281
3.0,5.0,62.0,-11.611821
5.0,3.0,62.0,-11.611821
3.0,5.0,63.0,-33.42437
5.0,3.0,63.0,-33.42437
3.0,5.0,64.0,-32.041946
5.0,3.0,64.0,-32.041946
3.0,5.0,65.0,-17.56227
5.0,3.0,65.0,-17.56227
3.0,5.0,66.0,-33.782993
5.0,3.0,66.0,-33.782993
3.0,5.0,67.0,-30.844482
5.0,3.0,67.0,-30.844482
3.0,5.0,68.0,-20.943678
5.0,3.0,68.0,-20.943678
3.0,5.0,69.0,-21.606817
5.0,3.0,69.0,-21.606817
3.0,7.0,38.0,-12.344752
7.0,3.0,38.0,-12.344752
3.0,7.0,39.0,-17.024767
7.0,3.0,39.0,-17.024767
3.0,7.0,40.0,9.453486
7.0,3.0,40.0,9.453486
3.0,7.0,41.0,1.0947212
7.0,3.0,41.0,1.0947212
3.0,7.0,42.0,3.4054399
7.0,3.0,42.0,3.4054399
3.0,7.0,43.0,-15.586759
7.0,3.0,43.0,-15.586759
3.0,7.0,44.0,4.4190087
7.0,3.0,44.0,4.4190087
3.0,7.0,45.0,-4.0081973
7.0,3.0,45.0,-4.0081973
3.0,7.0,46.0,-13.745562
7.0,3.0,46.0,-13.745562
3.0,7.0,47.0,-30.91419
7.0,3.0,47.0,-30.91419
3.0,7.0,48.0,4.8876863
7.0,3.0,48.0,4.8876863
3.0,7.0,49.0,0.9847372
7.0,3.0,49.0,0.9847372
3.0,7.0,50.0,4.8451605
7.0,3.0,50.0,4.8451605
3.0,7.0,51.0,50.836937
7.0,3.0,51.0,50.836937
3.0,7.0,52.0,-35.693157
7.0,3.0,52.0,-35.693157
3.0,7.0,53.0,-25.063185
7.0,3.0,53.0,-25.063185
3.0,7.0,54.0,-41.084305
7.0,3.0,54.0,-41.084305
3.0,7.0,55.0,-56.436226
7.0,3.0,55.0,-56.436226
3.0,7.0,56.0,-1.4229941
7.0,3.0,56.0,-1.4229941
3.0,7.0,57.0,-24.823923
7.0,3.0,57.0,-24.823923
3.0,7.0,58.0,-36.857414
7.0,3.0,58.0,-36.857414
3.0,7.0,59.0,4.724298
7.0,3.0,59.0,4.724298
3.0,7.0,60.0,0.50045395
7.0,3.0,60.0,0.50045395
3.0,7.0,61.0,-8.300669
7.0,3.0,61.0,-8.300669
3.0,7.0,62.0,-5.7375917
7.0,3.0,62.0,-5.7375917
3.0,7.0,63.0,-35.149506
7.0,3.0,63.0,-35.149506
3.0,7.0,64.0,-5.760964
7.0,3.0,64.0,-5.760964
3.0,7.0,65.0,-20.84676
7.0,3.0,65.0,-20.84676
3.0,7.0,66.0,-33.365093
7.0,3.0,66.0,-33.365093
3.0,7.0,67.0,-54.251057
7.0,3.0,67.0,-54.251057
3.0,7.0,68.0,-45.521847
7.0,3.0,68.0,-45.521847
3.0,7.0,69.0,-3.4154646
7.0,3.0,69.0,-3.4154646
3.0,13.0,38.0,-6.295089
13.0,3.0,38.0,-6.295089
3.0,13.0,39.0,4.790599
13.0,3.0,39.0,4.790599
3.0,13.0,40.0,-23.326593
13.0,3.0,40.0,-23.326593
3.0,13.0,41.0,-2.7044144
13.0,3.0,41.0,-2.7044144
3.0,13.0,42.0,-17.344643
13.0,3.0,42.0,-17.344643
3.0,13.0,43.0,19.191305
13.0,3.0,43.0,19.191305
3.0,13.0,44.0,17.41609
13.0,3.0,44.0,17.41609
3.0,13.0,45.0,1.5923938
13.0,3.0,45.0,1.5923938
3.0,13.0,46.0,-11.57656
13.0,3.0,46.0,-11.57656
3.0,13.0,47.0,-16.90233
13.0,3.0,47.0,-16.90233
3.0,13.0,48.0,7.589511
13.0,3.0,48.0,7.589511
3.0,13.0,49.0,20.475153
13.0,3.0,49.0,20.475153
3.0,13.0,50.0,0.75615126
13.0,3.0,50.0,0.75615126
3.0,13.0,51.0,114.17987
13.0,3.0,51.0,114.17987
3.0,13.0,52.0,-12.136899
13.0,3.0,52.0,-12.136899
3.0,13.0,53.0,37.59401
13.0,3.0,53.0,37.59401
3.0,13.0,54.0,7.3837914
13.0,3.0,54.0,7.3837914
3.0,13.0,55.0,-26.76577
13.0,3.0,55.0,-26.76577
3.0,13.0,56.0,6.417144
13.0,3.0,56.0,6.417144
3.0,13.0,57.0,-2.3067858
13.0,3.0,57.0,-2.3067858
3.0,13.0,58.0,2.0388937
13.0,3.0,58.0,2.0388937
3.0,13.0,59.0,-4.287754
13.0,3.0,59.0,-4.287754
3.0,13.0,60.0,8.326761
13.0,3.0,60.0,8.326761
3.0,13.0,61.0,9.205614
13.0,3.0,61.0,9.205614
3.0,13.0,62.0,9.284113
13.0,3.0,62.0,9.284113
3.0,13.0,63.0,-13.904814
13.0,3.0,63.0,-13.904814
3.0,13.0,64.0,-2.4196846
13.0,3.0,64.0,-2.4196846
3.0,13.0,65.0,-2.606203
13.0,3.0,65.0,-2.606203
3.0,13.0,66.0,19.05367
13.0,3.0,66.0,19.05367
3.0,13.0,67.0,-11.069716
13.0,3.0,67.0,-11.069716
3.0,13.0,68.0,-13.513874
13.0,3.0,68.0,-13.513874
3.0,13.0,69.0,9.045255
13.0,3.0,69.0,9.045255
3.0,14.0,38.0,16.409498
14.0,3.0,38.0,16.409498
3.0,14.0,39.0,-12.226179
14.0,3.0,39.0,-12.226179
3.0,14.0,40.0,0.19422865
14.0,3.0,40.0,0.19422865
3.0,14.0,41.0,-7.5617437
14.0,3.0,41.0,-7.5617437
3.0,14.0,42.0,-29.641258
14.0,3.0,42.0,-29.641258
3.0,14.0,43.0,-4.147582
14.0,3.0,43.0,-4.147582
3.0,14.0,44.0,-33.73188
14.0,3.0,44.0,-33.73188
3.0,14.0,45.0,2.4904363
14.0,3.0,45.0,2.4904363
3.0,14.0,46.0,-167.52473
14.0,3.0,46.0,-167.52473
3.0,14.0,47.0,-18.42388
14.0,3.0,47.0,-18.42388
3.0,14.0,48.0,-181.2876
14.0,3.0,48.0,-181.2876
3.0,14.0,49.0,-3.3599217
14.0,3.0,49.0,-3.3599217
3.0,14.0,50.0,-5.89256
14.0,3.0,50.0,-5.89256
3.0,14.0,51.0,25.582253
14.0,3.0,51.0,25.582253
3.0,14.0,52.0,-22.293077
14.0,3.0,52.0,-22.293077
3.0,14.0,53.0,-44.45732
14.0,3.0,53.0,-44.45732
3.0,14.0,54.0,-18.1013
14.0,3.0,54.0,-18.1013
3.0,14.0,55.0,-26.965496
14.0,3.0,55.0,-26.965496
3.0,14.0,56.0,0.81838834
14.0,3.0,56.0,0.81838834
3.0,14.0,57.0,-15.864831
14.0,3.0,57.0,-15.864831
3.0,14.0,58.0,-15.330519
14.0,3.0,58.0,-15.330519
3.0,14.0,59.0,-4.6153564
14.0,3.0,59.0,-4.6153564
3.0,14.0,60.0,-1.102152
14.0,3.0,60.0,-1.102152
3.0,14.0,61.0,-22.108433
14.0,3.0,61.0,-22.108433
3.0,14.0,62.0,-11.383926
14.0,3.0,62.0,-11.383926
3.0,14.0,63.0,-29.322077
14.0,3.0,63.0,-29.322077
3.0,14.0,64.0,-16.169449
14.0,3.0,64.0,-16.169449
3.0,14.0,65.0,17.045086
14.0,3.0,65.0,17.045086
3.0,14.0,66.0,-194.36142
14.0,3.0,66.0,-194.36142
3.0,14.0,67.0,-8.126399
14.0,3.0,67.0,-8.126399
3.0,14.0,68.0,-14.220811
14.0,3.0,68.0,-14.220811
3.0,14.0,69.0,4.0349874
14.0,3.0,69.0,4.0349874
3.0,20.0,38.0,1.2954707
20.0,3.0,38.0,1.2954707
3.0,20.0,39.0,-17.157072
20.0,3.0,39.0,-17.157072
3.0,20.0,40.0,-14.396879
20.0,3.0,40.0,-14.396879
3.0,20.0,41.0,-20.661922
20.0,3.0,41.0,-20.661922
3.0,20.0,42.0,-9.670687
20.0,3.0,42.0,-9.670687
3.0,20.0,43.0,-10.913232
20.0,3.0,43.0,-10.913232
3.0,20.0,44.0,-18.173704
20.0,3.0,44.0,-18.173704
3.0,20.0,45.0,-2.6206946
20.0,3.0,45.0,-2.6206946
3.0,20.0,46.0,-8.6446495
20.0,3.0,46.0,-8.6446495
3.0,20.0,47.0,-9.234354
20.0,3.0,47.0,-9.234354
3.0,20.0,48.0,-38.450146
20.0,3.0,48.0,-38.450146
3.0,20.0,49.0,-12.432502
20.0,3.0,49.0,-12.432502
3.0,20.0,50.0,-4.970605
20.0,3.0,50.0,-4.970605
3.0,20.0,51.0,57.34722
20.0,3.0,51.0,57.34722
3.0,20.0,52.0,-19.209013
20.0,3.0,52.0,-19.209013
3.0,20.0,53.0,3.8037567
20.0,3.0,53.0,3.8037567
3.0,20.0,54.0,-16.015177
20.0,3.0,54.0,-16.015177
3.0,20.0,55.0,-25.480827
20.0,3.0,55.0,-25.480827
3.0,20.0,56.0,0.80346066
20.0,3.0,56.0,0.80346066
3.0,20.0,57.0,-21.923979
20.0,3.0,57.0,-21.923979
3.0,20.0,58.0,-5.4946046
20.0,3.0,58.0,-5.4946046
3.0,20.0,59.0,-32.686497
20.0,3.0,59.0,-32.686497
3.0,20.0,60.0,7.1379943
20.0,3.0,60.0,7.1379943
3.0,20.0,61.0,-26.00293
20.0,3.0,61.0,-26.00293
3.0,20.0,62.0,-1.6040848
20.0,3.0,62.0,-1.6040848
3.0,20.0,63.0,-34.93898
20.0,3.0,63.0,-34.93898
3.0,20.0,64.0,3.3520434
20.0,3.0,64.0,3.3520434
3.0,20.0,65.0,-1.770554
20.0,3.0,65.0,-1.770554
3.0,20.0,66.0,5.982386
20.0,3.0,66.0,5.982386
3.0,20.0,67.0,-37.746544
20.0,3.0,67.0,-37.746544
3.0,20.0,68.0,-10.818225
20.0,3.0,68.0,-10.818225
3.0,20.0,69.0,-3.693665
20.0,3.0,69.0,-3.693665
3.0,21.0,38.0,28.092863
21.0,3.0,38.0,28.092863
3.0,21.0,39.0,-22.741253
21.0,3.0,39.0,-22.741253
3.0,21.0,40.0,26.754787
21.0,3.0,40.0,26.754787
3.0,21.0,41.0,-9.759149
21.0,3.0,41.0,-9.759149
3.0,21.0,42.0,-1.9098219
21.0,3.0,42.0,-1.9098219
3.0,21.0,43.0,-1.8160989
21.0,3.0,43.0,-1.8160989
3.0,21.0,44.0,-27.17579
21.0,3.0,44.0,-27.17579
3.0,21.0,45.0,0.2521684
21.0,3.0,45.0,0.2521684
3.0,21.0,46.0,-5.167653
21.0,3.0,46.0,-5.167653
3.0,21.0,47.0,-22.62475
21.0,3.0,47.0,-22.62475
3.0,21.0,48.0,9.937109
21.0,3.0,48.0,9.937109
3.0,21.0,49.0,11.5858
21.0,3.0,49.0,11.5858
3.0,21.0,50.0,2.9171095
21.0,3.0,50.0,2.9171095
3.0,21.0,51.0,64.75092
21.0,3.0,51.0,64.75092
3.0,21.0,52.0,-17.354803
21.0,3.0,52.0,-17.354803
3.0,21.0,53.0,-3.1706247
21.0,3.0,53.0,-3.1706247
3.0,21.0,54.0,-7.1558213
21.0,3.0,54.0,-7.1558213
3.0,21.0,55.0,-36.066376
21.0,3.0,55.0,-36.066376
3.0,21.0,56.0,14.4243145
21.0,3.0,56.0,14.4243145
3.0,21.0,57.0,-23.926542
21.0,3.0,57.0,-23.926542
3.0,21.0,58.0,14.586476
21.0,3.0,58.0,14.586476
3.0,21.0,59.0,-22.387787
21.0,3.0,59.0,-22.387787
3.0,21.0,60.0,15.171459
21.0,3.0,60.0,15.171459
3.0,21.0,61.0,-14.957822
21.0,3.0,61.0,-14.957822
3.0,21.0,62.0,-13.024351
21.0,3.0,62.0,-13.024351
3.0,21.0,63.0,-10.950267
21.0,3.0,63.0,-10.950267
3.0,21.0,64.0,-11.0032015
21.0,3.0,64.0,-11.0032015
3.0,21.0,65.0,-1.3346219
21.0,3.0,65.0,-1.3346219
3.0,21.0,66.0,-5.7383437
21.0,3.0,66.0,-5.7383437
3.0,21.0,67.0,-11.05282
21.0,3.0,67.0,-11.05282
3.0,21.0,68.0,-12.115967
21.0,3.0,68.0,-12.115967
3.0,21.0,69.0,7.5009646
21.0,3.0,69.0,7.5009646
3.0,16.0,38.0,5.680213
16.0,3.0,38.0,5.680213
3.0,16.0,39.0,-9.618158
16.0,3.0,39.0,-9.618158
3.0,16.0,40.0,-1.5107917
16.0,3.0,40.0,-1.5107917
3.0,16.0,41.0,-0.51958746
16.0,3.0,41.0,-0.51958746
3.0,16.0,42.0,-19.267357
16.0,3.0,42.0,-19.267357
3.0,16.0,43.0,-11.938077
16.0,3.0,43.0,-11.938077
3.0,16.0,44.0,-23.745108
16.0,3.0,44.0,-23.745108
3.0,16.0,45.0,-4.896653
16.0,3.0,45.0,-4.896653
3.0,16.0,46.0,-8.798393
16.0,3.0,46.0,-8.798393
3.0,16.0,47.0,-14.243697
16.0,3.0,47.0,-14.243697
3.0,16.0,48.0,-7.9748406
16.0,3.0,48.0,-7.9748406
3.0,16.0,49.0,-12.186227
16.0,3.0,49.0,-12.186227
3.0,16.0,50.0,-16.928852
16.0,3.0,50.0,-16.928852
3.0,16.0,51.0,-20.905891
16.0,3.0,51.0,-20.905891
3.0,16.0,52.0,-11.897605
16.0,3.0,52.0,-11.897605
3.0,16.0,53.0,-14.794542
16.0,3.0,53.0,-14.794542
3.0,16.0,54.0,-10.499095
16.0,3.0,54.0,-10.499095
3.0,16.0,55.0,-21.332506
16.0,3.0,55.0,-21.332506
3.0,16.0,56.0,-2.1252
16.0,3.0,56.0,-2.1252
3.0,16.0,57.0,-12.672395
16.0,3.0,57.0,-12.672395
3.0,16.0,58.0,-27.508759
16.0,3.0,58.0,-27.508759
3.0,16.0,59.0,-10.663765
16.0,3.0,59.0,-10.663765
3.0,16.0,60.0,-2.6312823
16.0,3.0,60.0,-2.6312823
3.0,16.0,61.0,-20.15788
16.0,3.0,61.0,-20.15788
3.0,16.0,62.0,-3.1182196
16.0,3.0,62.0,-3.1182196
3.0,16.0,63.0,-18.675375
16.0,3.0,63.0,-18.675375
3.0,16.0,64.0,0.95094496
16.0,3.0,64.0,0.95094496
3.0,16.0,65.0,4.0954146
16.0,3.0,65.0,4.0954146
3.0,16.0,66.0,-4.0213985
16.0,3.0,66.0,-4.0213985
3.0,16.0,67.0,-6.7482862
16.0,3.0,67.0,-6.7482862
3.0,16.0,68.0,-11.401045
16.0,3.0,68.0,-11.401045
3.0,16.0,69.0,-20.680775
16.0,3.0,69.0,-20.680775
3.0,22.0,38.0,-12.188185
22.0,3.0,38.0,-12.188185
3.0,22.0,39.0,-2.5878997
22.0,3.0,39.0,-2.5878997
3.0,22.0,40.0,-52.783314
22.0,3.0,40.0,-52.783314
3.0,22.0,41.0,-0.005490045
22.0,3.0,41.0,-0.005490045
3.0,22.0,42.0,-11.965344
22.0,3.0,42.0,-11.965344
3.0,22.0,43.0,-23.443298
22.0,3.0,43.0,-23.443298
3.0,22.0,44.0,-21.45833
22.0,3.0,44.0,-21.45833
3.0,22.0,45.0,-2.1976185
22.0,3.0,45.0,-2.1976185
3.0,22.0,46.0,-5.684528
22.0,3.0,46.0,-5.684528
3.0,22.0,47.0,-18.18158
22.0,3.0,47.0,-18.18158
3.0,22.0,48.0,-16.84643
22.0,3.0,48.0,-16.84643
3.0,22.0,49.0,0.55832946
22.0,3.0,49.0,0.55832946
3.0,22.0,50.0,0.9905857
22.0,3.0,50.0,0.9905857
3.0,22.0,51.0,21.766375
22.0,3.0,51.0,21.766375
3.0,22.0,52.0,-37.353065
22.0,3.0,52.0,-37.353065
3.0,22.0,53.0,-8.776582
22.0,3.0,53.0,-8.776582
3.0,22.0,54.0,-17.177116
22.0,3.0,54.0,-17.177116
3.0,22.0,55.0,-22.450052
22.0,3.0,55.0,-22.450052
3.0,22.0,56.0,-8.481072
22.0,3.0,56.0,-8.481072
3.0,22.0,57.0,-12.204272
22.0,3.0,57.0,-12.204272
3.0,22.0,58.0,-15.350021
22.0,3.0,58.0,-15.350021
3.0,22.0,59.0,-13.787596
22.0,3.0,59.0,-13.787596
3.0,22.0,60.0,-3.2109015
22.0,3.0,60.0,-3.2109015
3.0,22.0,61.0,-6.338896
22.0,3.0,61.0,-6.338896
3.0,22.0,62.0,-4.762114
22.0,3.0,62.0,-4.762114
3.0,22.0,63.0,-28.942726
22.0,3.0,63.0,-28.942726
3.0,22.0,64.0,-10.785589
22.0,3.0,64.0,-10.785589
3.0,22.0,65.0,7.7471414
22.0,3.0,65.0,7.7471414
3.0,22.0,66.0,5.6874714
22.0,3.0,66.0,5.6874714
3.0,22.0,67.0,-0.6820789
22.0,3.0,67.0,-0.6820789
3.0,22.0,68.0,-1.4980088
22.0,3.0,68.0,-1.4980088
3.0,22.0,69.0,-13.319203
22.0,3.0,69.0,-13.319203
27.0,0.0,38.0,2.7198665
0.0,27.0,38.0,2.7198665
27.0,0.0,39.0,14.472981
0.0,27.0,39.0,14.472981
27.0,0.0,40.0,5.930729
0.0,27.0,40.0,5.930729
27.0,0.0,41.0,-9.082148
0.0,27.0,41.0,-9.082148
27.0,0.0,42.0,15.367005
0.0,27.0,42.0,15.367005
27.0,0.0,43.0,16.03747
0.0,27.0,43.0,16.03747
27.0,0.0,44.0,-6.650364
0.0,27.0,44.0,-6.650364
27.0,0.0,45.0,16.740637
0.0,27.0,45.0,16.740637
27.0,0.0,46.0,6.3997245
0.0,27.0,46.0,6.3997245
27.0,0.0,47.0,0.7672246
0.0,27.0,47.0,0.7672246
27.0,0.0,48.0,-27.490414
0.0,27.0,48.0,-27.490414
27.0,0.0,49.0,3.6382117
0.0,27.0,49.0,3.6382117
27.0,0.0,50.0,8.577632
0.0,27.0,50.0,8.577632
27.0,0.0,51.0,11.815394
0.0,27.0,51.0,11.815394
27.0,0.0,52.0,-2.527152
0.0,27.0,52.0,-2.527152
27.0,0.0,53.0,6.4151106
0.0,27.0,53.0,6.4151106
27.0,0.0,54.0,-2.1413832
0.0,27.0,54.0,-2.1413832
27.0,0.0,55.0,-5.628368
0.0,27.0,55.0,-5.628368
27.0,0.0,56.0,39.46694
0.0,27.0,56.0,39.46694
27.0,0.0,57.0,-5.317817
0.0,27.0,57.0,-5.317817
27.0,0.0,58.0,-14.534981
0.0,27.0,58.0,-14.534981
27.0,0.0,59.0,3.5319958
0.0,27.0,59.0,3.5319958
27.0,0.0,60.0,30.11281
0.0,27.0,60.0,30.11281
27.0,0.0,61.0,-12.84213
0.0,27.0,61.0,-12.84213
27.0,0.0,62.0,15.704701
0.0,27.0,62.0,15.704701
27.0,0.0,63.0,-3.474836
0.0,27.0,63.0,-3.474836
27.0,0.0,64.0,-0.54943115
0.0,27.0,64.0,-0.54943115
27.0,0.0,65.0,7.5385923
0.0,27.0,65.0,7.5385923
27.0,0.0,66.0,-8.487631
0.0,27.0,66.0,-8.487631
27.0,0.0,67.0,-72.75826
0.0,27.0,67.0,-72.75826
27.0,0.0,68.0,16.19672
0.0,27.0,68.0,16.19672
27.0,0.0,69.0,1.4305426
0.0,27.0,69.0,1.4305426
27.0,1.0,38.0,2.0968502
1.0,27.0,38.0,2.0968502
27.0,1.0,39.0,5.8641024
1.0,27.0,39.0,5.8641024
27.0,1.0,40.0,7.139265
1.0,27.0,40.0,7.139265
27.0,1.0,41.0,2.4050431
1.0,27.0,41.0,2.4050431
27.0,1.0,42.0,0.5757722
1.0,27.0,42.0,0.5757722
27.0,1.0,43.0,4.580169
1.0,27.0,43.0,4.580169
27.0,1.0,44.0,4.7396746
1.0,27.0,44.0,4.7396746
27.0,1.0,45.0,7.195291
1.0,27.0,45.0,7.195291
27.0,1.0,46.0,6.599224
1.0,27.0,46.0,6.599224
27.0,1.0,47.0,12.292364
1.0,27.0,47.0,12.292364
27.0,1.0,48.0,-4.7608457
1.0,27.0,48.0,-4.7608457
27.0,1.0,49.0,1.0369128
1.0,27.0,49.0,1.0369128
27.0,1.0,50.0,11.687384
1.0,27.0,50.0,11.687384
27.0,1.0,51.0,-7.713255
1.0,27.0,51.0,-7.713255
27.0,1.0,52.0,20.605433
1.0,27.0,52.0,20.605433
27.0,1.0,53.0,-2.8559477
1.0,27.0,53.0,-2.8559477
27.0,1.0,54.0,-8.638058
1.0,27.0,54.0,-8.638058
27.0,1.0,55.0,-0.65226907
1.0,27.0,55.0,-0.65226907
27.0,1.0,56.0,19.326466
1.0,27.0,56.0,19.326466
27.0,1.0,57.0,-6.175086
1.0,27.0,57.0,-6.175086
27.0,1.0,58.0,43.82448
1.0,27.0,58.0,43.82448
27.0,1.0,59.0,12.014175
1.0,27.0,59.0,12.014175
27.0,1.0,60.0,11.333617
1.0,27.0,60.0,11.333617
27.0,1.0,61.0,7.2443795
1.0,27.0,61.0,7.2443795
27.0,1.0,62.0,10.491173
1.0,27.0,62.0,10.491173
27.0,1.0,63.0,5.782522
1.0,27.0,63.0,5.782522
27.0,1.0,64.0,18.26233
1.0,27.0,64.0,18.26233
27.0,1.0,65.0,-5.326799
1.0,27.0,65.0,-5.326799
27.0,1.0,66.0,5.3360963
1.0,27.0,66.0,5.3360963
27.0,1.0,67.0,-6.15064
1.0,27.0,67.0,-6.15064
27.0,1.0,68.0,8.526463
1.0,27.0,68.0,8.526463
27.0,1.0,69.0,-0.96699905
1.0,27.0,69.0,-0.96699905
27.0,2.0,38.0,-6.0745277
2.0,27.0,38.0,-6.0745277
27.0,2.0,39.0,22.406673
2.0,27.0,39.0,22.406673
27.0,2.0,40.0,61.5926
2.0,27.0,40.0,61.5926
27.0,2.0,41.0,15.635192
2.0,27.0,41.0,15.635192
27.0,2.0,42.0,27.947124
2.0,27.0,42.0,27.947124
27.0,2.0,43.0,8.76738
2.0,27.0,43.0,8.76738
27.0,2.0,44.0,18.748888
2.0,27.0,44.0,18.748888
27.0,2.0,45.0,35.446346
2.0,27.0,45.0,35.446346
27.0,2.0,46.0,26.631083
2.0,27.0,46.0,26.631083
27.0,2.0,47.0,33.25
2.0,27.0,47.0,33.25
27.0,2.0,48.0,51.33644
2.0,27.0,48.0,51.33644
27.0,2.0,49.0,30.010727
2.0,27.0,49.0,30.010727
27.0,2.0,50.0,29.031345
2.0,27.0,50.0,29.031345
27.0,2.0,51.0,1.1585001
2.0,27.0,51.0,1.1585001
27.0,2.0,52.0,29.913155
2.0,27.0,52.0,29.913155
27.0,2.0,53.0,16.553114
2.0,27.0,53.0,16.553114
27.0,2.0,54.0,42.181427
2.0,27.0,54.0,42.181427
27.0,2.0,55.0,27.23992
2.0,27.0,55.0,27.23992
27.0,2.0,56.0,19.105858
2.0,27.0,56.0,19.105858
27.0,2.0,57.0,26.449108
2.0,27.0,57.0,26.449108
27.0,2.0,58.0,7.0601025
2.0,27.0,58.0,7.0601025
27.0,2.0,59.0,18.066505
2.0,27.0,59.0,18.066505
27.0,2.0,60.0,21.67942
2.0,27.0,60.0,21.67942
27.0,2.0,61.0,14.694595
2.0,27.0,61.0,14.694595
27.0,2.0,62.0,34.98968
2.0,27.0,62.0,34.98968
27.0,2.0,63.0,19.295376
2.0,27.0,63.0,19.295376
27.0,2.0,64.0,-6.232225
2.0,27.0,64.0,-6.232225
27.0,2.0,65.0,13.578244
2.0,27.0,65.0,13.578244
27.0,2.0,66.0,27.212175
2.0,27.0,66.0,27.212175
27.0,2.0,67.0,107.97328
2.0,27.0,67.0,107.97328
27.0,2.0,68.0,30.805567
2.0,27.0,68.0,30.805567
27.0,2.0,69.0,26.95616
2.0,27.0,69.0,26.95616
27.0,3.0,38.0,-15.813498
3.0,27.0,38.0,-15.813498
27.0,3.0,39.0,-18.201086
3.0,27.0,39.0,-18.201086
27.0,3.0,40.0,27.07715
3.0,27.0,40.0,27.07715
27.0,3.0,41.0,-7.1954756
3.0,27.0,41.0,-7.1954756
27.0,3.0,42.0,-5.959323
3.0,27.0,42.0,-5.959323
27.0,3.0,43.0,-15.847761
3.0,27.0,43.0,-15.847761
27.0,3.0,44.0,-15.744189
3.0,27.0,44.0,-15.744189
27.0,3.0,45.0,22.667505
3.0,27.0,45.0,22.667505
27.0,3.0,46.0,6.0282283
3.0,27.0,46.0,6.0282283
27.0,3.0,47.0,-14.876911
3.0,27.0,47.0,-14.876911
27.0,3.0,48.0,-37.431374
3.0,27.0,48.0,-37.431374
27.0,3.0,49.0,17.172201
3.0,27.0,49.0,17.172201
27.0,3.0,50.0,3.1334803
3.0,27.0,50.0,3.1334803
27.0,3.0,51.0,61.644123
3.0,27.0,51.0,61.644123
27.0,3.0,52.0,-19.438076
3.0,27.0,52.0,-19.438076
27.0,3.0,53.0,21.121363
3.0,27.0,53.0,21.121363
27.0,3.0,54.0,-13.668247
3.0,27.0,54.0,-13.668247
27.0,3.0,55.0,-33.808014
3.0,27.0,55.0,-33.808014
27.0,3.0,56.0,-2.983426
3.0,27.0,56.0,-2.983426
27.0,3.0,57.0,-3.815012
3.0,27.0,57.0,-3.815012
27.0,3.0,58.0,-19.530735
3.0,27.0,58.0,-19.530735
27.0,3.0,59.0,-26.80019
3.0,27.0,59.0,-26.80019
27.0,3.0,60.0,23.930714
3.0,27.0,60.0,23.930714
27.0,3.0,61.0,-20.369417
3.0,27.0,61.0,-20.369417
27.0,3.0,62.0,-1.4937476
3.0,27.0,62.0,-1.4937476
27.0,3.0,63.0,-20.602282
3.0,27.0,63.0,-20.602282
27.0,3.0,64.0,-19.288425
3.0,27.0,64.0,-19.288425
27.0,3.0,65.0,2.0834947
3.0,27.0,65.0,2.0834947
27.0,3.0,66.0,7.7379823
3.0,27.0,66.0,7.7379823
27.0,3.0,67.0,-49.588715
3.0,27.0,67.0,-49.588715
27.0,3.0,68.0,-10.787248
3.0,27.0,68.0,-10.787248
27.0,3.0,69.0,-10.813246
3.0,27.0,69.0,-10.813246
27.0,4.0,38.0,36.556313
4.0,27.0,38.0,36.556313
27.0,4.0,39.0,63.046436
4.0,27.0,39.0,63.046436
27.0,4.0,40.0,12.763254
4.0,27.0,40.0,12.763254
27.0,4.0,41.0,32.284924
4.0,27.0,41.0,32.284924
27.0,4.0,42.0,3.7150087
4.0,27.0,42.0,3.7150087
27.0,4.0,43.0,26.300497
4.0,27.0,43.0,26.300497
27.0,4.0,44.0,3.073289
4.0,27.0,44.0,3.073289
27.0,4.0,45.0,-31.473295
4.0,27.0,45.0,-31.473295
27.0,4.0,46.0,-29.286484
4.0,27.0,46.0,-29.286484
27.0,4.0,47.0,14.894294
4.0,27.0,47.0,14.894294
27.0,4.0,48.0,-6.061327
4.0,27.0,48.0,-6.061327
27.0,4.0,49.0,42.003887
4.0,27.0,49.0,42.003887
27.0,4.0,50.0,22.76505
4.0,27.0,50.0,22.76505
27.0,4.0,51.0,57.59637
4.0,27.0,51.0,57.59637
27.0,4.0,52.0,31.876999
4.0,27.0,52.0,31.876999
27.0,4.0,53.0,-68.82802
4.0,27.0,53.0,-68.82802
27.0,4.0,54.0,5.139639
4.0,27.0,54.0,5.139639
27.0,4.0,55.0,37.284912
4.0,27.0,55.0,37.284912
27.0,4.0,56.0,9.002401
4.0,27.0,56.0,9.002401
27.0,4.0,57.0,-1.4086988
4.0,27.0,57.0,-1.4086988
27.0,4.0,58.0,76.83615
4.0,27.0,58.0,76.83615
27.0,4.0,59.0,27.8046
4.0,27.0,59.0,27.8046
27.0,4.0,60.0,18.588997
4.0,27.0,60.0,18.588997
27.0,4.0,61.0,8.743659
4.0,27.0,61.0,8.743659
27.0,4.0,62.0,-27.090307
4.0,27.0,62.0,-27.090307
27.0,4.0,63.0,6.7155604
4.0,27.0,63.0,6.7155604
27.0,4.0,64.0,-8.51425
4.0,27.0,64.0,-8.51425
27.0,4.0,65.0,15.687139
4.0,27.0,65.0,15.687139
27.0,4.0,66.0,16.772326
4.0,27.0,66.0,16.772326
27.0,4.0,67.0,-33.14228
4.0,27.0,67.0,-33.14228
27.0,4.0,68.0,6.666365
4.0,27.0,68.0,6.666365
27.0,4.0,69.0,29.066523
4.0,27.0,69.0,29.066523
27.0,5.0,38.0,-19.957472
5.0,27.0,38.0,-19.957472
27.0,5.0,39.0,-1.8411546
5.0,27.0,39.0,-1.8411546
27.0,5.0,40.0,0.6980946
5.0,27.0,40.0,0.6980946
27.0,5.0,41.0,-10.535529
5.0,27.0,41.0,-10.535529
27.0,5.0,42.0,-5.2056746
5.0,27.0,42.0,-5.2056746
27.0,5.0,43.0,-15.918332
5.0,27.0,43.0,-15.918332
27.0,5.0,44.0,-11.294259
5.0,27.0,44.0,-11.294259
27.0,5.0,45.0,-9.065488
5.0,27.0,45.0,-9.065488
27.0,5.0,46.0,-3.0900133
5.0,27.0,46.0,-3.0900133
27.0,5.0,47.0,-6.7297606
5.0,27.0,47.0,-6.7297606
27.0,5.0,48.0,10.029705
5.0,27.0,48.0,10.029705
27.0,5.0,49.0,-2.044819
5.0,27.0,49.0,-2.044819
27.0,5.0,50.0,0.4017703
5.0,27.0,50.0,0.4017703
27.0,5.0,51.0,-15.389717
5.0,27.0,51.0,-15.389717
27.0,5.0,52.0,-5.246603
5.0,27.0,52.0,-5.246603
27.0,5.0,53.0,-6.470549
5.0,27.0,53.0,-6.470549
27.0,5.0,54.0,-11.783341
5.0,27.0,54.0,-11.783341
27.0,5.0,55.0,-17.969376
5.0,27.0,55.0,-17.969376
27.0,5.0,56.0,-0.9583033
5.0,27.0,56.0,-0.9583033
27.0,5.0,57.0,-18.916828
5.0,27.0,57.0,-18.916828
27.0,5.0,58.0,-15.04866
5.0,27.0,58.0,-15.04866
27.0,5.0,59.0,-7.0335245
5.0,27.0,59.0,-7.0335245
27.0,5.0,60.0,3.4186313
5.0,27.0,60.0,3.4186313
27.0,5.0,61.0,-8.876755
5.0,27.0,61.0,-8.876755
27.0,5.0,62.0,-9.932359
5.0,27.0,62.0,-9.932359
27.0,5.0,63.0,-6.5814843
5.0,27.0,63.0,-6.5814843
27.0,5.0,64.0,-27.090622
5.0,27.0,64.0,-27.090622
27.0,5.0,65.0,-6.377867
5.0,27.0,65.0,-6.377867
27.0,5.0,66.0,-15.417823
5.0,27.0,66.0,-15.417823
27.0,5.0,67.0,-76.68409
5.0,27.0,67.0,-76.68409
27.0,5.0,68.0,3.3118188
5.0,27.0,68.0,3.3118188
27.0,5.0,69.0,-4.684342
5.0,27.0,69.0,-4.684342
27.0,6.0,38.0,-7.666083
6.0,27.0,38.0,-7.666083
27.0,6.0,39.0,0.9208375
6.0,27.0,39.0,0.9208375
27.0,6.0,40.0,11.12191
6.0,27.0,40.0,11.12191
27.0,6.0,41.0,0.9803959
6.0,27.0,41.0,0.9803959
27.0,6.0,42.0,1.1025813
6.0,27.0,42.0,1.1025813
27.0,6.0,43.0,-9.571818
6.0,27.0,43.0,-9.571818
27.0,6.0,44.0,-5.581039
6.0,27.0,44.0,-5.581039
27.0,6.0,45.0,2.843825
6.0,27.0,45.0,2.843825
27.0,6.0,46.0,-5.53155
6.0,27.0,46.0,-5.53155
27.0,6.0,47.0,5.890656
6.0,27.0,47.0,5.890656
27.0,6.0,48.0,5.6648893
6.0,27.0,48.0,5.6648893
27.0,6.0,49.0,20.165886
6.0,27.0,49.0,20.165886
27.0,6.0,50.0,9.066063
6.0,27.0,50.0,9.066063
27.0,6.0,51.0,-12.913584
6.0,27.0,51.0,-12.913584
27.0,6.0,52.0,-7.976513
6.0,27.0,52.0,-7.976513
27.0,6.0,53.0,12.048457
6.0,27.0,53.0,12.048457
27.0,6.0,54.0,-11.592876
6.0,27.0,54.0,-11.592876
27.0,6.0,55.0,-11.301916
6.0,27.0,55.0,-11.301916
27.0,6.0,56.0,19.461517
6.0,27.0,56.0,19.461517
27.0,6.0,57.0,-11.562683
6.0,27.0,57.0,-11.562683
27.0,6.0,58.0,6.794371
6.0,27.0,58.0,6.794371
27.0,6.0,59.0,-17.48725
6.0,27.0,59.0,-17.48725
27.0,6.0,60.0,8.791476
6.0,27.0,60.0,8.791476
27.0,6.0,61.0,-9.1898
6.0,27.0,61.0,-9.1898
27.0,6.0,62.0,-2.097137
6.0,27.0,62.0,-2.097137
27.0,6.0,63.0,15.361509
6.0,27.0,63.0,15.361509
27.0,6.0,64.0,-7.4110413
6.0,27.0,64.0,-7.4110413
27.0,6.0,65.0,-5.224596
6.0,27.0,65.0,-5.224596
27.0,6.0,66.0,12.971519
6.0,27.0,66.0,12.971519
27.0,6.0,67.0,-27.829292
6.0,27.0,67.0,-27.829292
27.0,6.0,68.0,21.906149
6.0,27.0,68.0,21.906149
27.0,6.0,69.0,31.53384
6.0,27.0,69.0,31.53384
27.0,7.0,38.0,9.354112
7.0,27.0,38.0,9.354112
27.0,7.0,39.0,1.1382377
7.0,27.0,39.0,1.1382377
27.0,7.0,40.0,8.8815365
7.0,27.0,40.0,8.8815365
27.0,7.0,41.0,-7.396825
7.0,27.0,41.0,-7.396825
27.0,7.0,42.0,14.784404
7.0,27.0,42.0,14.784404
27.0,7.0,43.0,-14.699713
7.0,27.0,43.0,-14.699713
27.0,7.0,44.0,8.04975
7.0,27.0,44.0,8.04975
27.0,7.0,45.0,16.227009
7.0,27.0,45.0,16.227009
27.0,7.0,46.0,-1.214147
7.0,27.0,46.0,-1.214147
27.0,7.0,47.0,-14.2082405
7.0,27.0,47.0,-14.2082405
27.0,7.0,48.0,-5.8631425
7.0,27.0,48.0,-5.8631425
27.0,7.0,49.0,-1.0863577
7.0,27.0,49.0,-1.0863577
27.0,7.0,50.0,7.866565
7.0,27.0,50.0,7.866565
27.0,7.0,51.0,-7.3100204
7.0,27.0,51.0,-7.3100204
27.0,7.0,52.0,-17.178164
7.0,27.0,52.0,-17.178164
27.0,7.0,53.0,-13.828944
7.0,27.0,53.0,-13.828944
27.0,7.0,54.0,-14.840485
7.0,27.0,54.0,-14.840485
27.0,7.0,55.0,-5.174297
7.0,27.0,55.0,-5.174297
27.0,7.0,56.0,19.83803
7.0,27.0,56.0,19.83803
27.0,7.0,57.0,-11.749144
7.0,27.0,57.0,-11.749144
27.0,7.0,58.0,-4.117966
7.0,27.0,58.0,-4.117966
27.0,7.0,59.0,-8.02166
7.0,27.0,59.0,-8.02166
27.0,7.0,60.0,13.513579
7.0,27.0,60.0,13.513579
27.0,7.0,61.0,-5.783653
7.0,27.0,61.0,-5.783653
27.0,7.0,62.0,37.293716
7.0,27.0,62.0,37.293716
27.0,7.0,63.0,-7.9376607
7.0,27.0,63.0,-7.9376607
27.0,7.0,64.0,-37.338623
7.0,27.0,64.0,-37.338623
27.0,7.0,65.0,-24.434761
7.0,27.0,65.0,-24.434761
27.0,7.0,66.0,-20.872831
7.0,27.0,66.0,-20.872831
27.0,7.0,67.0,-71.2063
7.0,27.0,67.0,-71.2063
27.0,7.0,68.0,-9.669847
7.0,27.0,68.0,-9.669847
27.0,7.0,69.0,6.4167314
7.0,27.0,69.0,6.4167314
27.0,8.0,38.0,0.33112505
8.0,27.0,38.0,0.33112505
27.0,8.0,39.0,0.20099448
8.0,27.0,39.0,0.20099448
27.0,8.0,40.0,-2.3019538
8.0,27.0,40.0,-2.3019538
27.0,8.0,41.0,8.890302
8.0,27.0,41.0,8.890302
27.0,8.0,42.0,-4.154963
8.0,27.0,42.0,-4.154963
27.0,8.0,43.0,-13.544687
8.0,27.0,43.0,-13.544687
27.0,8.0,44.0,-2.806643
8.0,27.0,44.0,-2.806643
27.0,8.0,45.0,-7.790459
8.0,27.0,45.0,-7.790459
27.0,8.0,46.0,-7.3391213
8.0,27.0,46.0,-7.3391213
27.0,8.0,47.0,12.781794
8.0,27.0,47.0,12.781794
27.0,8.0,48.0,-3.925632
8.0,27.0,48.0,-3.925632
27.0,8.0,49.0,2.893768
8.0,27.0,49.0,2.893768
27.0,8.0,50.0,-0.006106315
8.0,27.0,50.0,-0.006106315
27.0,8.0,51.0,-17.334265
8.0,27.0,51.0,-17.334265
27.0,8.0,52.0,-15.02989
8.0,27.0,52.0,-15.02989
27.0,8.0,53.0,1.0729085
8.0,27.0,53.0,1.0729085
27.0,8.0,54.0,2.0458584
8.0,27.0,54.0,2.0458584
27.0,8.0,55.0,-2.7734547
8.0,27.0,55.0,-2.7734547
27.0,8.0,56.0,0.46155077
8.0,27.0,56.0,0.46155077
27.0,8.0,57.0,-0.15903486
8.0,27.0,57.0,-0.15903486
27.0,8.0,58.0,-28.372663
8.0,27.0,58.0,-28.372663
27.0,8.0,59.0,-4.6849484
8.0,27.0,59.0,-4.6849484
27.0,8.0,60.0,1.8706309
8.0,27.0,60.0,1.8706309
27.0,8.0,61.0,-7.5788
8.0,27.0,61.0,-7.5788
27.0,8.0,62.0,-4.1038523
8.0,27.0,62.0,-4.1038523
27.0,8.0,63.0,1.293804
8.0,27.0,63.0,1.293804
27.0,8.0,64.0,-1.5508555
8.0,27.0,64.0,-1.5508555
27.0,8.0,65.0,-13.834025
8.0,27.0,65.0,-13.834025
27.0,8.0,66.0,-2.4073384
8.0,27.0,66.0,-2.4073384
27.0,8.0,67.0,-31.79074
8.0,27.0,67.0,-31.79074
27.0,8.0,68.0,-9.772899
8.0,27.0,68.0,-9.772899
27.0,8.0,69.0,4.98224
8.0,27.0,69.0,4.98224
27.0,9.0,38.0,-5.2848854
9.0,27.0,38.0,-5.2848854
27.0,9.0,39.0,2.2590635
9.0,27.0,39.0,2.2590635
27.0,9.0,40.0,7.3668118
9.0,27.0,40.0,7.3668118
27.0,9.0,41.0,-15.056261
9.0,27.0,41.0,-15.056261
27.0,9.0,42.0,1.4829637
9.0,27.0,42.0,1.4829637
27.0,9.0,43.0,3.4660156
9.0,27.0,43.0,3.4660156
27.0,9.0,44.0,-2.0719414
9.0,27.0,44.0,-2.0719414
27.0,9.0,45.0,7.193972
9.0,27.0,45.0,7.193972
27.0,9.0,46.0,10.205043
9.0,27.0,46.0,10.205043
27.0,9.0,47.0,6.492062
9.0,27.0,47.0,6.492062
27.0,9.0,48.0,-31.016338
9.0,27.0,48.0,-31.016338
27.0,9.0,49.0,29.269676
9.0,27.0,49.0,29.269676
27.0,9.0,50.0,5.804489
9.0,27.0,50.0,5.804489
27.0,9.0,51.0,-22.36101
9.0,27.0,51.0,-22.36101
27.0,9.0,52.0,-3.9126034
9.0,27.0,52.0,-3.9126034
27.0,9.0,53.0,-4.6959553
9.0,27.0,53.0,-4.6959553
27.0,9.0,54.0,-6.743799
9.0,27.0,54.0,-6.743799
27.0,9.0,55.0,-6.657166
9.0,27.0,55.0,-6.657166
27.0,9.0,56.0,7.243358
9.0,27.0,56.0,7.243358
27.0,9.0,57.0,-15.334332
9.0,27.0,57.0,-15.334332
27.0,9.0,58.0,21.078987
9.0,27.0,58.0,21.078987
27.0,9.0,59.0,0.68898225
9.0,27.0,59.0,0.68898225
27.0,9.0,60.0,-5.360226
9.0,27.0,60.0,-5.360226
27.0,9.0,61.0,0.79589593
9.0,27.0,61.0,0.79589593
27.0,9.0,62.0,-15.191712
9.0,27.0,62.0,-15.191712
27.0,9.0,63.0,9.072552
9.0,27.0,63.0,9.072552
27.0,9.0,64.0,-0.28545406
9.0,27.0,64.0,-0.28545406
27.0,9.0,65.0,-11.097151
9.0,27.0,65.0,-11.097151
27.0,9.0,66.0,6.266815
9.0,27.0,66.0,6.266815
27.0,9.0,67.0,-6.68544
9.0,27.0,67.0,-6.68544
27.0,9.0,68.0,15.615083
9.0,27.0,68.0,15.615083
27.0,9.0,69.0,14.480556
9.0,27.0,69.0,14.480556
27.0,10.0,38.0,1.3534486
10.0,27.0,38.0,1.3534486
27.0,10.0,39.0,11.711991
10.0,27.0,39.0,11.711991
27.0,10.0,40.0,20.229156
10.0,27.0,40.0,20.229156
27.0,10.0,41.0,9.172272
10.0,27.0,41.0,9.172272
27.0,10.0,42.0,0.58560413
10.0,27.0,42.0,0.58560413
27.0,10.0,43.0,-37.69589
10.0,27.0,43.0,-37.69589
27.0,10.0,44.0,-2.1042798
10.0,27.0,44.0,-2.1042798
27.0,10.0,45.0,34.112667
10.0,27.0,45.0,34.112667
27.0,10.0,46.0,18.288862
10.0,27.0,46.0,18.288862
27.0,10.0,47.0,16.46729
10.0,27.0,47.0,16.46729
27.0,10.0,48.0,-31.203323
10.0,27.0,48.0,-31.203323
27.0,10.0,49.0,-11.798487
10.0,27.0,49.0,-11.798487
27.0,10.0,50.0,17.895182
10.0,27.0,50.0,17.895182
27.0,10.0,51.0,-16.990963
10.0,27.0,51.0,-16.990963
27.0,10.0,52.0,12.067635
10.0,27.0,52.0,12.067635
27.0,10.0,53.0,-1.5730561
10.0,27.0,53.0,-1.5730561
27.0,10.0,54.0,-6.460278
10.0,27.0,54.0,-6.460278
27.0,10.0,55.0,-5.3468904
10.0,27.0,55.0,-5.3468904
27.0,10.0,56.0,-24.813711
10.0,27.0,56.0,-24.813711
27.0,10.0,57.0,-1.587903
10.0,27.0,57.0,-1.587903
27.0,10.0,58.0,-16.21619
10.0,27.0,58.0,-16.21619
27.0,10.0,59.0,17.830862
10.0,27.0,59.0,17.830862
27.0,10.0,60.0,35.347576
10.0,27.0,60.0,35.347576
27.0,10.0,61.0,1.4522525
10.0,27.0,61.0,1.4522525
27.0,10.0,62.0,21.790312
10.0,27.0,62.0,21.790312
27.0,10.0,63.0,-0.21728732
10.0,27.0,63.0,-0.21728732
27.0,10.0,64.0,-10.922213
10.0,27.0,64.0,-10.922213
27.0,10.0,65.0,21.968124
10.0,27.0,65.0,21.968124
27.0,10.0,66.0,-2.4268453
10.0,27.0,66.0,-2.4268453
27.0,10.0,67.0,-43.91739
10.0,27.0,67.0,-43.91739
27.0,10.0,68.0,9.33564
10.0,27.0,68.0,9.33564
27.0,10.0,69.0,-4.8332496
10.0,27.0,69.0,-4.8332496
27.0,11.0,38.0,7.7318563
11.0,27.0,38.0,7.7318563
27.0,11.0,39.0,9.063067
11.0,27.0,39.0,9.063067
27.0,11.0,40.0,0.52076226
11.0,27.0,40.0,0.52076226
27.0,11.0,41.0,-4.1659184
11.0,27.0,41.0,-4.1659184
27.0,11.0,42.0,14.50197
11.0,27.0,42.0,14.50197
27.0,11.0,43.0,1.8155255
11.0,27.0,43.0,1.8155255
27.0,11.0,44.0,-11.781911
11.0,27.0,44.0,-11.781911
27.0,11.0,45.0,14.976851
11.0,27.0,45.0,14.976851
27.0,11.0,46.0,1.5043335
11.0,27.0,46.0,1.5043335
27.0,11.0,47.0,13.194815
11.0,27.0,47.0,13.194815
27.0,11.0,48.0,-12.050816
11.0,27.0,48.0,-12.050816
27.0,11.0,49.0,-12.172695
11.0,27.0,49.0,-12.172695
27.0,11.0,50.0,12.536021
11.0,27.0,50.0,12.536021
27.0,11.0,51.0,-6.031057
11.0,27.0,51.0,-6.031057
27.0,11.0,52.0,10.78236
11.0,27.0,52.0,10.78236
27.0,11.0,53.0,6.4340444
11.0,27.0,53.0,6.4340444
27.0,11.0,54.0,-7.487609
11.0,27.0,54.0,-7.487609
27.0,11.0,55.0,1.5445882
11.0,27.0,55.0,1.5445882
27.0,11.0,56.0,17.855345
11.0,27.0,56.0,17.855345
27.0,11.0,57.0,-9.005527
11.0,27.0,57.0,-9.005527
27.0,11.0,58.0,16.538532
11.0,27.0,58.0,16.538532
27.0,11.0,59.0,-1.4240098
11.0,27.0,59.0,-1.4240098
27.0,11.0,60.0,13.961571
11.0,27.0,60.0,13.961571
27.0,11.0,61.0,-0.31620398
11.0,27.0,61.0,-0.31620398
27.0,11.0,62.0,1.4808534
11.0,27.0,62.0,1.4808534
27.0,11.0,63.0,-0.015143814
11.0,27.0,63.0,-0.015143814
27.0,11.0,64.0,6.0240283
11.0,27.0,64.0,6.0240283
27.0,11.0,65.0,12.58177
11.0,27.0,65.0,12.58177
27.0,11.0,66.0,-18.401041
11.0,27.0,66.0,-18.401041
27.0,11.0,67.0,-45.05216
11.0,27.0,67.0,-45.05216
27.0,11.0,68.0,-3.0915086
11.0,27.0,68.0,-3.0915086
27.0,11.0,69.0,26.426224
11.0,27.0,69.0,26.426224
27.0,12.0,38.0,-20.013842
12.0,27.0,38.0,-20.013842
27.0,12.0,39.0,15.806416
12.0,27.0,39.0,15.806416
27.0,12.0,40.0,16.66341
12.0,27.0,40.0,16.66341
27.0,12.0,41.0,-11.414446
12.0,27.0,41.0,-11.414446
27.0,12.0,42.0,-1.2114247
12.0,27.0,42.0,-1.2114247
27.0,12.0,43.0,-11.5648155
12.0,27.0,43.0,-11.5648155
27.0,12.0,44.0,10.541371
12.0,27.0,44.0,10.541371
27.0,12.0,45.0,4.8535476
12.0,27.0,45.0,4.8535476
27.0,12.0,46.0,2.9450092
12.0,27.0,46.0,2.9450092
27.0,12.0,47.0,8.409513
12.0,27.0,47.0,8.409513
27.0,12.0,48.0,-39.253
12.0,27.0,48.0,-39.253
27.0,12.0,49.0,-6.419118
12.0,27.0,49.0,-6.419118
27.0,12.0,50.0,2.571761
12.0,27.0,50.0,2.571761
27.0,12.0,51.0,4.74052
12.0,27.0,51.0,4.74052
27.0,12.0,52.0,-11.5512905
12.0,27.0,52.0,-11.5512905
27.0,12.0,53.0,-10.469895
12.0,27.0,53.0,-10.469895
27.0,12.0,54.0,3.7386832
12.0,27.0,54.0,3.7386832
27.0,12.0,55.0,-16.668406
12.0,27.0,55.0,-16.668406
27.0,12.0,56.0,-1.7557995
12.0,27.0,56.0,-1.7557995
27.0,12.0,57.0,-9.179406
12.0,27.0,57.0,-9.179406
27.0,12.0,58.0,-16.51897
12.0,27.0,58.0,-16.51897
27.0,12.0,59.0,5.945395
12.0,27.0,59.0,5.945395
27.0,12.0,60.0,29.110455
12.0,27.0,60.0,29.110455
27.0,12.0,61.0,-6.5091243
12.0,27.0,61.0,-6.5091243
27.0,12.0,62.0,6.7004614
12.0,27.0,62.0,6.7004614
27.0,12.0,63.0,-9.324557
12.0,27.0,63.0,-9.324557
27.0,12.0,64.0,8.8269615
12.0,27.0,64.0,8.8269615
27.0,12.0,65.0,0.9310829
12.0,27.0,65.0,0.9310829
27.0,12.0,66.0,-15.758439
12.0,27.0,66.0,-15.758439
27.0,12.0,67.0,22.06855
12.0,27.0,67.0,22.06855
27.0,12.0,68.0,-4.1107287
12.0,27.0,68.0,-4.1107287
27.0,12.0,69.0,2.1032639
12.0,27.0,69.0,2.1032639
27.0,13.0,38.0,15.203734
13.0,27.0,38.0,15.203734
27.0,13.0,39.0,18.646132
13.0,27.0,39.0,18.646132
27.0,13.0,40.0,27.267324
13.0,27.0,40.0,27.267324
27.0,13.0,41.0,25.193981
13.0,27.0,41.0,25.193981
27.0,13.0,42.0,13.644993
13.0,27.0,42.0,13.644993
27.0,13.0,43.0,41.001095
13.0,27.0,43.0,41.001095
27.0,13.0,44.0,19.68105
13.0,27.0,44.0,19.68105
27.0,13.0,45.0,13.392139
13.0,27.0,45.0,13.392139
27.0,13.0,46.0,8.593464
13.0,27.0,46.0,8.593464
27.0,13.0,47.0,26.926392
13.0,27.0,47.0,26.926392
27.0,13.0,48.0,20.645744
13.0,27.0,48.0,20.645744
27.0,13.0,49.0,19.404287
13.0,27.0,49.0,19.404287
27.0,13.0,50.0,25.827126
13.0,27.0,50.0,25.827126
27.0,13.0,51.0,21.800499
13.0,27.0,51.0,21.800499
27.0,13.0,52.0,27.180422
13.0,27.0,52.0,27.180422
27.0,13.0,53.0,10.723668
13.0,27.0,53.0,10.723668
27.0,13.0,54.0,1.9194955
13.0,27.0,54.0,1.9194955
27.0,13.0,55.0,7.404744
13.0,27.0,55.0,7.404744
27.0,13.0,56.0,32.005676
13.0,27.0,56.0,32.005676
27.0,13.0,57.0,11.904845
13.0,27.0,57.0,11.904845
27.0,13.0,58.0,1.0992765
13.0,27.0,58.0,1.0992765
27.0,13.0,59.0,12.635743
13.0,27.0,59.0,12.635743
27.0,13.0,60.0,35.52026
13.0,27.0,60.0,35.52026
27.0,13.0,61.0,28.855156
13.0,27.0,61.0,28.855156
27.0,13.0,62.0,38.98005
13.0,27.0,62.0,38.98005
27.0,13.0,63.0,13.060477
13.0,27.0,63.0,13.060477
27.0,13.0,64.0,24.87563
13.0,27.0,64.0,24.87563
27.0,13.0,65.0,20.430239
13.0,27.0,65.0,20.430239
27.0,13.0,66.0,22.18211
13.0,27.0,66.0,22.18211
27.0,13.0,67.0,-30.60923
13.0,27.0,67.0,-30.60923
27.0,13.0,68.0,22.868332
13.0,27.0,68.0,22.868332
27.0,13.0,69.0,37.002914
13.0,27.0,69.0,37.002914
27.0,14.0,38.0,32.698227
14.0,27.0,38.0,32.698227
27.0,14.0,39.0,15.975782
14.0,27.0,39.0,15.975782
27.0,14.0,40.0,17.226059
14.0,27.0,40.0,17.226059
27.0,14.0,41.0,4.180259
14.0,27.0,41.0,4.180259
27.0,14.0,42.0,12.504046
14.0,27.0,42.0,12.504046
27.0,14.0,43.0,33.146244
14.0,27.0,43.0,33.146244
27.0,14.0,44.0,0.07237741
14.0,27.0,44.0,0.07237741
27.0,14.0,45.0,5.4243703
14.0,27.0,45.0,5.4243703
27.0,14.0,46.0,17.309614
14.0,27.0,46.0,17.309614
27.0,14.0,47.0,10.675898
14.0,27.0,47.0,10.675898
27.0,14.0,48.0,-10.557651
14.0,27.0,48.0,-10.557651
27.0,14.0,49.0,19.406822
14.0,27.0,49.0,19.406822
27.0,14.0,50.0,21.754543
14.0,27.0,50.0,21.754543
27.0,14.0,51.0,-3.4995127
14.0,27.0,51.0,-3.4995127
27.0,14.0,52.0,0.12135048
14.0,27.0,52.0,0.12135048
27.0,14.0,53.0,-12.786075
14.0,27.0,53.0,-12.786075
27.0,14.0,54.0,7.9766965
14.0,27.0,54.0,7.9766965
27.0,14.0,55.0,5.046265
14.0,27.0,55.0,5.046265
27.0,14.0,56.0,37.763325
14.0,27.0,56.0,37.763325
27.0,14.0,57.0,3.2952077
14.0,27.0,57.0,3.2952077
27.0,14.0,58.0,46.47559
14.0,27.0,58.0,46.47559
27.0,14.0,59.0,-0.30526972
14.0,27.0,59.0,-0.30526972
27.0,14.0,60.0,4.7769456
14.0,27.0,60.0,4.7769456
27.0,14.0,61.0,-4.079685
14.0,27.0,61.0,-4.079685
27.0,14.0,62.0,39.090454
14.0,27.0,62.0,39.090454
27.0,14.0,63.0,-5.0319233
14.0,27.0,63.0,-5.0319233
27.0,14.0,64.0,9.467653
14.0,27.0,64.0,9.467653
27.0,14.0,65.0,-3.851474
14.0,27.0,65.0,-3.851474
27.0,14.0,66.0,-9.382041
14.0,27.0,66.0,-9.382041
27.0,14.0,67.0,-51.43912
14.0,27.0,67.0,-51.43912
27.0,14.0,68.0,9.281696
14.0,27.0,68.0,9.281696
27.0,14.0,69.0,9.061265
14.0,27.0,69.0,9.061265
27.0,15.0,38.0,-31.64625
15.0,27.0,38.0,-31.64625
27.0,15.0,39.0,19.967916
15.0,27.0,39.0,19.967916
27.0,15.0,40.0,6.3791327
15.0,27.0,40.0,6.3791327
27.0,15.0,41.0,-18.118212
15.0,27.0,41.0,-18.118212
27.0,15.0,42.0,10.138055
15.0,27.0,42.0,10.138055
27.0,15.0,43.0,9.597898
15.0,27.0,43.0,9.597898
27.0,15.0,44.0,-3.513719
15.0,27.0,44.0,-3.513719
27.0,15.0,45.0,-1.1660067
15.0,27.0,45.0,-1.1660067
27.0,15.0,46.0,4.8921785
15.0,27.0,46.0,4.8921785
27.0,15.0,47.0,-11.690856
15.0,27.0,47.0,-11.690856
27.0,15.0,48.0,-43.483593
15.0,27.0,48.0,-43.483593
27.0,15.0,49.0,-0.55514103
15.0,27.0,49.0,-0.55514103
27.0,15.0,50.0,12.62992
15.0,27.0,50.0,12.62992
27.0,15.0,51.0,-3.140336
15.0,27.0,51.0,-3.140336
27.0,15.0,52.0,4.199488
15.0,27.0,52.0,4.199488
27.0,15.0,53.0,-11.119014
15.0,27.0,53.0,-11.119014
27.0,15.0,54.0,3.3489301
15.0,27.0,54.0,3.3489301
27.0,15.0,55.0,-5.3557286
15.0,27.0,55.0,-5.3557286
27.0,15.0,56.0,23.84453
15.0,27.0,56.0,23.84453
27.0,15.0,57.0,2.1629581
15.0,27.0,57.0,2.1629581
27.0,15.0,58.0,-4.5332713
15.0,27.0,58.0,-4.5332713
27.0,15.0,59.0,-16.563705
15.0,27.0,59.0,-16.563705
27.0,15.0,60.0,16.294138
15.0,27.0,60.0,16.294138
27.0,15.0,61.0,-0.6797024
15.0,27.0,61.0,-0.6797024
27.0,15.0,62.0,-19.410082
15.0,27.0,62.0,-19.410082
27.0,15.0,63.0,-32.52972
15.0,27.0,63.0,-32.52972
27.0,15.0,64.0,-8.476769
15.0,27.0,64.0,-8.476769
27.0,15.0,65.0,-17.20621
15.0,27.0,65.0,-17.20621
27.0,15.0,66.0,-21.729475
15.0,27.0,66.0,-21.729475
27.0,15.0,67.0,-27.461594
15.0,27.0,67.0,-27.461594
27.0,15.0,68.0,-0.949337
15.0,27.0,68.0,-0.949337
27.0,15.0,69.0,7.5662603
15.0,27.0,69.0,7.5662603
27.0,16.0,38.0,-33.271805
16.0,27.0,38.0,-33.271805
27.0,16.0,39.0,-13.5442505
16.0,27.0,39.0,-13.5442505
27.0,16.0,40.0,-7.8824487
16.0,27.0,40.0,-7.8824487
27.0,16.0,41.0,-1.5014054
16.0,27.0,41.0,-1.5014054
27.0,16.0,42.0,-14.587166
16.0,27.0,42.0,-14.587166
27.0,16.0,43.0,-32.085186
16.0,27.0,43.0,-32.085186
27.0,16.0,44.0,-19.10266
16.0,27.0,44.0,-19.10266
27.0,16.0,45.0,-10.05745
16.0,27.0,45.0,-10.05745
27.0,16.0,46.0,-6.3899393
16.0,27.0,46.0,-6.3899393
27.0,16.0,47.0,-12.766394
16.0,27.0,47.0,-12.766394
27.0,16.0,48.0,-15.39932
16.0,27.0,48.0,-15.39932
27.0,16.0,49.0,-20.724382
16.0,27.0,49.0,-20.724382
27.0,16.0,50.0,-23.048649
16.0,27.0,50.0,-23.048649
27.0,16.0,51.0,-9.988418
16.0,27.0,51.0,-9.988418
27.0,16.0,52.0,-11.712549
16.0,27.0,52.0,-11.712549
27.0,16.0,53.0,-13.316543
16.0,27.0,53.0,-13.316543
27.0,16.0,54.0,-25.785538
16.0,27.0,54.0,-25.785538
27.0,16.0,55.0,-3.2708907
16.0,27.0,55.0,-3.2708907
27.0,16.0,56.0,-7.8309755
16.0,27.0,56.0,-7.8309755
27.0,16.0,57.0,-14.735372
16.0,27.0,57.0,-14.735372
27.0,16.0,58.0,-35.35981
16.0,27.0,58.0,-35.35981
27.0,16.0,59.0,-13.759716
16.0,27.0,59.0,-13.759716
27.0,16.0,60.0,-4.726103
16.0,27.0,60.0,-4.726103
27.0,16.0,61.0,-36.571877
16.0,27.0,61.0,-36.571877
27.0,16.0,62.0,-2.383635
16.0,27.0,62.0,-2.383635
27.0,16.0,63.0,-8.095839
16.0,27.0,63.0,-8.095839
27.0,16.0,64.0,-21.48554
16.0,27.0,64.0,-21.48554
27.0,16.0,65.0,-15.743522
16.0,27.0,65.0,-15.743522
27.0,16.0,66.0,-12.046139
16.0,27.0,66.0,-12.046139
27.0,16.0,67.0,-17.010628
16.0,27.0,67.0,-17.010628
27.0,16.0,68.0,-12.104735
16.0,27.0,68.0,-12.104735
27.0,16.0,69.0,-3.8487878
16.0,27.0,69.0,-3.8487878
27.0,17.0,38.0,-8.820303
17.0,27.0,38.0,-8.820303
27.0,17.0,39.0,3.1181319
17.0,27.0,39.0,3.1181319
27.0,17.0,40.0,12.494577
17.0,27.0,40.0,12.494577
27.0,17.0,41.0,6.257997
17.0,27.0,41.0,6.257997
27.0,17.0,42.0,7.3896384
17.0,27.0,42.0,7.3896384
27.0,17.0,43.0,-4.3725667
17.0,27.0,43.0,-4.3725667
27.0,17.0,44.0,11.8171625
17.0,27.0,44.0,11.8171625
27.0,17.0,45.0,9.602294
17.0,27.0,45.0,9.602294
27.0,17.0,46.0,4.311456
17.0,27.0,46.0,4.311456
27.0,17.0,47.0,10.598543
17.0,27.0,47.0,10.598543
27.0,17.0,48.0,-9.491927
17.0,27.0,48.0,-9.491927
27.0,17.0,49.0,5.6951084
17.0,27.0,49.0,5.6951084
27.0,17.0,50.0,0.9452546
17.0,27.0,50.0,0.9452546
27.0,17.0,51.0,-3.789483
17.0,27.0,51.0,-3.789483
27.0,17.0,52.0,9.2949295
17.0,27.0,52.0,9.2949295
27.0,17.0,53.0,-0.49215454
17.0,27.0,53.0,-0.49215454
27.0,17.0,54.0,-10.187964
17.0,27.0,54.0,-10.187964
27.0,17.0,55.0,8.5551405
17.0,27.0,55.0,8.5551405
27.0,17.0,56.0,4.454738
17.0,27.0,56.0,4.454738
27.0,17.0,57.0,3.1451836
17.0,27.0,57.0,3.1451836
27.0,17.0,58.0,12.9393215
17.0,27.0,58.0,12.9393215
27.0,17.0,59.0,-8.4514885
17.0,27.0,59.0,-8.4514885
27.0,17.0,60.0,4.1548257
17.0,27.0,60.0,4.1548257
27.0,17.0,61.0,-17.913242
17.0,27.0,61.0,-17.913242
27.0,17.0,62.0,-5.5283837
17.0,27.0,62.0,-5.5283837
27.0,17.0,63.0,6.5949454
17.0,27.0,63.0,6.5949454
27.0,17.0,64.0,-3.5699544
17.0,27.0,64.0,-3.5699544
27.0,17.0,65.0,4.85638
17.0,27.0,65.0,4.85638
27.0,17.0,66.0,-12.850463
17.0,27.0,66.0,-12.850463
27.0,17.0,67.0,-14.480815
17.0,27.0,67.0,-14.480815
27.0,17.0,68.0,7.6673703
17.0,27.0,68.0,7.6673703
27.0,17.0,69.0,19.19097
17.0,27.0,69.0,19.19097
27.0,18.0,38.0,-14.562987
18.0,27.0,38.0,-14.562987
27.0,18.0,39.0,-2.7426
18.0,27.0,39.0,-2.7426
27.0,18.0,40.0,-20.919195
18.0,27.0,40.0,-20.919195
27.0,18.0,41.0,-11.57812
18.0,27.0,41.0,-11.57812
27.0,18.0,42.0,-0.99944204
18.0,27.0,42.0,-0.99944204
27.0,18.0,43.0,-30.62935
18.0,27.0,43.0,-30.62935
27.0,18.0,44.0,-9.036405
18.0,27.0,44.0,-9.036405
27.0,18.0,45.0,-9.321669
18.0,27.0,45.0,-9.321669
27.0,18.0,46.0,-33.50203
18.0,27.0,46.0,-33.50203
27.0,18.0,47.0,-13.24836
18.0,27.0,47.0,-13.24836
27.0,18.0,48.0,-42.80536
18.0,27.0,48.0,-42.80536
27.0,18.0,49.0,4.52376
18.0,27.0,49.0,4.52376
27.0,18.0,50.0,-2.21236
18.0,27.0,50.0,-2.21236
27.0,18.0,51.0,-24.537447
18.0,27.0,51.0,-24.537447
27.0,18.0,52.0,-35.00892
18.0,27.0,52.0,-35.00892
27.0,18.0,53.0,-18.42842
18.0,27.0,53.0,-18.42842
27.0,18.0,54.0,-35.450294
18.0,27.0,54.0,-35.450294
27.0,18.0,55.0,-2.430804
18.0,27.0,55.0,-2.430804
27.0,18.0,56.0,-10.967135
18.0,27.0,56.0,-10.967135
27.0,18.0,57.0,-10.546874
18.0,27.0,57.0,-10.546874
27.0,18.0,58.0,-21.748268
18.0,27.0,58.0,-21.748268
27.0,18.0,59.0,-7.9480853
18.0,27.0,59.0,-7.9480853
27.0,18.0,60.0,-1.2311254
18.0,27.0,60.0,-1.2311254
27.0,18.0,61.0,2.087714
18.0,27.0,61.0,2.087714
27.0,18.0,62.0,5.81346
18.0,27.0,62.0,5.81346
27.0,18.0,63.0,-10.692683
18.0,27.0,63.0,-10.692683
27.0,18.0,64.0,-20.80908
18.0,27.0,64.0,-20.80908
27.0,18.0,65.0,1.2186226
18.0,27.0,65.0,1.2186226
27.0,18.0,66.0,-27.053293
18.0,27.0,66.0,-27.053293
27.0,18.0,67.0,-136.90979
18.0,27.0,67.0,-136.90979
27.0,18.0,68.0,-11.99989
18.0,27.0,68.0,-11.99989
27.0,18.0,69.0,-19.658817
18.0,27.0,69.0,-19.658817
27.0,19.0,38.0,-23.293999
19.0,27.0,38.0,-23.293999
27.0,19.0,39.0,13.242925
19.0,27.0,39.0,13.242925
27.0,19.0,40.0,17.955132
19.0,27.0,40.0,17.955132
27.0,19.0,41.0,-29.531162
19.0,27.0,41.0,-29.531162
27.0,19.0,42.0,-0.16646461
19.0,27.0,42.0,-0.16646461
27.0,19.0,43.0,-4.784087
19.0,27.0,43.0,-4.784087
27.0,19.0,44.0,-3.3617115
19.0,27.0,44.0,-3.3617115
27.0,19.0,45.0,6.0398736
19.0,27.0,45.0,6.0398736
27.0,19.0,46.0,10.867582
19.0,27.0,46.0,10.867582
27.0,19.0,47.0,13.813863
19.0,27.0,47.0,13.813863
27.0,19.0,48.0,13.656456
19.0,27.0,48.0,13.656456
27.0,19.0,49.0,8.50496
19.0,27.0,49.0,8.50496
27.0,19.0,50.0,3.466193
19.0,27.0,50.0,3.466193
27.0,19.0,51.0,-0.6992561
19.0,27.0,51.0,-0.6992561
27.0,19.0,52.0,-8.149935
19.0,27.0,52.0,-8.149935
27.0,19.0,53.0,1.1110109
19.0,27.0,53.0,1.1110109
27.0,19.0,54.0,-20.826746
19.0,27.0,54.0,-20.826746
27.0,19.0,55.0,-9.915142
19.0,27.0,55.0,-9.915142
27.0,19.0,56.0,-13.663032
19.0,27.0,56.0,-13.663032
27.0,19.0,57.0,-6.8484383
19.0,27.0,57.0,-6.8484383
27.0,19.0,58.0,-5.045485
19.0,27.0,58.0,-5.045485
27.0,19.0,59.0,-13.328721
19.0,27.0,59.0,-13.328721
27.0,19.0,60.0,17.82642
19.0,27.0,60.0,17.82642
27.0,19.0,61.0,-4.760024
19.0,27.0,61.0,-4.760024
27.0,19.0,62.0,-1.2378848
19.0,27.0,62.0,-1.2378848
27.0,19.0,63.0,7.4201937
19.0,27.0,63.0,7.4201937
27.0,19.0,64.0,5.3330135
19.0,27.0,64.0,5.3330135
27.0,19.0,65.0,-12.762539
19.0,27.0,65.0,-12.762539
27.0,19.0,66.0,-0.82407576
19.0,27.0,66.0,-0.82407576
27.0,19.0,67.0,39.852036
19.0,27.0,67.0,39.852036
27.0,19.0,68.0,10.722676
19.0,27.0,68.0,10.722676
27.0,19.0,69.0,13.193211
19.0,27.0,69.0,13.193211
28.0,0.0,38.0,12.724967
0.0,28.0,38.0,12.724967
28.0,0.0,39.0,10.543718
0.0,28.0,39.0,10.543718
28.0,0.0,40.0,1.0742759
0.0,28.0,40.0,1.0742759
28.0,0.0,41.0,-11.63888
0.0,28.0,41.0,-11.63888
28.0,0.0,42.0,9.437501
0.0,28.0,42.0,9.437501
28.0,0.0,43.0,8.639489
0.0,28.0,43.0,8.639489
28.0,0.0,44.0,-7.7659526
0.0,28.0,44.0,-7.7659526
28.0,0.0,45.0,16.80085
0.0,28.0,45.0,16.80085
28.0,0.0,46.0,7.7012014
0.0,28.0,46.0,7.7012014
28.0,0.0,47.0,0.6729203
0.0,28.0,47.0,0.6729203
28.0,0.0,48.0,-13.961985
0.0,28.0,48.0,-13.961985
28.0,0.0,49.0,-4.952741
0.0,28.0,49.0,-4.952741
28.0,0.0,50.0,3.1367657
0.0,28.0,50.0,3.1367657
28.0,0.0,51.0,7.9189744
0.0,28.0,51.0,7.9189744
28.0,0.0,52.0,-3.9859846
0.0,28.0,52.0,-3.9859846
28.0,0.0,53.0,4.774757
0.0,28.0,53.0,4.774757
28.0,0.0,54.0,5.1858606
0.0,28.0,54.0,5.1858606
28.0,0.0,55.0,4.4289517
0.0,28.0,55.0,4.4289517
28.0,0.0,56.0,15.841442
0.0,28.0,56.0,15.841442
28.0,0.0,57.0,11.7732315
0.0,28.0,57.0,11.7732315
28.0,0.0,58.0,0.47683954
0.0,28.0,58.0,0.47683954
28.0,0.0,59.0,9.084839
0.0,28.0,59.0,9.084839
28.0,0.0,60.0,16.66446
0.0,28.0,60.0,16.66446
28.0,0.0,61.0,-7.0165176
0.0,28.0,61.0,-7.0165176
28.0,0.0,62.0,3.1085744
0.0,28.0,62.0,3.1085744
28.0,0.0,63.0,8.974339
0.0,28.0,63.0,8.974339
28.0,0.0,64.0,5.695025
0.0,28.0,64.0,5.695025
28.0,0.0,65.0,1.3849722
0.0,28.0,65.0,1.3849722
28.0,0.0,66.0,-15.420558
0.0,28.0,66.0,-15.420558
28.0,0.0,67.0,-4.0885973
0.0,28.0,67.0,-4.0885973
28.0,0.0,68.0,2.175713
0.0,28.0,68.0,2.175713
28.0,0.0,69.0,2.2134116
0.0,28.0,69.0,2.2134116
28.0,1.0,38.0,4.8374596
1.0,28.0,38.0,4.8374596
28.0,1.0,39.0,2.6695707
1.0,28.0,39.0,2.6695707
28.0,1.0,40.0,1.9472861
1.0,28.0,40.0,1.9472861
28.0,1.0,41.0,4.3783283
1.0,28.0,41.0,4.3783283
28.0,1.0,42.0,7.751563
1.0,28.0,42.0,7.751563
28.0,1.0,43.0,-1.6340164
1.0,28.0,43.0,-1.6340164
28.0,1.0,44.0,0.62687254
1.0,28.0,44.0,0.62687254
28.0,1.0,45.0,1.3740016
1.0,28.0,45.0,1.3740016
28.0,1.0,46.0,4.334036
1.0,28.0,46.0,4.334036
28.0,1.0,47.0,9.675348
1.0,28.0,47.0,9.675348
28.0,1.0,48.0,-41.47721
1.0,28.0,48.0,-41.47721
28.0,1.0,49.0,-4.0399194
1.0,28.0,49.0,-4.0399194
28.0,1.0,50.0,5.790514
1.0,28.0,50.0,5.790514
28.0,1.0,51.0,0.8739819
1.0,28.0,51.0,0.8739819
28.0,1.0,52.0,16.88898
1.0,28.0,52.0,16.88898
28.0,1.0,53.0,6.723657
1.0,28.0,53.0,6.723657
28.0,1.0,54.0,-2.3848717
1.0,28.0,54.0,-2.3848717
28.0,1.0,55.0,10.376066
1.0,28.0,55.0,10.376066
28.0,1.0,56.0,4.178341
1.0,28.0,56.0,4.178341
28.0,1.0,57.0,-2.760961
1.0,28.0,57.0,-2.760961
28.0,1.0,58.0,8.247723
1.0,28.0,58.0,8.247723
28.0,1.0,59.0,3.3806975
1.0,28.0,59.0,3.3806975
28.0,1.0,60.0,4.4787374
1.0,28.0,60.0,4.4787374
28.0,1.0,61.0,6.272446
1.0,28.0,61.0,6.272446
28.0,1.0,62.0,9.047296
1.0,28.0,62.0,9.047296
28.0,1.0,63.0,7.8726735
1.0,28.0,63.0,7.8726735
28.0,1.0,64.0,14.858245
1.0,28.0,64.0,14.858245
28.0,1.0,65.0,1.4643703
1.0,28.0,65.0,1.4643703
28.0,1.0,66.0,4.417125
1.0,28.0,66.0,4.417125
28.0,1.0,67.0,-8.212707
1.0,28.0,67.0,-8.212707
28.0,1.0,68.0,7.098235
1.0,28.0,68.0,7.098235
28.0,1.0,69.0,2.4728262
1.0,28.0,69.0,2.4728262
28.0,2.0,38.0,12.746188
2.0,28.0,38.0,12.746188
28.0,2.0,39.0,17.874891
2.0,28.0,39.0,17.874891
28.0,2.0,40.0,12.84457
2.0,28.0,40.0,12.84457
28.0,2.0,41.0,6.843576
2.0,28.0,41.0,6.843576
28.0,2.0,42.0,19.187067
2.0,28.0,42.0,19.187067
28.0,2.0,43.0,24.027573
2.0,28.0,43.0,24.027573
28.0,2.0,44.0,13.644969
2.0,28.0,44.0,13.644969
28.0,2.0,45.0,19.718061
2.0,28.0,45.0,19.718061
28.0,2.0,46.0,4.180603
2.0,28.0,46.0,4.180603
28.0,2.0,47.0,27.56912
2.0,28.0,47.0,27.56912
28.0,2.0,48.0,67.79078
2.0,28.0,48.0,67.79078
28.0,2.0,49.0,15.215543
2.0,28.0,49.0,15.215543
28.0,2.0,50.0,19.465794
2.0,28.0,50.0,19.465794
28.0,2.0,51.0,0.1946171
2.0,28.0,51.0,0.1946171
28.0,2.0,52.0,17.10667
2.0,28.0,52.0,17.10667
28.0,2.0,53.0,15.242571
2.0,28.0,53.0,15.242571
28.0,2.0,54.0,13.716757
2.0,28.0,54.0,13.716757
28.0,2.0,55.0,27.065266
2.0,28.0,55.0,27.065266
28.0,2.0,56.0,24.43354
2.0,28.0,56.0,24.43354
28.0,2.0,57.0,18.222067
2.0,28.0,57.0,18.222067
28.0,2.0,58.0,9.703325
2.0,28.0,58.0,9.703325
28.0,2.0,59.0,11.229395
2.0,28.0,59.0,11.229395
28.0,2.0,60.0,10.076965
2.0,28.0,60.0,10.076965
28.0,2.0,61.0,20.116018
2.0,28.0,61.0,20.116018
28.0,2.0,62.0,18.446482
2.0,28.0,62.0,18.446482
28.0,2.0,63.0,18.31956
2.0,28.0,63.0,18.31956
28.0,2.0,64.0,11.705233
2.0,28.0,64.0,11.705233
28.0,2.0,65.0,15.923317
2.0,28.0,65.0,15.923317
28.0,2.0,66.0,24.162981
2.0,28.0,66.0,24.162981
28.0,2.0,67.0,100.4025
2.0,28.0,67.0,100.4025
28.0,2.0,68.0,15.361149
2.0,28.0,68.0,15.361149
28.0,2.0,69.0,23.40808
2.0,28.0,69.0,23.40808
28.0,3.0,38.0,4.6091113
3.0,28.0,38.0,4.6091113
28.0,3.0,39.0,-11.267354
3.0,28.0,39.0,-11.267354
28.0,3.0,40.0,28.577074
3.0,28.0,40.0,28.577074
28.0,3.0,41.0,-8.502772
3.0,28.0,41.0,-8.502772
28.0,3.0,42.0,3.3473387
3.0,28.0,42.0,3.3473387
28.0,3.0,43.0,8.956388
3.0,28.0,43.0,8.956388
28.0,3.0,44.0,5.9156914
3.0,28.0,44.0,5.9156914
28.0,3.0,45.0,14.228553
3.0,28.0,45.0,14.228553
28.0,3.0,46.0,4.248419
3.0,28.0,46.0,4.248419
28.0,3.0,47.0,-16.676123
3.0,28.0,47.0,-16.676123
28.0,3.0,48.0,6.96567
3.0,28.0,48.0,6.96567
28.0,3.0,49.0,5.096487
3.0,28.0,49.0,5.096487
28.0,3.0,50.0,-0.619311
3.0,28.0,50.0,-0.619311
28.0,3.0,51.0,13.954515
3.0,28.0,51.0,13.954515
28.0,3.0,52.0,-14.475449
3.0,28.0,52.0,-14.475449
28.0,3.0,53.0,27.75693
3.0,28.0,53.0,27.75693
28.0,3.0,54.0,7.375214
3.0,28.0,54.0,7.375214
28.0,3.0,55.0,-17.719248
3.0,28.0,55.0,-17.719248
28.0,3.0,56.0,12.940243
3.0,28.0,56.0,12.940243
28.0,3.0,57.0,-1.8971338
3.0,28.0,57.0,-1.8971338
28.0,3.0,58.0,-25.178537
3.0,28.0,58.0,-25.178537
28.0,3.0,59.0,5.081519
3.0,28.0,59.0,5.081519
28.0,3.0,60.0,28.37986
3.0,28.0,60.0,28.37986
28.0,3.0,61.0,2.1076984
3.0,28.0,61.0,2.1076984
28.0,3.0,62.0,7.1907973
3.0,28.0,62.0,7.1907973
28.0,3.0,63.0,-10.251839
3.0,28.0,63.0,-10.251839
28.0,3.0,64.0,-2.6623228
3.0,28.0,64.0,-2.6623228
28.0,3.0,65.0,8.077039
3.0,28.0,65.0,8.077039
28.0,3.0,66.0,5.0059094
3.0,28.0,66.0,5.0059094
28.0,3.0,67.0,-23.088598
3.0,28.0,67.0,-23.088598
28.0,3.0,68.0,-9.525027
3.0,28.0,68.0,-9.525027
28.0,3.0,69.0,-1.0540292
3.0,28.0,69.0,-1.0540292
28.0,4.0,38.0,10.37912
4.0,28.0,38.0,10.37912
28.0,4.0,39.0,23.258257
4.0,28.0,39.0,23.258257
28.0,4.0,40.0,-7.0392523
4.0,28.0,40.0,-7.0392523
28.0,4.0,41.0,17.469604
4.0,28.0,41.0,17.469604
28.0,4.0,42.0,4.0766253
4.0,28.0,42.0,4.0766253
28.0,4.0,43.0,18.105366
4.0,28.0,43.0,18.105366
28.0,4.0,44.0,-5.6598024
4.0,28.0,44.0,-5.6598024
28.0,4.0,45.0,-28.001522
4.0,28.0,45.0,-28.001522
28.0,4.0,46.0,-53.796482
4.0,28.0,46.0,-53.796482
28.0,4.0,47.0,14.436302
4.0,28.0,47.0,14.436302
28.0,4.0,48.0,-27.428837
4.0,28.0,48.0,-27.428837
28.0,4.0,49.0,20.840824
4.0,28.0,49.0,20.840824
28.0,4.0,50.0,8.391388
4.0,28.0,50.0,8.391388
28.0,4.0,51.0,-16.996454
4.0,28.0,51.0,-16.996454
28.0,4.0,52.0,24.793005
4.0,28.0,52.0,24.793005
28.0,4.0,53.0,-48.377296
4.0,28.0,53.0,-48.377296
28.0,4.0,54.0,1.4470817
4.0,28.0,54.0,1.4470817
28.0,4.0,55.0,16.195864
4.0,28.0,55.0,16.195864
28.0,4.0,56.0,9.537456
4.0,28.0,56.0,9.537456
28.0,4.0,57.0,-3.1959107
4.0,28.0,57.0,-3.1959107
28.0,4.0,58.0,50.728416
4.0,28.0,58.0,50.728416
28.0,4.0,59.0,3.594111
4.0,28.0,59.0,3.594111
28.0,4.0,60.0,6.4090834
4.0,28.0,60.0,6.4090834
28.0,4.0,61.0,3.6911843
4.0,28.0,61.0,3.6911843
28.0,4.0,62.0,-24.345541
4.0,28.0,62.0,-24.345541
28.0,4.0,63.0,7.5004406
4.0,28.0,63.0,7.5004406
28.0,4.0,64.0,-5.8209105
4.0,28.0,64.0,-5.8209105
28.0,4.0,65.0,6.425429
4.0,28.0,65.0,6.425429
28.0,4.0,66.0,9.981122
4.0,28.0,66.0,9.981122
28.0,4.0,67.0,-15.33863
4.0,28.0,67.0,-15.33863
28.0,4.0,68.0,-3.6801531
4.0,28.0,68.0,-3.6801531
28.0,4.0,69.0,14.188152
4.0,28.0,69.0,14.188152
28.0,5.0,38.0,12.402752
5.0,28.0,38.0,12.402752
28.0,5.0,39.0,-3.2474797
5.0,28.0,39.0,-3.2474797
28.0,5.0,40.0,10.352762
5.0,28.0,40.0,10.352762
28.0,5.0,41.0,6.409932
5.0,28.0,41.0,6.409932
28.0,5.0,42.0,8.138692
5.0,28.0,42.0,8.138692
28.0,5.0,43.0,12.300453
5.0,28.0,43.0,12.300453
28.0,5.0,44.0,2.624495
5.0,28.0,44.0,2.624495
28.0,5.0,45.0,5.7531023
5.0,28.0,45.0,5.7531023
28.0,5.0,46.0,4.011142
5.0,28.0,46.0,4.011142
28.0,5.0,47.0,0.49146032
5.0,28.0,47.0,0.49146032
28.0,5.0,48.0,56.67788
5.0,28.0,48.0,56.67788
28.0,5.0,49.0,0.33412728
5.0,28.0,49.0,0.33412728
28.0,5.0,50.0,-0.89839685
5.0,28.0,50.0,-0.89839685
28.0,5.0,51.0,20.779802
5.0,28.0,51.0,20.779802
28.0,5.0,52.0,7.6175346
5.0,28.0,52.0,7.6175346
28.0,5.0,53.0,6.8154206
5.0,28.0,53.0,6.8154206
28.0,5.0,54.0,-3.6472983
5.0,28.0,54.0,-3.6472983
28.0,5.0,55.0,5.356312
5.0,28.0,55.0,5.356312
28.0,5.0,56.0,16.099749
5.0,28.0,56.0,16.099749
28.0,5.0,57.0,-1.2093688
5.0,28.0,57.0,-1.2093688
28.0,5.0,58.0,1.5217758
5.0,28.0,58.0,1.5217758
28.0,5.0,59.0,-0.6471602
5.0,28.0,59.0,-0.6471602
28.0,5.0,60.0,15.237678
5.0,28.0,60.0,15.237678
28.0,5.0,61.0,6.4890943
5.0,28.0,61.0,6.4890943
28.0,5.0,62.0,5.594978
5.0,28.0,62.0,5.594978
28.0,5.0,63.0,11.910761
5.0,28.0,63.0,11.910761
28.0,5.0,64.0,6.2549715
5.0,28.0,64.0,6.2549715
28.0,5.0,65.0,6.2949777
5.0,28.0,65.0,6.2949777
28.0,5.0,66.0,-11.812889
5.0,28.0,66.0,-11.812889
28.0,5.0,67.0,0.000749814
5.0,28.0,67.0,0.000749814
28.0,5.0,68.0,9.76672
5.0,28.0,68.0,9.76672
28.0,5.0,69.0,10.825161
5.0,28.0,69.0,10.825161
28.0,6.0,38.0,-2.4771008
6.0,28.0,38.0,-2.4771008
28.0,6.0,39.0,-0.009972219
6.0,28.0,39.0,-0.009972219
28.0,6.0,40.0,-4.2310486
6.0,28.0,40.0,-4.2310486
28.0,6.0,41.0,0.63364685
6.0,28.0,41.0,0.63364685
28.0,6.0,42.0,-1.2755462
6.0,28.0,42.0,-1.2755462
28.0,6.0,43.0,2.2820477
6.0,28.0,43.0,2.2820477
28.0,6.0,44.0,-4.664488
6.0,28.0,44.0,-4.664488
28.0,6.0,45.0,-3.7070227
6.0,28.0,45.0,-3.7070227
28.0,6.0,46.0,-13.571682
6.0,28.0,46.0,-13.571682
28.0,6.0,47.0,2.1698
6.0,28.0,47.0,2.1698
28.0,6.0,48.0,-29.895844
6.0,28.0,48.0,-29.895844
28.0,6.0,49.0,-3.0722806
6.0,28.0,49.0,-3.0722806
28.0,6.0,50.0,-5.410506
6.0,28.0,50.0,-5.410506
28.0,6.0,51.0,-11.810365
6.0,28.0,51.0,-11.810365
28.0,6.0,52.0,-7.6490293
6.0,28.0,52.0,-7.6490293
28.0,6.0,53.0,5.4168468
6.0,28.0,53.0,5.4168468
28.0,6.0,54.0,-7.063968
6.0,28.0,54.0,-7.063968
28.0,6.0,55.0,6.6814976
6.0,28.0,55.0,6.6814976
28.0,6.0,56.0,2.1445405
6.0,28.0,56.0,2.1445405
28.0,6.0,57.0,-13.239373
6.0,28.0,57.0,-13.239373
28.0,6.0,58.0,-6.420696
6.0,28.0,58.0,-6.420696
28.0,6.0,59.0,-0.04554722
6.0,28.0,59.0,-0.04554722
28.0,6.0,60.0,-11.287955
6.0,28.0,60.0,-11.287955
28.0,6.0,61.0,-3.8092833
6.0,28.0,61.0,-3.8092833
28.0,6.0,62.0,-3.915548
6.0,28.0,62.0,-3.915548
28.0,6.0,63.0,5.316423
6.0,28.0,63.0,5.316423
28.0,6.0,64.0,5.665963
6.0,28.0,64.0,5.665963
28.0,6.0,65.0,-11.928976
6.0,28.0,65.0,-11.928976
28.0,6.0,66.0,-1.4347186
6.0,28.0,66.0,-1.4347186
28.0,6.0,67.0,26.184893
6.0,28.0,67.0,26.184893
28.0,6.0,68.0,-5.741128
6.0,28.0,68.0,-5.741128
28.0,6.0,69.0,2.9922643
6.0,28.0,69.0,2.9922643
28.0,7.0,38.0,2.4735482
7.0,28.0,38.0,2.4735482
28.0,7.0,39.0,-9.965537
7.0,28.0,39.0,-9.965537
28.0,7.0,40.0,-8.590118
7.0,28.0,40.0,-8.590118
28.0,7.0,41.0,-2.1847005
7.0,28.0,41.0,-2.1847005
28.0,7.0,42.0,2.9414876
7.0,28.0,42.0,2.9414876
28.0,7.0,43.0,1.738538
7.0,28.0,43.0,1.738538
28.0,7.0,44.0,-12.922435
7.0,28.0,44.0,-12.922435
28.0,7.0,45.0,13.766009
7.0,28.0,45.0,13.766009
28.0,7.0,46.0,-11.280785
7.0,28.0,46.0,-11.280785
28.0,7.0,47.0,2.5473483
7.0,28.0,47.0,2.5473483
28.0,7.0,48.0,20.250242
7.0,28.0,48.0,20.250242
28.0,7.0,49.0,1.0964198
7.0,28.0,49.0,1.0964198
28.0,7.0,50.0,11.781604
7.0,28.0,50.0,11.781604
28.0,7.0,51.0,-19.4559
7.0,28.0,51.0,-19.4559
28.0,7.0,52.0,0.2575854
7.0,28.0,52.0,0.2575854
28.0,7.0,53.0,6.816647
7.0,28.0,53.0,6.816647
28.0,7.0,54.0,-1.4379487
7.0,28.0,54.0,-1.4379487
28.0,7.0,55.0,5.3394575
7.0,28.0,55.0,5.3394575
28.0,7.0,56.0,10.509242
7.0,28.0,56.0,10.509242
28.0,7.0,57.0,-5.7802014
7.0,28.0,57.0,-5.7802014
28.0,7.0,58.0,-5.304145
7.0,28.0,58.0,-5.304145
28.0,7.0,59.0,-10.439841
7.0,28.0,59.0,-10.439841
28.0,7.0,60.0,-2.1335309
7.0,28.0,60.0,-2.1335309
28.0,7.0,61.0,-6.3095093
7.0,28.0,61.0,-6.3095093
28.0,7.0,62.0,-10.780819
7.0,28.0,62.0,-10.780819
28.0,7.0,63.0,1.0591707
7.0,28.0,63.0,1.0591707
28.0,7.0,64.0,2.06954
7.0,28.0,64.0,2.06954
28.0,7.0,65.0,-6.434765
7.0,28.0,65.0,-6.434765
28.0,7.0,66.0,-3.7189684
7.0,28.0,66.0,-3.7189684
28.0,7.0,67.0,-25.059444
7.0,28.0,67.0,-25.059444
28.0,7.0,68.0,-13.01587
7.0,28.0,68.0,-13.01587
28.0,7.0,69.0,5.3003106
7.0,28.0,69.0,5.3003106
28.0,8.0,38.0,3.865203
8.0,28.0,38.0,3.865203
28.0,8.0,39.0,7.0473857
8.0,28.0,39.0,7.0473857
28.0,8.0,40.0,9.207859
8.0,28.0,40.0,9.207859
28.0,8.0,41.0,4.883913
8.0,28.0,41.0,4.883913
28.0,8.0,42.0,4.288306
8.0,28.0,42.0,4.288306
28.0,8.0,43.0,7.6038985
8.0,28.0,43.0,7.6038985
28.0,8.0,44.0,-0.24475622
8.0,28.0,44.0,-0.24475622
28.0,8.0,45.0,2.0344028
8.0,28.0,45.0,2.0344028
28.0,8.0,46.0,-0.36513907
8.0,28.0,46.0,-0.36513907
28.0,8.0,47.0,0.29012167
8.0,28.0,47.0,0.29012167
28.0,8.0,48.0,3.9684858
8.0,28.0,48.0,3.9684858
28.0,8.0,49.0,-3.479588
8.0,28.0,49.0,-3.479588
28.0,8.0,50.0,8.457382
8.0,28.0,50.0,8.457382
28.0,8.0,51.0,0.97067475
8.0,28.0,51.0,0.97067475
28.0,8.0,52.0,-1.6007726
8.0,28.0,52.0,-1.6007726
28.0,8.0,53.0,7.631749
8.0,28.0,53.0,7.631749
28.0,8.0,54.0,1.7248609
8.0,28.0,54.0,1.7248609
28.0,8.0,55.0,4.3568163
8.0,28.0,55.0,4.3568163
28.0,8.0,56.0,16.44634
8.0,28.0,56.0,16.44634
28.0,8.0,57.0,12.58618
8.0,28.0,57.0,12.58618
28.0,8.0,58.0,-34.66471
8.0,28.0,58.0,-34.66471
28.0,8.0,59.0,0.3215634
8.0,28.0,59.0,0.3215634
28.0,8.0,60.0,14.693324
8.0,28.0,60.0,14.693324
28.0,8.0,61.0,13.309497
8.0,28.0,61.0,13.309497
28.0,8.0,62.0,11.04628
8.0,28.0,62.0,11.04628
28.0,8.0,63.0,2.0624585
8.0,28.0,63.0,2.0624585
28.0,8.0,64.0,7.7174234
8.0,28.0,64.0,7.7174234
28.0,8.0,65.0,4.265071
8.0,28.0,65.0,4.265071
28.0,8.0,66.0,3.3290443
8.0,28.0,66.0,3.3290443
28.0,8.0,67.0,-14.968605
8.0,28.0,67.0,-14.968605
28.0,8.0,68.0,13.305081
8.0,28.0,68.0,13.305081
28.0,8.0,69.0,18.642525
8.0,28.0,69.0,18.642525
28.0,9.0,38.0,-2.7797635
9.0,28.0,38.0,-2.7797635
28.0,9.0,39.0,-2.5986526
9.0,28.0,39.0,-2.5986526
28.0,9.0,40.0,-10.042138
9.0,28.0,40.0,-10.042138
28.0,9.0,41.0,-21.251507
9.0,28.0,41.0,-21.251507
28.0,9.0,42.0,4.3316984
9.0,28.0,42.0,4.3316984
28.0,9.0,43.0,-4.6967907
9.0,28.0,43.0,-4.6967907
28.0,9.0,44.0,-5.342947
9.0,28.0,44.0,-5.342947
28.0,9.0,45.0,-2.0976167
9.0,28.0,45.0,-2.0976167
28.0,9.0,46.0,-12.549232
9.0,28.0,46.0,-12.549232
28.0,9.0,47.0,1.9148649
9.0,28.0,47.0,1.9148649
28.0,9.0,48.0,-13.390554
9.0,28.0,48.0,-13.390554
28.0,9.0,49.0,-9.03269
9.0,28.0,49.0,-9.03269
28.0,9.0,50.0,0.37177607
9.0,28.0,50.0,0.37177607
28.0,9.0,51.0,-14.869623
9.0,28.0,51.0,-14.869623
28.0,9.0,52.0,-7.7411165
9.0,28.0,52.0,-7.7411165
28.0,9.0,53.0,-2.95837
9.0,28.0,53.0,-2.95837
28.0,9.0,54.0,-2.3698335
9.0,28.0,54.0,-2.3698335
28.0,9.0,55.0,-0.51528424
9.0,28.0,55.0,-0.51528424
28.0,9.0,56.0,-0.21030866
9.0,28.0,56.0,-0.21030866
28.0,9.0,57.0,-12.781995
9.0,28.0,57.0,-12.781995
28.0,9.0,58.0,3.575658
9.0,28.0,58.0,3.575658
28.0,9.0,59.0,-10.035761
9.0,28.0,59.0,-10.035761
28.0,9.0,60.0,-8.700845
9.0,28.0,60.0,-8.700845
28.0,9.0,61.0,-9.272507
9.0,28.0,61.0,-9.272507
28.0,9.0,62.0,-12.448795
9.0,28.0,62.0,-12.448795
28.0,9.0,63.0,-2.0295022
9.0,28.0,63.0,-2.0295022
28.0,9.0,64.0,-3.8136005
9.0,28.0,64.0,-3.8136005
28.0,9.0,65.0,-9.981856
9.0,28.0,65.0,-9.981856
28.0,9.0,66.0,4.3302402
9.0,28.0,66.0,4.3302402
28.0,9.0,67.0,-5.980442
9.0,28.0,67.0,-5.980442
28.0,9.0,68.0,-16.420727
9.0,28.0,68.0,-16.420727
28.0,9.0,69.0,-4.827924
9.0,28.0,69.0,-4.827924
28.0,10.0,38.0,10.172706
10.0,28.0,38.0,10.172706
28.0,10.0,39.0,3.863972
10.0,28.0,39.0,3.863972
28.0,10.0,40.0,11.121447
10.0,28.0,40.0,11.121447
28.0,10.0,41.0,4.6718745
10.0,28.0,41.0,4.6718745
28.0,10.0,42.0,7.4644775
10.0,28.0,42.0,7.4644775
28.0,10.0,43.0,3.5357487
10.0,28.0,43.0,3.5357487
28.0,10.0,44.0,-0.6311269
10.0,28.0,44.0,-0.6311269
28.0,10.0,45.0,10.406474
10.0,28.0,45.0,10.406474
28.0,10.0,46.0,13.493726
10.0,28.0,46.0,13.493726
28.0,10.0,47.0,-0.31920844
10.0,28.0,47.0,-0.31920844
28.0,10.0,48.0,-115.314026
10.0,28.0,48.0,-115.314026
28.0,10.0,49.0,-11.154486
10.0,28.0,49.0,-11.154486
28.0,10.0,50.0,3.2361221
10.0,28.0,50.0,3.2361221
28.0,10.0,51.0,11.882565
10.0,28.0,51.0,11.882565
28.0,10.0,52.0,4.2364907
10.0,28.0,52.0,4.2364907
28.0,10.0,53.0,7.4975777
10.0,28.0,53.0,7.4975777
28.0,10.0,54.0,0.41555163
10.0,28.0,54.0,0.41555163
28.0,10.0,55.0,5.4347663
10.0,28.0,55.0,5.4347663
28.0,10.0,56.0,7.7859344
10.0,28.0,56.0,7.7859344
28.0,10.0,57.0,14.6817665
10.0,28.0,57.0,14.6817665
28.0,10.0,58.0,5.4155674
10.0,28.0,58.0,5.4155674
28.0,10.0,59.0,17.787022
10.0,28.0,59.0,17.787022
28.0,10.0,60.0,27.22991
10.0,28.0,60.0,27.22991
28.0,10.0,61.0,8.149209
10.0,28.0,61.0,8.149209
28.0,10.0,62.0,13.749334
10.0,28.0,62.0,13.749334
28.0,10.0,63.0,4.8402023
10.0,28.0,63.0,4.8402023
28.0,10.0,64.0,9.882215
10.0,28.0,64.0,9.882215
28.0,10.0,65.0,1.8990006
10.0,28.0,65.0,1.8990006
28.0,10.0,66.0,1.7162548
10.0,28.0,66.0,1.7162548
28.0,10.0,67.0,37.41936
10.0,28.0,67.0,37.41936
28.0,10.0,68.0,9.31134
10.0,28.0,68.0,9.31134
28.0,10.0,69.0,10.916223
10.0,28.0,69.0,10.916223
28.0,11.0,38.0,8.510259
11.0,28.0,38.0,8.510259
28.0,11.0,39.0,2.1615736
11.0,28.0,39.0,2.1615736
28.0,11.0,40.0,-1.3281212
11.0,28.0,40.0,-1.3281212
28.0,11.0,41.0,-10.734627
11.0,28.0,41.0,-10.734627
28.0,11.0,42.0,12.574017
11.0,28.0,42.0,12.574017
28.0,11.0,43.0,-0.37149787
11.0,28.0,43.0,-0.37149787
28.0,11.0,44.0,-6.950321
11.0,28.0,44.0,-6.950321
28.0,11.0,45.0,8.410649
11.0,28.0,45.0,8.410649
28.0,11.0,46.0,-0.3991389
11.0,28.0,46.0,-0.3991389
28.0,11.0,47.0,8.705601
11.0,28.0,47.0,8.705601
28.0,11.0,48.0,-66.13422
11.0,28.0,48.0,-66.13422
28.0,11.0,49.0,-13.741951
11.0,28.0,49.0,-13.741951
28.0,11.0,50.0,5.9426336
11.0,28.0,50.0,5.9426336
28.0,11.0,51.0,-6.41972
11.0,28.0,51.0,-6.41972
28.0,11.0,52.0,9.327901
11.0,28.0,52.0,9.327901
28.0,11.0,53.0,10.545132
11.0,28.0,53.0,10.545132
28.0,11.0,54.0,-1.7741501
11.0,28.0,54.0,-1.7741501
28.0,11.0,55.0,2.8348505
11.0,28.0,55.0,2.8348505
28.0,11.0,56.0,18.942535
11.0,28.0,56.0,18.942535
28.0,11.0,57.0,0.12817132
11.0,28.0,57.0,0.12817132
28.0,11.0,58.0,22.963087
11.0,28.0,58.0,22.963087
28.0,11.0,59.0,-0.82727814
11.0,28.0,59.0,-0.82727814
28.0,11.0,60.0,4.0964665
11.0,28.0,60.0,4.0964665
28.0,11.0,61.0,-0.093818486
11.0,28.0,61.0,-0.093818486
28.0,11.0,62.0,-0.28070545
11.0,28.0,62.0,-0.28070545
28.0,11.0,63.0,2.248629
11.0,28.0,63.0,2.248629
28.0,11.0,64.0,8.084928
11.0,28.0,64.0,8.084928
28.0,11.0,65.0,5.29702
11.0,28.0,65.0,5.29702
28.0,11.0,66.0,-17.672075
11.0,28.0,66.0,-17.672075
28.0,11.0,67.0,-24.218555
11.0,28.0,67.0,-24.218555
28.0,11.0,68.0,-13.889108
11.0,28.0,68.0,-13.889108
28.0,11.0,69.0,9.033105
11.0,28.0,69.0,9.033105
28.0,12.0,38.0,5.666592
12.0,28.0,38.0,5.666592
28.0,12.0,39.0,-3.0135283
12.0,28.0,39.0,-3.0135283
28.0,12.0,40.0,14.297738
12.0,28.0,40.0,14.297738
28.0,12.0,41.0,7.415846
12.0,28.0,41.0,7.415846
28.0,12.0,42.0,8.457148
12.0,28.0,42.0,8.457148
28.0,12.0,43.0,17.457682
12.0,28.0,43.0,17.457682
28.0,12.0,44.0,4.6005955
12.0,28.0,44.0,4.6005955
28.0,12.0,45.0,6.3509374
12.0,28.0,45.0,6.3509374
28.0,12.0,46.0,10.435081
12.0,28.0,46.0,10.435081
28.0,12.0,47.0,5.783408
12.0,28.0,47.0,5.783408
28.0,12.0,48.0,-44.89483
12.0,28.0,48.0,-44.89483
28.0,12.0,49.0,-7.0566998
12.0,28.0,49.0,-7.0566998
28.0,12.0,50.0,6.8525615
12.0,28.0,50.0,6.8525615
28.0,12.0,51.0,6.675669
12.0,28.0,51.0,6.675669
28.0,12.0,52.0,5.279455
12.0,28.0,52.0,5.279455
28.0,12.0,53.0,9.274599
12.0,28.0,53.0,9.274599
28.0,12.0,54.0,4.521096
12.0,28.0,54.0,4.521096
28.0,12.0,55.0,3.2428975
12.0,28.0,55.0,3.2428975
28.0,12.0,56.0,21.129408
12.0,28.0,56.0,21.129408
28.0,12.0,57.0,8.473093
12.0,28.0,57.0,8.473093
28.0,12.0,58.0,2.4150186
12.0,28.0,58.0,2.4150186
28.0,12.0,59.0,3.590383
12.0,28.0,59.0,3.590383
28.0,12.0,60.0,29.25941
12.0,28.0,60.0,29.25941
28.0,12.0,61.0,3.298419
12.0,28.0,61.0,3.298419
28.0,12.0,62.0,20.042328
12.0,28.0,62.0,20.042328
28.0,12.0,63.0,2.079468
12.0,28.0,63.0,2.079468
28.0,12.0,64.0,17.309795
12.0,28.0,64.0,17.309795
28.0,12.0,65.0,1.4613204
12.0,28.0,65.0,1.4613204
28.0,12.0,66.0,-0.8636527
12.0,28.0,66.0,-0.8636527
28.0,12.0,67.0,22.076939
12.0,28.0,67.0,22.076939
28.0,12.0,68.0,15.620046
12.0,28.0,68.0,15.620046
28.0,12.0,69.0,10.055254
12.0,28.0,69.0,10.055254
28.0,13.0,38.0,20.19732
13.0,28.0,38.0,20.19732
28.0,13.0,39.0,4.405274
13.0,28.0,39.0,4.405274
28.0,13.0,40.0,17.941214
13.0,28.0,40.0,17.941214
28.0,13.0,41.0,22.793097
13.0,28.0,41.0,22.793097
28.0,13.0,42.0,6.2716136
13.0,28.0,42.0,6.2716136
28.0,13.0,43.0,56.144836
13.0,28.0,43.0,56.144836
28.0,13.0,44.0,9.675328
13.0,28.0,44.0,9.675328
28.0,13.0,45.0,16.84287
13.0,28.0,45.0,16.84287
28.0,13.0,46.0,14.848665
13.0,28.0,46.0,14.848665
28.0,13.0,47.0,5.7795143
13.0,28.0,47.0,5.7795143
28.0,13.0,48.0,-39.619125
13.0,28.0,48.0,-39.619125
28.0,13.0,49.0,4.821455
13.0,28.0,49.0,4.821455
28.0,13.0,50.0,8.641796
13.0,28.0,50.0,8.641796
28.0,13.0,51.0,9.842628
13.0,28.0,51.0,9.842628
28.0,13.0,52.0,21.772491
13.0,28.0,52.0,21.772491
28.0,13.0,53.0,14.087732
13.0,28.0,53.0,14.087732
28.0,13.0,54.0,8.585861
13.0,28.0,54.0,8.585861
28.0,13.0,55.0,15.497588
13.0,28.0,55.0,15.497588
28.0,13.0,56.0,42.787876
13.0,28.0,56.0,42.787876
28.0,13.0,57.0,13.0321045
13.0,28.0,57.0,13.0321045
28.0,13.0,58.0,9.578863
13.0,28.0,58.0,9.578863
28.0,13.0,59.0,14.023341
13.0,28.0,59.0,14.023341
28.0,13.0,60.0,25.512766
13.0,28.0,60.0,25.512766
28.0,13.0,61.0,18.249073
13.0,28.0,61.0,18.249073
28.0,13.0,62.0,34.488796
13.0,28.0,62.0,34.488796
28.0,13.0,63.0,19.99835
13.0,28.0,63.0,19.99835
28.0,13.0,64.0,19.092007
13.0,28.0,64.0,19.092007
28.0,13.0,65.0,9.047323
13.0,28.0,65.0,9.047323
28.0,13.0,66.0,-2.1901336
13.0,28.0,66.0,-2.1901336
28.0,13.0,67.0,24.590916
13.0,28.0,67.0,24.590916
28.0,13.0,68.0,15.975024
13.0,28.0,68.0,15.975024
28.0,13.0,69.0,24.776743
13.0,28.0,69.0,24.776743
28.0,14.0,38.0,6.2135496
14.0,28.0,38.0,6.2135496
28.0,14.0,39.0,1.3825538
14.0,28.0,39.0,1.3825538
28.0,14.0,40.0,11.887807
14.0,28.0,40.0,11.887807
28.0,14.0,41.0,-6.499721
14.0,28.0,41.0,-6.499721
28.0,14.0,42.0,3.625
14.0,28.0,42.0,3.625
28.0,14.0,43.0,9.093806
14.0,28.0,43.0,9.093806
28.0,14.0,44.0,3.5810542
14.0,28.0,44.0,3.5810542
28.0,14.0,45.0,1.8013248
14.0,28.0,45.0,1.8013248
28.0,14.0,46.0,11.410821
14.0,28.0,46.0,11.410821
28.0,14.0,47.0,-0.82258344
14.0,28.0,47.0,-0.82258344
28.0,14.0,48.0,21.729128
14.0,28.0,48.0,21.729128
28.0,14.0,49.0,6.366251
14.0,28.0,49.0,6.366251
28.0,14.0,50.0,-2.8762424
14.0,28.0,50.0,-2.8762424
28.0,14.0,51.0,-17.294579
14.0,28.0,51.0,-17.294579
28.0,14.0,52.0,-10.659702
14.0,28.0,52.0,-10.659702
28.0,14.0,53.0,-10.500856
14.0,28.0,53.0,-10.500856
28.0,14.0,54.0,-8.20776
14.0,28.0,54.0,-8.20776
28.0,14.0,55.0,1.3183289
14.0,28.0,55.0,1.3183289
28.0,14.0,56.0,18.94791
14.0,28.0,56.0,18.94791
28.0,14.0,57.0,10.055227
14.0,28.0,57.0,10.055227
28.0,14.0,58.0,-0.68365484
14.0,28.0,58.0,-0.68365484
28.0,14.0,59.0,4.7919755
14.0,28.0,59.0,4.7919755
28.0,14.0,60.0,10.079882
14.0,28.0,60.0,10.079882
28.0,14.0,61.0,7.513581
14.0,28.0,61.0,7.513581
28.0,14.0,62.0,9.547682
14.0,28.0,62.0,9.547682
28.0,14.0,63.0,-2.4612284
14.0,28.0,63.0,-2.4612284
28.0,14.0,64.0,13.716064
14.0,28.0,64.0,13.716064
28.0,14.0,65.0,1.5030586
14.0,28.0,65.0,1.5030586
28.0,14.0,66.0,-21.497488
14.0,28.0,66.0,-21.497488
28.0,14.0,67.0,-4.3132153
14.0,28.0,67.0,-4.3132153
28.0,14.0,68.0,10.791982
14.0,28.0,68.0,10.791982
28.0,14.0,69.0,10.130718
14.0,28.0,69.0,10.130718
28.0,15.0,38.0,-1.8430109
15.0,28.0,38.0,-1.8430109
28.0,15.0,39.0,-8.138272
15.0,28.0,39.0,-8.138272
28.0,15.0,40.0,-2.150443
15.0,28.0,40.0,-2.150443
28.0,15.0,41.0,-9.961044
15.0,28.0,41.0,-9.961044
28.0,15.0,42.0,0.9967195
15.0,28.0,42.0,0.9967195
28.0,15.0,43.0,-2.5681524
15.0,28.0,43.0,-2.5681524
28.0,15.0,44.0,-2.9419584
15.0,28.0,44.0,-2.9419584
28.0,15.0,45.0,4.8674526
15.0,28.0,45.0,4.8674526
28.0,15.0,46.0,-7.782678
15.0,28.0,46.0,-7.782678
28.0,15.0,47.0,3.6843803
15.0,28.0,47.0,3.6843803
28.0,15.0,48.0,11.339243
15.0,28.0,48.0,11.339243
28.0,15.0,49.0,-3.8850338
15.0,28.0,49.0,-3.8850338
28.0,15.0,50.0,-5.3762083
15.0,28.0,50.0,-5.3762083
28.0,15.0,51.0,-14.17604
15.0,28.0,51.0,-14.17604
28.0,15.0,52.0,-4.5534687
15.0,28.0,52.0,-4.5534687
28.0,15.0,53.0,4.4413333
15.0,28.0,53.0,4.4413333
28.0,15.0,54.0,3.4992757
15.0,28.0,54.0,3.4992757
28.0,15.0,55.0,6.522178
15.0,28.0,55.0,6.522178
28.0,15.0,56.0,-6.3164887
15.0,28.0,56.0,-6.3164887
28.0,15.0,57.0,-12.263366
15.0,28.0,57.0,-12.263366
28.0,15.0,58.0,11.147071
15.0,28.0,58.0,11.147071
28.0,15.0,59.0,-5.886264
15.0,28.0,59.0,-5.886264
28.0,15.0,60.0,-0.26320916
15.0,28.0,60.0,-0.26320916
28.0,15.0,61.0,-6.574926
15.0,28.0,61.0,-6.574926
28.0,15.0,62.0,-3.5720475
15.0,28.0,62.0,-3.5720475
28.0,15.0,63.0,-9.715854
15.0,28.0,63.0,-9.715854
28.0,15.0,64.0,4.94376
15.0,28.0,64.0,4.94376
28.0,15.0,65.0,-4.0818653
15.0,28.0,65.0,-4.0818653
28.0,15.0,66.0,-0.18204936
15.0,28.0,66.0,-0.18204936
28.0,15.0,67.0,-54.3392
15.0,28.0,67.0,-54.3392
28.0,15.0,68.0,-9.330093
15.0,28.0,68.0,-9.330093
28.0,15.0,69.0,10.425882
15.0,28.0,69.0,10.425882
28.0,16.0,38.0,7.637359
16.0,28.0,38.0,7.637359
28.0,16.0,39.0,0.83263254
16.0,28.0,39.0,0.83263254
28.0,16.0,40.0,13.838478
16.0,28.0,40.0,13.838478
28.0,16.0,41.0,4.9106226
16.0,28.0,41.0,4.9106226
28.0,16.0,42.0,3.3867188
16.0,28.0,42.0,3.3867188
28.0,16.0,43.0,5.667228
16.0,28.0,43.0,5.667228
28.0,16.0,44.0,7.0783777
16.0,28.0,44.0,7.0783777
28.0,16.0,45.0,10.866325
16.0,28.0,45.0,10.866325
28.0,16.0,46.0,7.2220454
16.0,28.0,46.0,7.2220454
28.0,16.0,47.0,3.5167344
16.0,28.0,47.0,3.5167344
28.0,16.0,48.0,-65.35528
16.0,28.0,48.0,-65.35528
28.0,16.0,49.0,-3.3010705
16.0,28.0,49.0,-3.3010705
28.0,16.0,50.0,0.6800529
16.0,28.0,50.0,0.6800529
28.0,16.0,51.0,-10.821054
16.0,28.0,51.0,-10.821054
28.0,16.0,52.0,3.106815
16.0,28.0,52.0,3.106815
28.0,16.0,53.0,6.8741474
16.0,28.0,53.0,6.8741474
28.0,16.0,54.0,4.6265492
16.0,28.0,54.0,4.6265492
28.0,16.0,55.0,11.903239
16.0,28.0,55.0,11.903239
28.0,16.0,56.0,6.211774
16.0,28.0,56.0,6.211774
28.0,16.0,57.0,3.817744
16.0,28.0,57.0,3.817744
28.0,16.0,58.0,-10.725933
16.0,28.0,58.0,-10.725933
28.0,16.0,59.0,6.1610866
16.0,28.0,59.0,6.1610866
28.0,16.0,60.0,7.084181
16.0,28.0,60.0,7.084181
28.0,16.0,61.0,-0.16322725
16.0,28.0,61.0,-0.16322725
28.0,16.0,62.0,4.8406253
16.0,28.0,62.0,4.8406253
28.0,16.0,63.0,14.640984
16.0,28.0,63.0,14.640984
28.0,16.0,64.0,15.470316
16.0,28.0,64.0,15.470316
28.0,16.0,65.0,5.668229
16.0,28.0,65.0,5.668229
28.0,16.0,66.0,-0.9666452
16.0,28.0,66.0,-0.9666452
28.0,16.0,67.0,-0.3573848
16.0,28.0,67.0,-0.3573848
28.0,16.0,68.0,-13.190557
16.0,28.0,68.0,-13.190557
28.0,16.0,69.0,2.4952395
16.0,28.0,69.0,2.4952395
28.0,17.0,38.0,9.171038
17.0,28.0,38.0,9.171038
28.0,17.0,39.0,3.454984
17.0,28.0,39.0,3.454984
28.0,17.0,40.0,8.36212
17.0,28.0,40.0,8.36212
28.0,17.0,41.0,3.4601464
17.0,28.0,41.0,3.4601464
28.0,17.0,42.0,12.080286
17.0,28.0,42.0,12.080286
28.0,17.0,43.0,9.508866
17.0,28.0,43.0,9.508866
28.0,17.0,44.0,4.8326945
17.0,28.0,44.0,4.8326945
28.0,17.0,45.0,9.848591
17.0,28.0,45.0,9.848591
28.0,17.0,46.0,-0.2350161
17.0,28.0,46.0,-0.2350161
28.0,17.0,47.0,9.431945
17.0,28.0,47.0,9.431945
28.0,17.0,48.0,-14.565009
17.0,28.0,48.0,-14.565009
28.0,17.0,49.0,0.8088757
17.0,28.0,49.0,0.8088757
28.0,17.0,50.0,0.58104336
17.0,28.0,50.0,0.58104336
28.0,17.0,51.0,0.041124396
17.0,28.0,51.0,0.041124396
28.0,17.0,52.0,8.85086
17.0,28.0,52.0,8.85086
28.0,17.0,53.0,11.844079
17.0,28.0,53.0,11.844079
28.0,17.0,54.0,2.5882258
17.0,28.0,54.0,2.5882258
28.0,17.0,55.0,12.613718
17.0,28.0,55.0,12.613718
28.0,17.0,56.0,2.4480376
17.0,28.0,56.0,2.4480376
28.0,17.0,57.0,3.8958027
17.0,28.0,57.0,3.8958027
28.0,17.0,58.0,10.332339
17.0,28.0,58.0,10.332339
28.0,17.0,59.0,7.837884
17.0,28.0,59.0,7.837884
28.0,17.0,60.0,3.8530517
17.0,28.0,60.0,3.8530517
28.0,17.0,61.0,-2.1087675
17.0,28.0,61.0,-2.1087675
28.0,17.0,62.0,1.3897223
17.0,28.0,62.0,1.3897223
28.0,17.0,63.0,8.496342
17.0,28.0,63.0,8.496342
28.0,17.0,64.0,10.094928
17.0,28.0,64.0,10.094928
28.0,17.0,65.0,3.0421095
17.0,28.0,65.0,3.0421095
28.0,17.0,66.0,-1.0790944
17.0,28.0,66.0,-1.0790944
28.0,17.0,67.0,3.6847913
17.0,28.0,67.0,3.6847913
28.0,17.0,68.0,5.7179413
17.0,28.0,68.0,5.7179413
28.0,17.0,69.0,14.459364
17.0,28.0,69.0,14.459364
28.0,18.0,38.0,18.078428
18.0,28.0,38.0,18.078428
28.0,18.0,39.0,9.297815
18.0,28.0,39.0,9.297815
28.0,18.0,40.0,12.083658
18.0,28.0,40.0,12.083658
28.0,18.0,41.0,-4.5608807
18.0,28.0,41.0,-4.5608807
28.0,18.0,42.0,-4.6443696
18.0,28.0,42.0,-4.6443696
28.0,18.0,43.0,-5.3334317
18.0,28.0,43.0,-5.3334317
28.0,18.0,44.0,6.5681677
18.0,28.0,44.0,6.5681677
28.0,18.0,45.0,2.3820314
18.0,28.0,45.0,2.3820314
28.0,18.0,46.0,0.5275787
18.0,28.0,46.0,0.5275787
28.0,18.0,47.0,-3.2437367
18.0,28.0,47.0,-3.2437367
28.0,18.0,48.0,18.553942
18.0,28.0,48.0,18.553942
28.0,18.0,49.0,-0.019538334
18.0,28.0,49.0,-0.019538334
28.0,18.0,50.0,-4.157454
18.0,28.0,50.0,-4.157454
28.0,18.0,51.0,13.102815
18.0,28.0,51.0,13.102815
28.0,18.0,52.0,-27.458399
18.0,28.0,52.0,-27.458399
28.0,18.0,53.0,-0.67827415
18.0,28.0,53.0,-0.67827415
28.0,18.0,54.0,-7.4780135
18.0,28.0,54.0,-7.4780135
28.0,18.0,55.0,6.944634
18.0,28.0,55.0,6.944634
28.0,18.0,56.0,9.089059
18.0,28.0,56.0,9.089059
28.0,18.0,57.0,11.983148
18.0,28.0,57.0,11.983148
28.0,18.0,58.0,-10.425709
18.0,28.0,58.0,-10.425709
28.0,18.0,59.0,9.393253
18.0,28.0,59.0,9.393253
28.0,18.0,60.0,17.503332
18.0,28.0,60.0,17.503332
28.0,18.0,61.0,0.54353
18.0,28.0,61.0,0.54353
28.0,18.0,62.0,10.101223
18.0,28.0,62.0,10.101223
28.0,18.0,63.0,12.79935
18.0,28.0,63.0,12.79935
28.0,18.0,64.0,-8.112207
18.0,28.0,64.0,-8.112207
28.0,18.0,65.0,2.5603952
18.0,28.0,65.0,2.5603952
28.0,18.0,66.0,-37.77039
18.0,28.0,66.0,-37.77039
28.0,18.0,67.0,-47.749516
18.0,28.0,67.0,-47.749516
28.0,18.0,68.0,17.752687
18.0,28.0,68.0,17.752687
28.0,18.0,69.0,-7.7890944
18.0,28.0,69.0,-7.7890944
28.0,19.0,38.0,5.5494547
19.0,28.0,38.0,5.5494547
28.0,19.0,39.0,5.4350505
19.0,28.0,39.0,5.4350505
28.0,19.0,40.0,11.132725
19.0,28.0,40.0,11.132725
28.0,19.0,41.0,-9.913541
19.0,28.0,41.0,-9.913541
28.0,19.0,42.0,14.140552
19.0,28.0,42.0,14.140552
28.0,19.0,43.0,21.498087
19.0,28.0,43.0,21.498087
28.0,19.0,44.0,10.017163
19.0,28.0,44.0,10.017163
28.0,19.0,45.0,5.6654935
19.0,28.0,45.0,5.6654935
28.0,19.0,46.0,7.1583624
19.0,28.0,46.0,7.1583624
28.0,19.0,47.0,12.0688925
19.0,28.0,47.0,12.0688925
28.0,19.0,48.0,-23.052362
19.0,28.0,48.0,-23.052362
28.0,19.0,49.0,3.9690619
19.0,28.0,49.0,3.9690619
28.0,19.0,50.0,5.2809896
19.0,28.0,50.0,5.2809896
28.0,19.0,51.0,10.372736
19.0,28.0,51.0,10.372736
28.0,19.0,52.0,7.6418767
19.0,28.0,52.0,7.6418767
28.0,19.0,53.0,13.47511
19.0,28.0,53.0,13.47511
28.0,19.0,54.0,0.5605339
19.0,28.0,54.0,0.5605339
28.0,19.0,55.0,12.442348
19.0,28.0,55.0,12.442348
28.0,19.0,56.0,0.6099476
19.0,28.0,56.0,0.6099476
28.0,19.0,57.0,14.764538
19.0,28.0,57.0,14.764538
28.0,19.0,58.0,28.968113
19.0,28.0,58.0,28.968113
28.0,19.0,59.0,10.512643
19.0,28.0,59.0,10.512643
28.0,19.0,60.0,23.632881
19.0,28.0,60.0,23.632881
28.0,19.0,61.0,16.318457
19.0,28.0,61.0,16.318457
28.0,19.0,62.0,15.358663
19.0,28.0,62.0,15.358663
28.0,19.0,63.0,18.462473
19.0,28.0,63.0,18.462473
28.0,19.0,64.0,21.668396
19.0,28.0,64.0,21.668396
28.0,19.0,65.0,7.8067994
19.0,28.0,65.0,7.8067994
28.0,19.0,66.0,3.513088
19.0,28.0,66.0,3.513088
28.0,19.0,67.0,36.96806
19.0,28.0,67.0,36.96806
28.0,19.0,68.0,7.0291185
19.0,28.0,68.0,7.0291185
28.0,19.0,69.0,30.695824
19.0,28.0,69.0,30.695824
4.0,0.0,38.0,15.352585
0.0,4.0,38.0,15.352585
4.0,0.0,39.0,40.28481
0.0,4.0,39.0,40.28481
4.0,0.0,40.0,4.728886
0.0,4.0,40.0,4.728886
4.0,0.0,41.0,27.526457
0.0,4.0,41.0,27.526457
4.0,0.0,42.0,10.685961
0.0,4.0,42.0,10.685961
4.0,0.0,43.0,38.978485
0.0,4.0,43.0,38.978485
4.0,0.0,44.0,4.852936
0.0,4.0,44.0,4.852936
4.0,0.0,45.0,-20.075874
0.0,4.0,45.0,-20.075874
4.0,0.0,46.0,-15.591257
0.0,4.0,46.0,-15.591257
4.0,0.0,47.0,4.937884
0.0,4.0,47.0,4.937884
4.0,0.0,48.0,7.064638
0.0,4.0,48.0,7.064638
4.0,0.0,49.0,28.275034
0.0,4.0,49.0,28.275034
4.0,0.0,50.0,13.654204
0.0,4.0,50.0,13.654204
4.0,0.0,51.0,95.964905
0.0,4.0,51.0,95.964905
4.0,0.0,52.0,25.04861
0.0,4.0,52.0,25.04861
4.0,0.0,53.0,-46.367218
0.0,4.0,53.0,-46.367218
4.0,0.0,54.0,1.8208275
0.0,4.0,54.0,1.8208275
4.0,0.0,55.0,21.684973
0.0,4.0,55.0,21.684973
4.0,0.0,56.0,-0.9232923
0.0,4.0,56.0,-0.9232923
4.0,0.0,57.0,4.087746
0.0,4.0,57.0,4.087746
4.0,0.0,58.0,56.549034
0.0,4.0,58.0,56.549034
4.0,0.0,59.0,0.022147022
0.0,4.0,59.0,0.022147022
4.0,0.0,60.0,-11.547002
0.0,4.0,60.0,-11.547002
4.0,0.0,61.0,2.4311347
0.0,4.0,61.0,2.4311347
4.0,0.0,62.0,-27.188602
0.0,4.0,62.0,-27.188602
4.0,0.0,63.0,4.7243996
0.0,4.0,63.0,4.7243996
4.0,0.0,64.0,0.33580673
0.0,4.0,64.0,0.33580673
4.0,0.0,65.0,13.208319
0.0,4.0,65.0,13.208319
4.0,0.0,66.0,18.167776
0.0,4.0,66.0,18.167776
4.0,0.0,67.0,-14.326652
0.0,4.0,67.0,-14.326652
4.0,0.0,68.0,10.356487
0.0,4.0,68.0,10.356487
4.0,0.0,69.0,6.752579
0.0,4.0,69.0,6.752579
4.0,2.0,38.0,70.18048
2.0,4.0,38.0,70.18048
4.0,2.0,39.0,70.18079
2.0,4.0,39.0,70.18079
4.0,2.0,40.0,64.9287
2.0,4.0,40.0,64.9287
4.0,2.0,41.0,73.63376
2.0,4.0,41.0,73.63376
4.0,2.0,42.0,28.41777
2.0,4.0,42.0,28.41777
4.0,2.0,43.0,59.4081
2.0,4.0,43.0,59.4081
4.0,2.0,44.0,23.314497
2.0,4.0,44.0,23.314497
4.0,2.0,45.0,56.53419
2.0,4.0,45.0,56.53419
4.0,2.0,46.0,17.903715
2.0,4.0,46.0,17.903715
4.0,2.0,47.0,38.477142
2.0,4.0,47.0,38.477142
4.0,2.0,48.0,106.56086
2.0,4.0,48.0,106.56086
4.0,2.0,49.0,49.585377
2.0,4.0,49.0,49.585377
4.0,2.0,50.0,47.9806
2.0,4.0,50.0,47.9806
4.0,2.0,51.0,65.61775
2.0,4.0,51.0,65.61775
4.0,2.0,52.0,63.57056
2.0,4.0,52.0,63.57056
4.0,2.0,53.0,5.2166953
2.0,4.0,53.0,5.2166953
4.0,2.0,54.0,58.288044
2.0,4.0,54.0,58.288044
4.0,2.0,55.0,60.14043
2.0,4.0,55.0,60.14043
4.0,2.0,56.0,34.594257
2.0,4.0,56.0,34.594257
4.0,2.0,57.0,46.799324
2.0,4.0,57.0,46.799324
4.0,2.0,58.0,89.8002
2.0,4.0,58.0,89.8002
4.0,2.0,59.0,33.9363
2.0,4.0,59.0,33.9363
4.0,2.0,60.0,34.95048
2.0,4.0,60.0,34.95048
4.0,2.0,61.0,39.402122
2.0,4.0,61.0,39.402122
4.0,2.0,62.0,34.11084
2.0,4.0,62.0,34.11084
4.0,2.0,63.0,36.131554
2.0,4.0,63.0,36.131554
4.0,2.0,64.0,40.898125
2.0,4.0,64.0,40.898125
4.0,2.0,65.0,59.520885
2.0,4.0,65.0,59.520885
4.0,2.0,66.0,82.687584
2.0,4.0,66.0,82.687584
4.0,2.0,67.0,169.71666
2.0,4.0,67.0,169.71666
4.0,2.0,68.0,38.854073
2.0,4.0,68.0,38.854073
4.0,2.0,69.0,47.230988
2.0,4.0,69.0,47.230988
4.0,5.0,38.0,48.917164
5.0,4.0,38.0,48.917164
4.0,5.0,39.0,29.196016
5.0,4.0,39.0,29.196016
4.0,5.0,40.0,1.85384
5.0,4.0,40.0,1.85384
4.0,5.0,41.0,16.964241
5.0,4.0,41.0,16.964241
4.0,5.0,42.0,12.2640705
5.0,4.0,42.0,12.2640705
4.0,5.0,43.0,47.245564
5.0,4.0,43.0,47.245564
4.0,5.0,44.0,8.090836
5.0,4.0,44.0,8.090836
4.0,5.0,45.0,-0.310985
5.0,4.0,45.0,-0.310985
4.0,5.0,46.0,2.8718379
5.0,4.0,46.0,2.8718379
4.0,5.0,47.0,12.98287
5.0,4.0,47.0,12.98287
4.0,5.0,48.0,58.06515
5.0,4.0,48.0,58.06515
4.0,5.0,49.0,19.808147
5.0,4.0,49.0,19.808147
4.0,5.0,50.0,13.468965
5.0,4.0,50.0,13.468965
4.0,5.0,51.0,57.130867
5.0,4.0,51.0,57.130867
4.0,5.0,52.0,24.000027
5.0,4.0,52.0,24.000027
4.0,5.0,53.0,-22.616592
5.0,4.0,53.0,-22.616592
4.0,5.0,54.0,33.30649
5.0,4.0,54.0,33.30649
4.0,5.0,55.0,26.293114
5.0,4.0,55.0,26.293114
4.0,5.0,56.0,25.737072
5.0,4.0,56.0,25.737072
4.0,5.0,57.0,5.1685166
5.0,4.0,57.0,5.1685166
4.0,5.0,58.0,59.97551
5.0,4.0,58.0,59.97551
4.0,5.0,59.0,9.452132
5.0,4.0,59.0,9.452132
4.0,5.0,60.0,19.44389
5.0,4.0,60.0,19.44389
4.0,5.0,61.0,13.693989
5.0,4.0,61.0,13.693989
4.0,5.0,62.0,0.33560038
5.0,4.0,62.0,0.33560038
4.0,5.0,63.0,-0.39373228
5.0,4.0,63.0,-0.39373228
4.0,5.0,64.0,-12.8827305
5.0,4.0,64.0,-12.8827305
4.0,5.0,65.0,19.828238
5.0,4.0,65.0,19.828238
4.0,5.0,66.0,14.259392
5.0,4.0,66.0,14.259392
4.0,5.0,67.0,11.693238
5.0,4.0,67.0,11.693238
4.0,5.0,68.0,30.660164
5.0,4.0,68.0,30.660164
4.0,5.0,69.0,29.791985
5.0,4.0,69.0,29.791985
4.0,7.0,38.0,-6.112382
7.0,4.0,38.0,-6.112382
4.0,7.0,39.0,36.06922
7.0,4.0,39.0,36.06922
4.0,7.0,40.0,47.072514
7.0,4.0,40.0,47.072514
4.0,7.0,41.0,28.00451
7.0,4.0,41.0,28.00451
4.0,7.0,42.0,-3.683023
7.0,4.0,42.0,-3.683023
4.0,7.0,43.0,44.96409
7.0,4.0,43.0,44.96409
4.0,7.0,44.0,-5.742383
7.0,4.0,44.0,-5.742383
4.0,7.0,45.0,32.12281
7.0,4.0,45.0,32.12281
4.0,7.0,46.0,-55.138897
7.0,4.0,46.0,-55.138897
4.0,7.0,47.0,31.185871
7.0,4.0,47.0,31.185871
4.0,7.0,48.0,65.54191
7.0,4.0,48.0,65.54191
4.0,7.0,49.0,28.700706
7.0,4.0,49.0,28.700706
4.0,7.0,50.0,20.094109
7.0,4.0,50.0,20.094109
4.0,7.0,51.0,90.46363
7.0,4.0,51.0,90.46363
4.0,7.0,52.0,52.49632
7.0,4.0,52.0,52.49632
4.0,7.0,53.0,-5.772702
7.0,4.0,53.0,-5.772702
4.0,7.0,54.0,33.695534
7.0,4.0,54.0,33.695534
4.0,7.0,55.0,17.959045
7.0,4.0,55.0,17.959045
4.0,7.0,56.0,3.077336
7.0,4.0,56.0,3.077336
4.0,7.0,57.0,22.668026
7.0,4.0,57.0,22.668026
4.0,7.0,58.0,32.77407
7.0,4.0,58.0,32.77407
4.0,7.0,59.0,7.613757
7.0,4.0,59.0,7.613757
4.0,7.0,60.0,3.4900537
7.0,4.0,60.0,3.4900537
4.0,7.0,61.0,13.04843
7.0,4.0,61.0,13.04843
4.0,7.0,62.0,-22.057333
7.0,4.0,62.0,-22.057333
4.0,7.0,63.0,32.967304
7.0,4.0,63.0,32.967304
4.0,7.0,64.0,4.372917
7.0,4.0,64.0,4.372917
4.0,7.0,65.0,10.256606
7.0,4.0,65.0,10.256606
4.0,7.0,66.0,31.32391
7.0,4.0,66.0,31.32391
4.0,7.0,67.0,-1.787261
7.0,4.0,67.0,-1.787261
4.0,7.0,68.0,-19.75905
7.0,4.0,68.0,-19.75905
4.0,7.0,69.0,13.364585
7.0,4.0,69.0,13.364585
4.0,13.0,38.0,84.44535
13.0,4.0,38.0,84.44535
4.0,13.0,39.0,98.676575
13.0,4.0,39.0,98.676575
4.0,13.0,40.0,59.738895
13.0,4.0,40.0,59.738895
4.0,13.0,41.0,48.60369
13.0,4.0,41.0,48.60369
4.0,13.0,42.0,7.075541
13.0,4.0,42.0,7.075541
4.0,13.0,43.0,51.97722
13.0,4.0,43.0,51.97722
4.0,13.0,44.0,35.700947
13.0,4.0,44.0,35.700947
4.0,13.0,45.0,-18.706354
13.0,4.0,45.0,-18.706354
4.0,13.0,46.0,-11.910841
13.0,4.0,46.0,-11.910841
4.0,13.0,47.0,58.362206
13.0,4.0,47.0,58.362206
4.0,13.0,48.0,13.411552
13.0,4.0,48.0,13.411552
4.0,13.0,49.0,56.926414
13.0,4.0,49.0,56.926414
4.0,13.0,50.0,47.52945
13.0,4.0,50.0,47.52945
4.0,13.0,51.0,113.10615
13.0,4.0,51.0,113.10615
4.0,13.0,52.0,44.66867
13.0,4.0,52.0,44.66867
4.0,13.0,53.0,-40.147015
13.0,4.0,53.0,-40.147015
4.0,13.0,54.0,56.752216
13.0,4.0,54.0,56.752216
4.0,13.0,55.0,73.280464
13.0,4.0,55.0,73.280464
4.0,13.0,56.0,28.213396
13.0,4.0,56.0,28.213396
4.0,13.0,57.0,54.93311
13.0,4.0,57.0,54.93311
4.0,13.0,58.0,75.92298
13.0,4.0,58.0,75.92298
4.0,13.0,59.0,-7.457147
13.0,4.0,59.0,-7.457147
4.0,13.0,60.0,58.27169
13.0,4.0,60.0,58.27169
4.0,13.0,61.0,54.72487
13.0,4.0,61.0,54.72487
4.0,13.0,62.0,19.682726
13.0,4.0,62.0,19.682726
4.0,13.0,63.0,2.7712944
13.0,4.0,63.0,2.7712944
4.0,13.0,64.0,28.797422
13.0,4.0,64.0,28.797422
4.0,13.0,65.0,45.55292
13.0,4.0,65.0,45.55292
4.0,13.0,66.0,51.557236
13.0,4.0,66.0,51.557236
4.0,13.0,67.0,54.01529
13.0,4.0,67.0,54.01529
4.0,13.0,68.0,21.42086
13.0,4.0,68.0,21.42086
4.0,13.0,69.0,52.51984
13.0,4.0,69.0,52.51984
4.0,14.0,38.0,63.95671
14.0,4.0,38.0,63.95671
4.0,14.0,38.0,49.385464
14.0,4.0,38.0,49.385464
4.0,14.0,39.0,69.69485
14.0,4.0,39.0,69.69485
4.0,14.0,40.0,102.63909
14.0,4.0,40.0,102.63909
4.0,14.0,40.0,109.942184
14.0,4.0,40.0,109.942184
4.0,14.0,41.0,83.43817
14.0,4.0,41.0,83.43817
4.0,14.0,41.0,73.34257
14.0,4.0,41.0,73.34257
4.0,14.0,42.0,5.7209916
14.0,4.0,42.0,5.7209916
4.0,14.0,42.0,2.8276215
14.0,4.0,42.0,2.8276215
4.0,14.0,43.0,83.96248
14.0,4.0,43.0,83.96248
4.0,14.0,43.0,27.037617
14.0,4.0,43.0,27.037617
4.0,14.0,44.0,32.539734
14.0,4.0,44.0,32.539734
4.0,14.0,44.0,-8.057318
14.0,4.0,44.0,-8.057318
4.0,14.0,45.0,12.749565
14.0,4.0,45.0,12.749565
4.0,14.0,45.0,28.508688
14.0,4.0,45.0,28.508688
4.0,14.0,46.0,19.98284
14.0,4.0,46.0,19.98284
4.0,14.0,47.0,46.702255
14.0,4.0,47.0,46.702255
4.0,14.0,47.0,47.082127
14.0,4.0,47.0,47.082127
4.0,14.0,48.0,36.671448
14.0,4.0,48.0,36.671448
4.0,14.0,49.0,47.64392
14.0,4.0,49.0,47.64392
4.0,14.0,49.0,31.469933
14.0,4.0,49.0,31.469933
4.0,14.0,50.0,32.800198
14.0,4.0,50.0,32.800198
4.0,14.0,51.0,81.679405
14.0,4.0,51.0,81.679405
4.0,14.0,52.0,57.810867
14.0,4.0,52.0,57.810867
4.0,14.0,52.0,27.419836
14.0,4.0,52.0,27.419836
4.0,14.0,53.0,-24.116446
14.0,4.0,53.0,-24.116446
4.0,14.0,53.0,-47.40452
14.0,4.0,53.0,-47.40452
4.0,14.0,54.0,58.49321
14.0,4.0,54.0,58.49321
4.0,14.0,54.0,36.565453
14.0,4.0,54.0,36.565453
4.0,14.0,55.0,57.297558
14.0,4.0,55.0,57.297558
4.0,14.0,56.0,40.09041
14.0,4.0,56.0,40.09041
4.0,14.0,57.0,28.560211
14.0,4.0,57.0,28.560211
4.0,14.0,58.0,74.00841
14.0,4.0,58.0,74.00841
4.0,14.0,59.0,29.534912
14.0,4.0,59.0,29.534912
4.0,14.0,59.0,35.502098
14.0,4.0,59.0,35.502098
4.0,14.0,60.0,45.41291
14.0,4.0,60.0,45.41291
4.0,14.0,61.0,17.1689
14.0,4.0,61.0,17.1689
4.0,14.0,62.0,13.078695
14.0,4.0,62.0,13.078695
4.0,14.0,63.0,3.9304757
14.0,4.0,63.0,3.9304757
4.0,14.0,64.0,19.037636
14.0,4.0,64.0,19.037636
4.0,14.0,65.0,44.950455
14.0,4.0,65.0,44.950455
4.0,14.0,65.0,63.30158
14.0,4.0,65.0,63.30158
4.0,14.0,66.0,29.750584
14.0,4.0,66.0,29.750584
4.0,14.0,67.0,3.085987
14.0,4.0,67.0,3.085987
4.0,14.0,68.0,38.134876
14.0,4.0,68.0,38.134876
4.0,14.0,69.0,34.841553
14.0,4.0,69.0,34.841553
4.0,20.0,38.0,25.672895
20.0,4.0,38.0,25.672895
4.0,20.0,39.0,4.860404
20.0,4.0,39.0,4.860404
4.0,20.0,40.0,-13.403458
20.0,4.0,40.0,-13.403458
4.0,20.0,41.0,14.3108425
20.0,4.0,41.0,14.3108425
4.0,20.0,42.0,-8.133914
20.0,4.0,42.0,-8.133914
4.0,20.0,43.0,2.3724551
20.0,4.0,43.0,2.3724551
4.0,20.0,44.0,-24.895037
20.0,4.0,44.0,-24.895037
4.0,20.0,45.0,-25.159678
20.0,4.0,45.0,-25.159678
4.0,20.0,46.0,-60.76405
20.0,4.0,46.0,-60.76405
4.0,20.0,47.0,11.823401
20.0,4.0,47.0,11.823401
4.0,20.0,48.0,1.6713897
20.0,4.0,48.0,1.6713897
4.0,20.0,49.0,15.858287
20.0,4.0,49.0,15.858287
4.0,20.0,50.0,-17.066628
20.0,4.0,50.0,-17.066628
4.0,20.0,51.0,43.900406
20.0,4.0,51.0,43.900406
4.0,20.0,52.0,22.163336
20.0,4.0,52.0,22.163336
4.0,20.0,53.0,-61.827568
20.0,4.0,53.0,-61.827568
4.0,20.0,54.0,-23.767128
20.0,4.0,54.0,-23.767128
4.0,20.0,55.0,19.118097
20.0,4.0,55.0,19.118097
4.0,20.0,56.0,-3.198507
20.0,4.0,56.0,-3.198507
4.0,20.0,57.0,-23.489216
20.0,4.0,57.0,-23.489216
4.0,20.0,58.0,49.519836
20.0,4.0,58.0,49.519836
4.0,20.0,59.0,20.440266
20.0,4.0,59.0,20.440266
4.0,20.0,60.0,-4.436224
20.0,4.0,60.0,-4.436224
4.0,20.0,61.0,-4.2310824
20.0,4.0,61.0,-4.2310824
4.0,20.0,62.0,-14.072378
20.0,4.0,62.0,-14.072378
4.0,20.0,63.0,-2.6116784
20.0,4.0,63.0,-2.6116784
4.0,20.0,64.0,1.2877107
20.0,4.0,64.0,1.2877107
4.0,20.0,65.0,10.97142
20.0,4.0,65.0,10.97142
4.0,20.0,66.0,11.154378
20.0,4.0,66.0,11.154378
4.0,20.0,67.0,-16.168158
20.0,4.0,67.0,-16.168158
4.0,20.0,68.0,-24.481693
20.0,4.0,68.0,-24.481693
4.0,20.0,69.0,-12.695642
20.0,4.0,69.0,-12.695642
4.0,21.0,38.0,34.01496
21.0,4.0,38.0,34.01496
4.0,21.0,39.0,74.36261
21.0,4.0,39.0,74.36261
4.0,21.0,40.0,29.77397
21.0,4.0,40.0,29.77397
4.0,21.0,41.0,28.195461
21.0,4.0,41.0,28.195461
4.0,21.0,42.0,4.5095325
21.0,4.0,42.0,4.5095325
4.0,21.0,43.0,20.11291
21.0,4.0,43.0,20.11291
4.0,21.0,44.0,11.763887
21.0,4.0,44.0,11.763887
4.0,21.0,45.0,0.42338687
21.0,4.0,45.0,0.42338687
4.0,21.0,46.0,-8.464702
21.0,4.0,46.0,-8.464702
4.0,21.0,47.0,24.580917
21.0,4.0,47.0,24.580917
4.0,21.0,48.0,-11.842519
21.0,4.0,48.0,-11.842519
4.0,21.0,49.0,39.68599
21.0,4.0,49.0,39.68599
4.0,21.0,50.0,28.80254
21.0,4.0,50.0,28.80254
4.0,21.0,51.0,89.08812
21.0,4.0,51.0,89.08812
4.0,21.0,52.0,35.803993
21.0,4.0,52.0,35.803993
4.0,21.0,53.0,-29.04323
21.0,4.0,53.0,-29.04323
4.0,21.0,54.0,19.507978
21.0,4.0,54.0,19.507978
4.0,21.0,55.0,47.29077
21.0,4.0,55.0,47.29077
4.0,21.0,56.0,5.8148985
21.0,4.0,56.0,5.8148985
4.0,21.0,57.0,5.7899156
21.0,4.0,57.0,5.7899156
4.0,21.0,58.0,94.66059
21.0,4.0,58.0,94.66059
4.0,21.0,59.0,35.56567
21.0,4.0,59.0,35.56567
4.0,21.0,60.0,21.311916
21.0,4.0,60.0,21.311916
4.0,21.0,61.0,16.813496
21.0,4.0,61.0,16.813496
4.0,21.0,62.0,-11.11533
21.0,4.0,62.0,-11.11533
4.0,21.0,63.0,5.9493837
21.0,4.0,63.0,5.9493837
4.0,21.0,64.0,4.814792
21.0,4.0,64.0,4.814792
4.0,21.0,65.0,30.396355
21.0,4.0,65.0,30.396355
4.0,21.0,66.0,36.399445
21.0,4.0,66.0,36.399445
4.0,21.0,67.0,40.419956
21.0,4.0,67.0,40.419956
4.0,21.0,68.0,26.88807
21.0,4.0,68.0,26.88807
4.0,21.0,69.0,31.394981
21.0,4.0,69.0,31.394981
4.0,16.0,38.0,36.329437
16.0,4.0,38.0,36.329437
4.0,16.0,39.0,26.182158
16.0,4.0,39.0,26.182158
4.0,16.0,40.0,29.903852
16.0,4.0,40.0,29.903852
4.0,16.0,41.0,27.85304
16.0,4.0,41.0,27.85304
4.0,16.0,42.0,4.492294
16.0,4.0,42.0,4.492294
4.0,16.0,43.0,23.451736
16.0,4.0,43.0,23.451736
4.0,16.0,44.0,14.074602
16.0,4.0,44.0,14.074602
4.0,16.0,45.0,29.67691
16.0,4.0,45.0,29.67691
4.0,16.0,46.0,5.861972
16.0,4.0,46.0,5.861972
4.0,16.0,47.0,22.032095
16.0,4.0,47.0,22.032095
4.0,16.0,48.0,5.779762
16.0,4.0,48.0,5.779762
4.0,16.0,49.0,12.233963
16.0,4.0,49.0,12.233963
4.0,16.0,50.0,14.235735
16.0,4.0,50.0,14.235735
4.0,16.0,51.0,-17.647352
16.0,4.0,51.0,-17.647352
4.0,16.0,52.0,23.694021
16.0,4.0,52.0,23.694021
4.0,16.0,53.0,9.263679
16.0,4.0,53.0,9.263679
4.0,16.0,54.0,25.37152
16.0,4.0,54.0,25.37152
4.0,16.0,55.0,30.512596
16.0,4.0,55.0,30.512596
4.0,16.0,56.0,10.34465
16.0,4.0,56.0,10.34465
4.0,16.0,57.0,14.913509
16.0,4.0,57.0,14.913509
4.0,16.0,58.0,25.288164
16.0,4.0,58.0,25.288164
4.0,16.0,59.0,17.107382
16.0,4.0,59.0,17.107382
4.0,16.0,60.0,18.209507
16.0,4.0,60.0,18.209507
4.0,16.0,61.0,1.4557371
16.0,4.0,61.0,1.4557371
4.0,16.0,62.0,-17.454433
16.0,4.0,62.0,-17.454433
4.0,16.0,63.0,-5.190581
16.0,4.0,63.0,-5.190581
4.0,16.0,64.0,10.280524
16.0,4.0,64.0,10.280524
4.0,16.0,65.0,26.671383
16.0,4.0,65.0,26.671383
4.0,16.0,66.0,15.642197
16.0,4.0,66.0,15.642197
4.0,16.0,67.0,2.901823
16.0,4.0,67.0,2.901823
4.0,16.0,68.0,12.669146
16.0,4.0,68.0,12.669146
4.0,16.0,69.0,11.410586
16.0,4.0,69.0,11.410586
4.0,22.0,38.0,6.4764814
22.0,4.0,38.0,6.4764814
4.0,22.0,39.0,33.446777
22.0,4.0,39.0,33.446777
4.0,22.0,40.0,-2.7760963
22.0,4.0,40.0,-2.7760963
4.0,22.0,41.0,57.644493
22.0,4.0,41.0,57.644493
4.0,22.0,42.0,-1.0158839
22.0,4.0,42.0,-1.0158839
4.0,22.0,43.0,-0.7998963
22.0,4.0,43.0,-0.7998963
4.0,22.0,44.0,-15.048502
22.0,4.0,44.0,-15.048502
4.0,22.0,45.0,6.494314
22.0,4.0,45.0,6.494314
4.0,22.0,46.0,-31.761007
22.0,4.0,46.0,-31.761007
4.0,22.0,47.0,6.5374904
22.0,4.0,47.0,6.5374904
4.0,22.0,48.0,6.8413777
22.0,4.0,48.0,6.8413777
4.0,22.0,49.0,27.200249
22.0,4.0,49.0,27.200249
4.0,22.0,50.0,-1.4636687
22.0,4.0,50.0,-1.4636687
4.0,22.0,51.0,35.84331
22.0,4.0,51.0,35.84331
4.0,22.0,52.0,29.117311
22.0,4.0,52.0,29.117311
4.0,22.0,53.0,-29.805065
22.0,4.0,53.0,-29.805065
4.0,22.0,54.0,-14.488328
22.0,4.0,54.0,-14.488328
4.0,22.0,55.0,62.190014
22.0,4.0,55.0,62.190014
4.0,22.0,56.0,5.31029
22.0,4.0,56.0,5.31029
4.0,22.0,57.0,9.580486
22.0,4.0,57.0,9.580486
4.0,22.0,58.0,58.23644
22.0,4.0,58.0,58.23644
4.0,22.0,59.0,5.680176
22.0,4.0,59.0,5.680176
4.0,22.0,60.0,19.985249
22.0,4.0,60.0,19.985249
4.0,22.0,61.0,1.7099416
22.0,4.0,61.0,1.7099416
4.0,22.0,62.0,-18.642845
22.0,4.0,62.0,-18.642845
4.0,22.0,63.0,-19.586702
22.0,4.0,63.0,-19.586702
4.0,22.0,64.0,2.1992621
22.0,4.0,64.0,2.1992621
4.0,22.0,65.0,51.34208
22.0,4.0,65.0,51.34208
4.0,22.0,66.0,22.827986
22.0,4.0,66.0,22.827986
4.0,22.0,67.0,8.719913
22.0,4.0,67.0,8.719913
4.0,22.0,68.0,-13.9653225
22.0,4.0,68.0,-13.9653225
4.0,22.0,69.0,7.1049085
22.0,4.0,69.0,7.1049085
29.0,0.0,38.0,-14.702385
0.0,29.0,38.0,-14.702385
29.0,0.0,39.0,5.327419
0.0,29.0,39.0,5.327419
29.0,0.0,40.0,-0.52528167
0.0,29.0,40.0,-0.52528167
29.0,0.0,41.0,-10.609878
0.0,29.0,41.0,-10.609878
29.0,0.0,42.0,3.9063077
0.0,29.0,42.0,3.9063077
29.0,0.0,43.0,-14.528089
0.0,29.0,43.0,-14.528089
29.0,0.0,44.0,-17.422552
0.0,29.0,44.0,-17.422552
29.0,0.0,45.0,1.9518344
0.0,29.0,45.0,1.9518344
29.0,0.0,46.0,-8.983198
0.0,29.0,46.0,-8.983198
29.0,0.0,47.0,-1.0224968
0.0,29.0,47.0,-1.0224968
29.0,0.0,48.0,-10.633077
0.0,29.0,48.0,-10.633077
29.0,0.0,49.0,-5.19646
0.0,29.0,49.0,-5.19646
29.0,0.0,50.0,0.7199036
0.0,29.0,50.0,0.7199036
29.0,0.0,51.0,-11.782529
0.0,29.0,51.0,-11.782529
29.0,0.0,52.0,-11.974573
0.0,29.0,52.0,-11.974573
29.0,0.0,53.0,-3.7756238
0.0,29.0,53.0,-3.7756238
29.0,0.0,54.0,3.5685813
0.0,29.0,54.0,3.5685813
29.0,0.0,55.0,1.937584
0.0,29.0,55.0,1.937584
29.0,0.0,56.0,16.441889
0.0,29.0,56.0,16.441889
29.0,0.0,57.0,-11.389011
0.0,29.0,57.0,-11.389011
29.0,0.0,58.0,7.385645
0.0,29.0,58.0,7.385645
29.0,0.0,59.0,4.357199
0.0,29.0,59.0,4.357199
29.0,0.0,60.0,-1.0109236
0.0,29.0,60.0,-1.0109236
29.0,0.0,61.0,-35.16986
0.0,29.0,61.0,-35.16986
29.0,0.0,62.0,4.1104493
0.0,29.0,62.0,4.1104493
29.0,0.0,63.0,1.1561608
0.0,29.0,63.0,1.1561608
29.0,0.0,64.0,-3.4331717
0.0,29.0,64.0,-3.4331717
29.0,0.0,65.0,0.6372402
0.0,29.0,65.0,0.6372402
29.0,0.0,66.0,-17.578398
0.0,29.0,66.0,-17.578398
29.0,0.0,67.0,-13.191209
0.0,29.0,67.0,-13.191209
29.0,0.0,68.0,11.450328
0.0,29.0,68.0,11.450328
29.0,0.0,69.0,-4.970996
0.0,29.0,69.0,-4.970996
29.0,1.0,38.0,-6.037985
1.0,29.0,38.0,-6.037985
29.0,1.0,39.0,2.165532
1.0,29.0,39.0,2.165532
29.0,1.0,40.0,8.719456
1.0,29.0,40.0,8.719456
29.0,1.0,41.0,7.067519
1.0,29.0,41.0,7.067519
29.0,1.0,42.0,7.4966044
1.0,29.0,42.0,7.4966044
29.0,1.0,43.0,-17.131674
1.0,29.0,43.0,-17.131674
29.0,1.0,44.0,1.6671828
1.0,29.0,44.0,1.6671828
29.0,1.0,45.0,1.7823554
1.0,29.0,45.0,1.7823554
29.0,1.0,46.0,3.8366802
1.0,29.0,46.0,3.8366802
29.0,1.0,47.0,11.01086
1.0,29.0,47.0,11.01086
29.0,1.0,48.0,-10.937988
1.0,29.0,48.0,-10.937988
29.0,1.0,49.0,7.2455053
1.0,29.0,49.0,7.2455053
29.0,1.0,50.0,4.2493052
1.0,29.0,50.0,4.2493052
29.0,1.0,51.0,-0.7637748
1.0,29.0,51.0,-0.7637748
29.0,1.0,52.0,18.07137
1.0,29.0,52.0,18.07137
29.0,1.0,53.0,12.699266
1.0,29.0,53.0,12.699266
29.0,1.0,54.0,2.8808239
1.0,29.0,54.0,2.8808239
29.0,1.0,55.0,9.687406
1.0,29.0,55.0,9.687406
29.0,1.0,56.0,18.030788
1.0,29.0,56.0,18.030788
29.0,1.0,57.0,-0.18592013
1.0,29.0,57.0,-0.18592013
29.0,1.0,58.0,20.10924
1.0,29.0,58.0,20.10924
29.0,1.0,59.0,17.831553
1.0,29.0,59.0,17.831553
29.0,1.0,60.0,7.662051
1.0,29.0,60.0,7.662051
29.0,1.0,61.0,-13.626288
1.0,29.0,61.0,-13.626288
29.0,1.0,62.0,11.039154
1.0,29.0,62.0,11.039154
29.0,1.0,63.0,3.4042497
1.0,29.0,63.0,3.4042497
29.0,1.0,64.0,29.891064
1.0,29.0,64.0,29.891064
29.0,1.0,65.0,2.546402
1.0,29.0,65.0,2.546402
29.0,1.0,66.0,-3.0443513
1.0,29.0,66.0,-3.0443513
29.0,1.0,67.0,-16.57348
1.0,29.0,67.0,-16.57348
29.0,1.0,68.0,15.86523
1.0,29.0,68.0,15.86523
29.0,1.0,69.0,-7.326279
1.0,29.0,69.0,-7.326279
29.0,2.0,38.0,13.594191
2.0,29.0,38.0,13.594191
29.0,2.0,39.0,25.348206
2.0,29.0,39.0,25.348206
29.0,2.0,40.0,10.111262
2.0,29.0,40.0,10.111262
29.0,2.0,41.0,3.3336003
2.0,29.0,41.0,3.3336003
29.0,2.0,42.0,19.940117
2.0,29.0,42.0,19.940117
29.0,2.0,43.0,4.5210075
2.0,29.0,43.0,4.5210075
29.0,2.0,44.0,0.9547257
2.0,29.0,44.0,0.9547257
29.0,2.0,45.0,13.3637
2.0,29.0,45.0,13.3637
29.0,2.0,46.0,10.3774395
2.0,29.0,46.0,10.3774395
29.0,2.0,47.0,22.530008
2.0,29.0,47.0,22.530008
29.0,2.0,48.0,49.93036
2.0,29.0,48.0,49.93036
29.0,2.0,49.0,26.615608
2.0,29.0,49.0,26.615608
29.0,2.0,50.0,13.750685
2.0,29.0,50.0,13.750685
29.0,2.0,51.0,6.6849422
2.0,29.0,51.0,6.6849422
29.0,2.0,52.0,27.233511
2.0,29.0,52.0,27.233511
29.0,2.0,53.0,52.929836
2.0,29.0,53.0,52.929836
29.0,2.0,54.0,17.923973
2.0,29.0,54.0,17.923973
29.0,2.0,55.0,26.804813
2.0,29.0,55.0,26.804813
29.0,2.0,56.0,27.421774
2.0,29.0,56.0,27.421774
29.0,2.0,57.0,13.839377
2.0,29.0,57.0,13.839377
29.0,2.0,58.0,17.870161
2.0,29.0,58.0,17.870161
29.0,2.0,59.0,26.75294
2.0,29.0,59.0,26.75294
29.0,2.0,60.0,9.690261
2.0,29.0,60.0,9.690261
29.0,2.0,61.0,18.357937
2.0,29.0,61.0,18.357937
29.0,2.0,62.0,41.01778
2.0,29.0,62.0,41.01778
29.0,2.0,63.0,42.89991
2.0,29.0,63.0,42.89991
29.0,2.0,64.0,15.792202
2.0,29.0,64.0,15.792202
29.0,2.0,65.0,15.717326
2.0,29.0,65.0,15.717326
29.0,2.0,66.0,14.050594
2.0,29.0,66.0,14.050594
29.0,2.0,67.0,90.90923
2.0,29.0,67.0,90.90923
29.0,2.0,68.0,12.98788
2.0,29.0,68.0,12.98788
29.0,2.0,69.0,23.981604
2.0,29.0,69.0,23.981604
29.0,3.0,38.0,-1.8765546
3.0,29.0,38.0,-1.8765546
29.0,3.0,39.0,-13.547631
3.0,29.0,39.0,-13.547631
29.0,3.0,40.0,19.539831
3.0,29.0,40.0,19.539831
29.0,3.0,41.0,6.1325345
3.0,29.0,41.0,6.1325345
29.0,3.0,42.0,5.3245773
3.0,29.0,42.0,5.3245773
29.0,3.0,43.0,-20.883411
3.0,29.0,43.0,-20.883411
29.0,3.0,44.0,-0.7663841
3.0,29.0,44.0,-0.7663841
29.0,3.0,45.0,9.5265255
3.0,29.0,45.0,9.5265255
29.0,3.0,46.0,-13.161983
3.0,29.0,46.0,-13.161983
29.0,3.0,47.0,-15.197921
3.0,29.0,47.0,-15.197921
29.0,3.0,48.0,9.201886
3.0,29.0,48.0,9.201886
29.0,3.0,49.0,8.380429
3.0,29.0,49.0,8.380429
29.0,3.0,50.0,-0.82302845
3.0,29.0,50.0,-0.82302845
29.0,3.0,51.0,66.7195
3.0,29.0,51.0,66.7195
29.0,3.0,52.0,-15.48085
3.0,29.0,52.0,-15.48085
29.0,3.0,53.0,13.234983
3.0,29.0,53.0,13.234983
29.0,3.0,54.0,-2.3219929
3.0,29.0,54.0,-2.3219929
29.0,3.0,55.0,-20.518457
3.0,29.0,55.0,-20.518457
29.0,3.0,56.0,9.661906
3.0,29.0,56.0,9.661906
29.0,3.0,57.0,-9.782986
3.0,29.0,57.0,-9.782986
29.0,3.0,58.0,-11.831414
3.0,29.0,58.0,-11.831414
29.0,3.0,59.0,8.199257
3.0,29.0,59.0,8.199257
29.0,3.0,60.0,18.823875
3.0,29.0,60.0,18.823875
29.0,3.0,61.0,-19.65311
3.0,29.0,61.0,-19.65311
29.0,3.0,62.0,8.884596
3.0,29.0,62.0,8.884596
29.0,3.0,63.0,-11.434804
3.0,29.0,63.0,-11.434804
29.0,3.0,64.0,3.5209863
3.0,29.0,64.0,3.5209863
29.0,3.0,65.0,13.032424
3.0,29.0,65.0,13.032424
29.0,3.0,66.0,-2.0159247
3.0,29.0,66.0,-2.0159247
29.0,3.0,67.0,-9.157277
3.0,29.0,67.0,-9.157277
29.0,3.0,68.0,-7.679437
3.0,29.0,68.0,-7.679437
29.0,3.0,69.0,-0.6124008
3.0,29.0,69.0,-0.6124008
29.0,4.0,38.0,-0.17873576
4.0,29.0,38.0,-0.17873576
29.0,4.0,39.0,19.819765
4.0,29.0,39.0,19.819765
29.0,4.0,40.0,38.483303
4.0,29.0,40.0,38.483303
29.0,4.0,41.0,0.38639346
4.0,29.0,41.0,0.38639346
29.0,4.0,42.0,0.16807015
4.0,29.0,42.0,0.16807015
29.0,4.0,43.0,-5.2892914
4.0,29.0,43.0,-5.2892914
29.0,4.0,44.0,-27.43501
4.0,29.0,44.0,-27.43501
29.0,4.0,45.0,-46.19424
4.0,29.0,45.0,-46.19424
29.0,4.0,46.0,-35.98116
4.0,29.0,46.0,-35.98116
29.0,4.0,47.0,9.243533
4.0,29.0,47.0,9.243533
29.0,4.0,48.0,-22.024752
4.0,29.0,48.0,-22.024752
29.0,4.0,49.0,61.014
4.0,29.0,49.0,61.014
29.0,4.0,50.0,-5.9039607
4.0,29.0,50.0,-5.9039607
29.0,4.0,51.0,41.686024
4.0,29.0,51.0,41.686024
29.0,4.0,52.0,18.359234
4.0,29.0,52.0,18.359234
29.0,4.0,53.0,60.520336
4.0,29.0,53.0,60.520336
29.0,4.0,54.0,3.083912
4.0,29.0,54.0,3.083912
29.0,4.0,55.0,28.41521
4.0,29.0,55.0,28.41521
29.0,4.0,56.0,26.453917
4.0,29.0,56.0,26.453917
29.0,4.0,57.0,-14.001305
4.0,29.0,57.0,-14.001305
29.0,4.0,58.0,47.950413
4.0,29.0,58.0,47.950413
29.0,4.0,59.0,5.0818887
4.0,29.0,59.0,5.0818887
29.0,4.0,60.0,1.788086
4.0,29.0,60.0,1.788086
29.0,4.0,61.0,-23.301659
4.0,29.0,61.0,-23.301659
29.0,4.0,62.0,-15.540923
4.0,29.0,62.0,-15.540923
29.0,4.0,63.0,59.07601
4.0,29.0,63.0,59.07601
29.0,4.0,64.0,32.51245
4.0,29.0,64.0,32.51245
29.0,4.0,65.0,7.398223
4.0,29.0,65.0,7.398223
29.0,4.0,66.0,8.449443
4.0,29.0,66.0,8.449443
29.0,4.0,67.0,-56.408684
4.0,29.0,67.0,-56.408684
29.0,4.0,68.0,-2.482451
4.0,29.0,68.0,-2.482451
29.0,4.0,69.0,-24.491714
4.0,29.0,69.0,-24.491714
29.0,5.0,38.0,-11.4082575
5.0,29.0,38.0,-11.4082575
29.0,5.0,39.0,-4.4908595
5.0,29.0,39.0,-4.4908595
29.0,5.0,40.0,3.871809
5.0,29.0,40.0,3.871809
29.0,5.0,41.0,8.232042
5.0,29.0,41.0,8.232042
29.0,5.0,42.0,5.2899256
5.0,29.0,42.0,5.2899256
29.0,5.0,43.0,-7.0478806
5.0,29.0,43.0,-7.0478806
29.0,5.0,44.0,0.89165086
5.0,29.0,44.0,0.89165086
29.0,5.0,45.0,-2.540222
5.0,29.0,45.0,-2.540222
29.0,5.0,46.0,-12.694128
5.0,29.0,46.0,-12.694128
29.0,5.0,47.0,-2.2179658
5.0,29.0,47.0,-2.2179658
29.0,5.0,48.0,30.170254
5.0,29.0,48.0,30.170254
29.0,5.0,49.0,2.5821366
5.0,29.0,49.0,2.5821366
29.0,5.0,50.0,2.7421446
5.0,29.0,50.0,2.7421446
29.0,5.0,51.0,-18.214989
5.0,29.0,51.0,-18.214989
29.0,5.0,52.0,9.54794
5.0,29.0,52.0,9.54794
29.0,5.0,53.0,8.087085
5.0,29.0,53.0,8.087085
29.0,5.0,54.0,6.5214915
5.0,29.0,54.0,6.5214915
29.0,5.0,55.0,3.3376915
5.0,29.0,55.0,3.3376915
29.0,5.0,56.0,16.874187
5.0,29.0,56.0,16.874187
29.0,5.0,57.0,-10.153033
5.0,29.0,57.0,-10.153033
29.0,5.0,58.0,-1.1259382
5.0,29.0,58.0,-1.1259382
29.0,5.0,59.0,10.326648
5.0,29.0,59.0,10.326648
29.0,5.0,60.0,9.418452
5.0,29.0,60.0,9.418452
29.0,5.0,61.0,-7.566208
5.0,29.0,61.0,-7.566208
29.0,5.0,62.0,-2.3100178
5.0,29.0,62.0,-2.3100178
29.0,5.0,63.0,3.7909148
5.0,29.0,63.0,3.7909148
29.0,5.0,64.0,4.2923703
5.0,29.0,64.0,4.2923703
29.0,5.0,65.0,4.837083
5.0,29.0,65.0,4.837083
29.0,5.0,66.0,-0.61449957
5.0,29.0,66.0,-0.61449957
29.0,5.0,67.0,-31.804556
5.0,29.0,67.0,-31.804556
29.0,5.0,68.0,-1.72979
5.0,29.0,68.0,-1.72979
29.0,5.0,69.0,5.1408143
5.0,29.0,69.0,5.1408143
29.0,6.0,38.0,-18.827942
6.0,29.0,38.0,-18.827942
29.0,6.0,39.0,-4.100159
6.0,29.0,39.0,-4.100159
29.0,6.0,40.0,-1.7708372
6.0,29.0,40.0,-1.7708372
29.0,6.0,41.0,-6.8108454
6.0,29.0,41.0,-6.8108454
29.0,6.0,42.0,0.357451
6.0,29.0,42.0,0.357451
29.0,6.0,43.0,-27.893246
6.0,29.0,43.0,-27.893246
29.0,6.0,44.0,-19.210527
6.0,29.0,44.0,-19.210527
29.0,6.0,45.0,-4.746029
6.0,29.0,45.0,-4.746029
29.0,6.0,46.0,-21.427067
6.0,29.0,46.0,-21.427067
29.0,6.0,47.0,4.127037
6.0,29.0,47.0,4.127037
29.0,6.0,48.0,-21.661377
6.0,29.0,48.0,-21.661377
29.0,6.0,49.0,18.496378
6.0,29.0,49.0,18.496378
29.0,6.0,50.0,-7.7297845
6.0,29.0,50.0,-7.7297845
29.0,6.0,51.0,-61.224617
6.0,29.0,51.0,-61.224617
29.0,6.0,52.0,33.09442
6.0,29.0,52.0,33.09442
29.0,6.0,53.0,52.718296
6.0,29.0,53.0,52.718296
29.0,6.0,54.0,-1.8241671
6.0,29.0,54.0,-1.8241671
29.0,6.0,55.0,-0.16144276
6.0,29.0,55.0,-0.16144276
29.0,6.0,56.0,8.012516
6.0,29.0,56.0,8.012516
29.0,6.0,57.0,-14.436623
6.0,29.0,57.0,-14.436623
29.0,6.0,58.0,10.928548
6.0,29.0,58.0,10.928548
29.0,6.0,59.0,5.8589783
6.0,29.0,59.0,5.8589783
29.0,6.0,60.0,-12.1036625
6.0,29.0,60.0,-12.1036625
29.0,6.0,61.0,-32.282692
6.0,29.0,61.0,-32.282692
29.0,6.0,62.0,-2.8817673
6.0,29.0,62.0,-2.8817673
29.0,6.0,63.0,10.686099
6.0,29.0,63.0,10.686099
29.0,6.0,64.0,37.679024
6.0,29.0,64.0,37.679024
29.0,6.0,65.0,-7.473678
6.0,29.0,65.0,-7.473678
29.0,6.0,66.0,15.569313
6.0,29.0,66.0,15.569313
29.0,6.0,67.0,-22.502523
6.0,29.0,67.0,-22.502523
29.0,6.0,68.0,-6.9191866
6.0,29.0,68.0,-6.9191866
29.0,6.0,69.0,-14.649324
6.0,29.0,69.0,-14.649324
29.0,7.0,38.0,-0.40183032
7.0,29.0,38.0,-0.40183032
29.0,7.0,39.0,-5.672406
7.0,29.0,39.0,-5.672406
29.0,7.0,40.0,1.4380935
7.0,29.0,40.0,1.4380935
29.0,7.0,41.0,4.744101
7.0,29.0,41.0,4.744101
29.0,7.0,42.0,3.2502182
7.0,29.0,42.0,3.2502182
29.0,7.0,43.0,-10.474906
7.0,29.0,43.0,-10.474906
29.0,7.0,44.0,-10.66512
7.0,29.0,44.0,-10.66512
29.0,7.0,45.0,3.6858375
7.0,29.0,45.0,3.6858375
29.0,7.0,46.0,-8.684714
7.0,29.0,46.0,-8.684714
29.0,7.0,47.0,-6.7124987
7.0,29.0,47.0,-6.7124987
29.0,7.0,48.0,34.27258
7.0,29.0,48.0,34.27258
29.0,7.0,49.0,2.463237
7.0,29.0,49.0,2.463237
29.0,7.0,50.0,11.224228
7.0,29.0,50.0,11.224228
29.0,7.0,51.0,3.145146
7.0,29.0,51.0,3.145146
29.0,7.0,52.0,0.14151192
7.0,29.0,52.0,0.14151192
29.0,7.0,53.0,-6.274372
7.0,29.0,53.0,-6.274372
29.0,7.0,54.0,-9.378163
7.0,29.0,54.0,-9.378163
29.0,7.0,55.0,-6.5727434
7.0,29.0,55.0,-6.5727434
29.0,7.0,56.0,17.655079
7.0,29.0,56.0,17.655079
29.0,7.0,57.0,-22.237583
7.0,29.0,57.0,-22.237583
29.0,7.0,58.0,10.809634
7.0,29.0,58.0,10.809634
29.0,7.0,59.0,14.773197
7.0,29.0,59.0,14.773197
29.0,7.0,60.0,7.5826283
7.0,29.0,60.0,7.5826283
29.0,7.0,61.0,-18.16507
7.0,29.0,61.0,-18.16507
29.0,7.0,62.0,7.4962983
7.0,29.0,62.0,7.4962983
29.0,7.0,63.0,5.7457266
7.0,29.0,63.0,5.7457266
29.0,7.0,64.0,-8.34997
7.0,29.0,64.0,-8.34997
29.0,7.0,65.0,-8.092457
7.0,29.0,65.0,-8.092457
29.0,7.0,66.0,-8.372438
7.0,29.0,66.0,-8.372438
29.0,7.0,67.0,-30.079279
7.0,29.0,67.0,-30.079279
29.0,7.0,68.0,-1.4013823
7.0,29.0,68.0,-1.4013823
29.0,7.0,69.0,5.0496125
7.0,29.0,69.0,5.0496125
29.0,8.0,38.0,-5.018352
8.0,29.0,38.0,-5.018352
29.0,8.0,39.0,5.3456807
8.0,29.0,39.0,5.3456807
29.0,8.0,40.0,6.293948
8.0,29.0,40.0,6.293948
29.0,8.0,41.0,9.756512
8.0,29.0,41.0,9.756512
29.0,8.0,42.0,4.8967338
8.0,29.0,42.0,4.8967338
29.0,8.0,43.0,-15.008844
8.0,29.0,43.0,-15.008844
29.0,8.0,44.0,-10.775768
8.0,29.0,44.0,-10.775768
29.0,8.0,45.0,-2.1283202
8.0,29.0,45.0,-2.1283202
29.0,8.0,46.0,-3.950202
8.0,29.0,46.0,-3.950202
29.0,8.0,47.0,6.158704
8.0,29.0,47.0,6.158704
29.0,8.0,48.0,11.246356
8.0,29.0,48.0,11.246356
29.0,8.0,49.0,-1.5576493
8.0,29.0,49.0,-1.5576493
29.0,8.0,50.0,4.539431
8.0,29.0,50.0,4.539431
29.0,8.0,51.0,-0.23906909
8.0,29.0,51.0,-0.23906909
29.0,8.0,52.0,-3.2275193
8.0,29.0,52.0,-3.2275193
29.0,8.0,53.0,-1.3471403
8.0,29.0,53.0,-1.3471403
29.0,8.0,54.0,2.2271624
8.0,29.0,54.0,2.2271624
29.0,8.0,55.0,9.409365
8.0,29.0,55.0,9.409365
29.0,8.0,56.0,3.7801747
8.0,29.0,56.0,3.7801747
29.0,8.0,57.0,9.121913
8.0,29.0,57.0,9.121913
29.0,8.0,58.0,-6.1864514
8.0,29.0,58.0,-6.1864514
29.0,8.0,59.0,9.198516
8.0,29.0,59.0,9.198516
29.0,8.0,60.0,4.655484
8.0,29.0,60.0,4.655484
29.0,8.0,61.0,-13.377586
8.0,29.0,61.0,-13.377586
29.0,8.0,62.0,27.61992
8.0,29.0,62.0,27.61992
29.0,8.0,63.0,5.244078
8.0,29.0,63.0,5.244078
29.0,8.0,64.0,18.62525
8.0,29.0,64.0,18.62525
29.0,8.0,65.0,2.5843506
8.0,29.0,65.0,2.5843506
29.0,8.0,66.0,10.136071
8.0,29.0,66.0,10.136071
29.0,8.0,67.0,-42.160763
8.0,29.0,67.0,-42.160763
29.0,8.0,68.0,9.845662
8.0,29.0,68.0,9.845662
29.0,8.0,69.0,14.956161
8.0,29.0,69.0,14.956161
29.0,9.0,38.0,-16.237083
9.0,29.0,38.0,-16.237083
29.0,9.0,39.0,0.36752275
9.0,29.0,39.0,0.36752275
29.0,9.0,40.0,-5.1075788
9.0,29.0,40.0,-5.1075788
29.0,9.0,41.0,-10.154452
9.0,29.0,41.0,-10.154452
29.0,9.0,42.0,4.6843524
9.0,29.0,42.0,4.6843524
29.0,9.0,43.0,-43.358868
9.0,29.0,43.0,-43.358868
29.0,9.0,44.0,-22.313963
9.0,29.0,44.0,-22.313963
29.0,9.0,45.0,-1.5980418
9.0,29.0,45.0,-1.5980418
29.0,9.0,46.0,-18.76719
9.0,29.0,46.0,-18.76719
29.0,9.0,47.0,11.869553
9.0,29.0,47.0,11.869553
29.0,9.0,48.0,-15.414943
9.0,29.0,48.0,-15.414943
29.0,9.0,49.0,28.118551
9.0,29.0,49.0,28.118551
29.0,9.0,50.0,-9.543124
9.0,29.0,50.0,-9.543124
29.0,9.0,51.0,-17.548744
9.0,29.0,51.0,-17.548744
29.0,9.0,52.0,29.087988
9.0,29.0,52.0,29.087988
29.0,9.0,53.0,32.69392
9.0,29.0,53.0,32.69392
29.0,9.0,54.0,5.8710823
9.0,29.0,54.0,5.8710823
29.0,9.0,55.0,3.7794154
9.0,29.0,55.0,3.7794154
29.0,9.0,56.0,-6.986725
9.0,29.0,56.0,-6.986725
29.0,9.0,57.0,-17.454206
9.0,29.0,57.0,-17.454206
29.0,9.0,58.0,14.340663
9.0,29.0,58.0,14.340663
29.0,9.0,59.0,-0.379601
9.0,29.0,59.0,-0.379601
29.0,9.0,60.0,-10.018354
9.0,29.0,60.0,-10.018354
29.0,9.0,61.0,-42.24254
9.0,29.0,61.0,-42.24254
29.0,9.0,62.0,-4.610491
9.0,29.0,62.0,-4.610491
29.0,9.0,63.0,15.564252
9.0,29.0,63.0,15.564252
29.0,9.0,64.0,42.199245
9.0,29.0,64.0,42.199245
29.0,9.0,65.0,-4.6693406
9.0,29.0,65.0,-4.6693406
29.0,9.0,66.0,14.407383
9.0,29.0,66.0,14.407383
29.0,9.0,67.0,-44.219246
9.0,29.0,67.0,-44.219246
29.0,9.0,68.0,-6.612426
9.0,29.0,68.0,-6.612426
29.0,9.0,69.0,-29.522806
9.0,29.0,69.0,-29.522806
29.0,10.0,38.0,-0.5481215
10.0,29.0,38.0,-0.5481215
29.0,10.0,39.0,0.2785647
10.0,29.0,39.0,0.2785647
29.0,10.0,40.0,13.255601
10.0,29.0,40.0,13.255601
29.0,10.0,41.0,3.459133
10.0,29.0,41.0,3.459133
29.0,10.0,42.0,13.590327
10.0,29.0,42.0,13.590327
29.0,10.0,43.0,-54.792973
10.0,29.0,43.0,-54.792973
29.0,10.0,44.0,-18.472416
10.0,29.0,44.0,-18.472416
29.0,10.0,45.0,14.970868
10.0,29.0,45.0,14.970868
29.0,10.0,46.0,-2.4668672
10.0,29.0,46.0,-2.4668672
29.0,10.0,47.0,11.524752
10.0,29.0,47.0,11.524752
29.0,10.0,48.0,-4.104384
10.0,29.0,48.0,-4.104384
29.0,10.0,49.0,38.2096
10.0,29.0,49.0,38.2096
29.0,10.0,50.0,1.3662035
10.0,29.0,50.0,1.3662035
29.0,10.0,51.0,-15.128344
10.0,29.0,51.0,-15.128344
29.0,10.0,52.0,33.15241
10.0,29.0,52.0,33.15241
29.0,10.0,53.0,89.82334
10.0,29.0,53.0,89.82334
29.0,10.0,54.0,3.0703185
10.0,29.0,54.0,3.0703185
29.0,10.0,55.0,13.636143
10.0,29.0,55.0,13.636143
29.0,10.0,56.0,10.285515
10.0,29.0,56.0,10.285515
29.0,10.0,57.0,7.00307
10.0,29.0,57.0,7.00307
29.0,10.0,58.0,18.436865
10.0,29.0,58.0,18.436865
29.0,10.0,59.0,26.60016
10.0,29.0,59.0,26.60016
29.0,10.0,60.0,14.735547
10.0,29.0,60.0,14.735547
29.0,10.0,61.0,-7.0441194
10.0,29.0,61.0,-7.0441194
29.0,10.0,62.0,22.069172
10.0,29.0,62.0,22.069172
29.0,10.0,63.0,40.818066
10.0,29.0,63.0,40.818066
29.0,10.0,64.0,42.31805
10.0,29.0,64.0,42.31805
29.0,10.0,65.0,5.789776
10.0,29.0,65.0,5.789776
29.0,10.0,66.0,-2.9976583
10.0,29.0,66.0,-2.9976583
29.0,10.0,67.0,-10.054524
10.0,29.0,67.0,-10.054524
29.0,10.0,68.0,13.409685
10.0,29.0,68.0,13.409685
29.0,10.0,69.0,-4.7634974
10.0,29.0,69.0,-4.7634974
29.0,11.0,38.0,-17.630915
11.0,29.0,38.0,-17.630915
29.0,11.0,39.0,4.6541424
11.0,29.0,39.0,4.6541424
29.0,11.0,40.0,-2.1087747
11.0,29.0,40.0,-2.1087747
29.0,11.0,41.0,-4.9474297
11.0,29.0,41.0,-4.9474297
29.0,11.0,42.0,14.445702
11.0,29.0,42.0,14.445702
29.0,11.0,43.0,-15.862018
11.0,29.0,43.0,-15.862018
29.0,11.0,44.0,-21.323483
11.0,29.0,44.0,-21.323483
29.0,11.0,45.0,2.2645464
11.0,29.0,45.0,2.2645464
29.0,11.0,46.0,-9.904133
11.0,29.0,46.0,-9.904133
29.0,11.0,47.0,17.249731
11.0,29.0,47.0,17.249731
29.0,11.0,48.0,-24.702705
11.0,29.0,48.0,-24.702705
29.0,11.0,49.0,17.132256
11.0,29.0,49.0,17.132256
29.0,11.0,50.0,-0.67689365
11.0,29.0,50.0,-0.67689365
29.0,11.0,51.0,-14.313173
11.0,29.0,51.0,-14.313173
29.0,11.0,52.0,16.194818
11.0,29.0,52.0,16.194818
29.0,11.0,53.0,13.962154
11.0,29.0,53.0,13.962154
29.0,11.0,54.0,2.2347348
11.0,29.0,54.0,2.2347348
29.0,11.0,55.0,5.930966
11.0,29.0,55.0,5.930966
29.0,11.0,56.0,33.019012
11.0,29.0,56.0,33.019012
29.0,11.0,57.0,-9.39859
11.0,29.0,57.0,-9.39859
29.0,11.0,58.0,34.69194
11.0,29.0,58.0,34.69194
29.0,11.0,59.0,16.928207
11.0,29.0,59.0,16.928207
29.0,11.0,60.0,8.619722
11.0,29.0,60.0,8.619722
29.0,11.0,61.0,-22.812876
11.0,29.0,61.0,-22.812876
29.0,11.0,62.0,4.9218907
11.0,29.0,62.0,4.9218907
29.0,11.0,63.0,4.279889
11.0,29.0,63.0,4.279889
29.0,11.0,64.0,15.448239
11.0,29.0,64.0,15.448239
29.0,11.0,65.0,8.782484
11.0,29.0,65.0,8.782484
29.0,11.0,66.0,-7.8922386
11.0,29.0,66.0,-7.8922386
29.0,11.0,67.0,-42.433678
11.0,29.0,67.0,-42.433678
29.0,11.0,68.0,-7.93326
11.0,29.0,68.0,-7.93326
29.0,11.0,69.0,-4.4671407
11.0,29.0,69.0,-4.4671407
29.0,12.0,38.0,-9.833466
12.0,29.0,38.0,-9.833466
29.0,12.0,39.0,-4.873652
12.0,29.0,39.0,-4.873652
29.0,12.0,40.0,12.379483
12.0,29.0,40.0,12.379483
29.0,12.0,41.0,-2.8702335
12.0,29.0,41.0,-2.8702335
29.0,12.0,42.0,7.446744
12.0,29.0,42.0,7.446744
29.0,12.0,43.0,-11.382279
12.0,29.0,43.0,-11.382279
29.0,12.0,44.0,-8.35608
12.0,29.0,44.0,-8.35608
29.0,12.0,45.0,-0.255641
12.0,29.0,45.0,-0.255641
29.0,12.0,46.0,-1.8832912
12.0,29.0,46.0,-1.8832912
29.0,12.0,47.0,11.977736
12.0,29.0,47.0,11.977736
29.0,12.0,48.0,-35.6723
12.0,29.0,48.0,-35.6723
29.0,12.0,49.0,8.084234
12.0,29.0,49.0,8.084234
29.0,12.0,50.0,1.0741948
12.0,29.0,50.0,1.0741948
29.0,12.0,51.0,-4.8326545
12.0,29.0,51.0,-4.8326545
29.0,12.0,52.0,11.509591
12.0,29.0,52.0,11.509591
29.0,12.0,53.0,-8.444863
12.0,29.0,53.0,-8.444863
29.0,12.0,54.0,4.881868
12.0,29.0,54.0,4.881868
29.0,12.0,55.0,-0.7614908
12.0,29.0,55.0,-0.7614908
29.0,12.0,56.0,17.876667
12.0,29.0,56.0,17.876667
29.0,12.0,57.0,1.3742707
12.0,29.0,57.0,1.3742707
29.0,12.0,58.0,14.787445
12.0,29.0,58.0,14.787445
29.0,12.0,59.0,9.299267
12.0,29.0,59.0,9.299267
29.0,12.0,60.0,12.59833
12.0,29.0,60.0,12.59833
29.0,12.0,61.0,-27.216629
12.0,29.0,61.0,-27.216629
29.0,12.0,62.0,11.008233
12.0,29.0,62.0,11.008233
29.0,12.0,63.0,-11.576887
12.0,29.0,63.0,-11.576887
29.0,12.0,64.0,15.609429
12.0,29.0,64.0,15.609429
29.0,12.0,65.0,3.9605844
12.0,29.0,65.0,3.9605844
29.0,12.0,66.0,15.19632
12.0,29.0,66.0,15.19632
29.0,12.0,67.0,14.3216
12.0,29.0,67.0,14.3216
29.0,12.0,68.0,12.883613
12.0,29.0,68.0,12.883613
29.0,12.0,69.0,-7.812754
12.0,29.0,69.0,-7.812754
29.0,13.0,38.0,10.701312
13.0,29.0,38.0,10.701312
29.0,13.0,39.0,1.4347937
13.0,29.0,39.0,1.4347937
29.0,13.0,40.0,12.392001
13.0,29.0,40.0,12.392001
29.0,13.0,41.0,17.771805
13.0,29.0,41.0,17.771805
29.0,13.0,42.0,7.828175
13.0,29.0,42.0,7.828175
29.0,13.0,43.0,24.950966
13.0,29.0,43.0,24.950966
29.0,13.0,44.0,-18.12399
13.0,29.0,44.0,-18.12399
29.0,13.0,45.0,5.8596272
13.0,29.0,45.0,5.8596272
29.0,13.0,46.0,7.9753294
13.0,29.0,46.0,7.9753294
29.0,13.0,47.0,15.829828
13.0,29.0,47.0,15.829828
29.0,13.0,48.0,-31.745502
13.0,29.0,48.0,-31.745502
29.0,13.0,49.0,49.614098
13.0,29.0,49.0,49.614098
29.0,13.0,50.0,0.94641256
13.0,29.0,50.0,0.94641256
29.0,13.0,51.0,-2.8122585
13.0,29.0,51.0,-2.8122585
29.0,13.0,52.0,36.764404
13.0,29.0,52.0,36.764404
29.0,13.0,53.0,59.369617
13.0,29.0,53.0,59.369617
29.0,13.0,54.0,19.767754
13.0,29.0,54.0,19.767754
29.0,13.0,55.0,15.200457
13.0,29.0,55.0,15.200457
29.0,13.0,56.0,40.281734
13.0,29.0,56.0,40.281734
29.0,13.0,57.0,9.301202
13.0,29.0,57.0,9.301202
29.0,13.0,58.0,25.310863
13.0,29.0,58.0,25.310863
29.0,13.0,59.0,19.438614
13.0,29.0,59.0,19.438614
29.0,13.0,60.0,18.879742
13.0,29.0,60.0,18.879742
29.0,13.0,61.0,11.155331
13.0,29.0,61.0,11.155331
29.0,13.0,62.0,42.825806
13.0,29.0,62.0,42.825806
29.0,13.0,63.0,37.095123
13.0,29.0,63.0,37.095123
29.0,13.0,64.0,40.815617
13.0,29.0,64.0,40.815617
29.0,13.0,65.0,10.030398
13.0,29.0,65.0,10.030398
29.0,13.0,66.0,14.849039
13.0,29.0,66.0,14.849039
29.0,13.0,67.0,-0.6100117
13.0,29.0,67.0,-0.6100117
29.0,13.0,68.0,14.8554735
13.0,29.0,68.0,14.8554735
29.0,13.0,69.0,-0.351497
13.0,29.0,69.0,-0.351497
29.0,14.0,38.0,-6.3655863
14.0,29.0,38.0,-6.3655863
29.0,14.0,39.0,-2.8689933
14.0,29.0,39.0,-2.8689933
29.0,14.0,40.0,16.551918
14.0,29.0,40.0,16.551918
29.0,14.0,41.0,-4.4178796
14.0,29.0,41.0,-4.4178796
29.0,14.0,42.0,6.8725567
14.0,29.0,42.0,6.8725567
29.0,14.0,43.0,-5.789984
14.0,29.0,43.0,-5.789984
29.0,14.0,44.0,-4.5545025
14.0,29.0,44.0,-4.5545025
29.0,14.0,45.0,-0.22910184
14.0,29.0,45.0,-0.22910184
29.0,14.0,46.0,5.7934704
14.0,29.0,46.0,5.7934704
29.0,14.0,47.0,4.601272
14.0,29.0,47.0,4.601272
29.0,14.0,48.0,1.1208627
14.0,29.0,48.0,1.1208627
29.0,14.0,49.0,5.4182115
14.0,29.0,49.0,5.4182115
29.0,14.0,50.0,2.7789717
14.0,29.0,50.0,2.7789717
29.0,14.0,51.0,-7.4354763
14.0,29.0,51.0,-7.4354763
29.0,14.0,52.0,6.202192
14.0,29.0,52.0,6.202192
29.0,14.0,53.0,-3.4062576
14.0,29.0,53.0,-3.4062576
29.0,14.0,54.0,-1.7931038
14.0,29.0,54.0,-1.7931038
29.0,14.0,55.0,-0.9769752
14.0,29.0,55.0,-0.9769752
29.0,14.0,56.0,16.203106
14.0,29.0,56.0,16.203106
29.0,14.0,57.0,-6.132511
14.0,29.0,57.0,-6.132511
29.0,14.0,58.0,9.729763
14.0,29.0,58.0,9.729763
29.0,14.0,59.0,14.683502
14.0,29.0,59.0,14.683502
29.0,14.0,60.0,5.195021
14.0,29.0,60.0,5.195021
29.0,14.0,61.0,-41.996746
14.0,29.0,61.0,-41.996746
29.0,14.0,62.0,-1.0397618
14.0,29.0,62.0,-1.0397618
29.0,14.0,63.0,-13.1636505
14.0,29.0,63.0,-13.1636505
29.0,14.0,64.0,12.081948
14.0,29.0,64.0,12.081948
29.0,14.0,65.0,2.2104123
14.0,29.0,65.0,2.2104123
29.0,14.0,66.0,-11.580838
14.0,29.0,66.0,-11.580838
29.0,14.0,67.0,-42.426495
14.0,29.0,67.0,-42.426495
29.0,14.0,68.0,14.830307
14.0,29.0,68.0,14.830307
29.0,14.0,69.0,-13.402719
14.0,29.0,69.0,-13.402719
29.0,15.0,38.0,3.5088317
15.0,29.0,38.0,3.5088317
29.0,15.0,39.0,0.65605694
15.0,29.0,39.0,0.65605694
29.0,15.0,40.0,13.38795
15.0,29.0,40.0,13.38795
29.0,15.0,41.0,-23.395607
15.0,29.0,41.0,-23.395607
29.0,15.0,42.0,5.1314087
15.0,29.0,42.0,5.1314087
29.0,15.0,43.0,-19.04993
15.0,29.0,43.0,-19.04993
29.0,15.0,44.0,-8.663284
15.0,29.0,44.0,-8.663284
29.0,15.0,45.0,-1.3259765
15.0,29.0,45.0,-1.3259765
29.0,15.0,46.0,2.3606339
15.0,29.0,46.0,2.3606339
29.0,15.0,47.0,-2.0365236
15.0,29.0,47.0,-2.0365236
29.0,15.0,48.0,7.038214
15.0,29.0,48.0,7.038214
29.0,15.0,49.0,6.1982636
15.0,29.0,49.0,6.1982636
29.0,15.0,50.0,-2.2913516
15.0,29.0,50.0,-2.2913516
29.0,15.0,51.0,19.854656
15.0,29.0,51.0,19.854656
29.0,15.0,52.0,9.110372
15.0,29.0,52.0,9.110372
29.0,15.0,53.0,82.25437
15.0,29.0,53.0,82.25437
29.0,15.0,54.0,-8.836728
15.0,29.0,54.0,-8.836728
29.0,15.0,55.0,-0.87479717
15.0,29.0,55.0,-0.87479717
29.0,15.0,56.0,2.5277584
15.0,29.0,56.0,2.5277584
29.0,15.0,57.0,-52.64045
15.0,29.0,57.0,-52.64045
29.0,15.0,58.0,13.748513
15.0,29.0,58.0,13.748513
29.0,15.0,59.0,11.431701
15.0,29.0,59.0,11.431701
29.0,15.0,60.0,1.2843398
15.0,29.0,60.0,1.2843398
29.0,15.0,61.0,-10.414911
15.0,29.0,61.0,-10.414911
29.0,15.0,62.0,25.239664
15.0,29.0,62.0,25.239664
29.0,15.0,63.0,37.97967
15.0,29.0,63.0,37.97967
29.0,15.0,64.0,31.564621
15.0,29.0,64.0,31.564621
29.0,15.0,65.0,-4.7150326
15.0,29.0,65.0,-4.7150326
29.0,15.0,66.0,-10.198034
15.0,29.0,66.0,-10.198034
29.0,15.0,67.0,-42.08692
15.0,29.0,67.0,-42.08692
29.0,15.0,68.0,4.3339667
15.0,29.0,68.0,4.3339667
29.0,15.0,69.0,-2.0773017
15.0,29.0,69.0,-2.0773017
29.0,16.0,38.0,11.619016
16.0,29.0,38.0,11.619016
29.0,16.0,39.0,-0.5703148
16.0,29.0,39.0,-0.5703148
29.0,16.0,40.0,15.866552
16.0,29.0,40.0,15.866552
29.0,16.0,41.0,5.5084524
16.0,29.0,41.0,5.5084524
29.0,16.0,42.0,2.6458197
16.0,29.0,42.0,2.6458197
29.0,16.0,43.0,0.37801087
16.0,29.0,43.0,0.37801087
29.0,16.0,44.0,5.9513907
16.0,29.0,44.0,5.9513907
29.0,16.0,45.0,6.525993
16.0,29.0,45.0,6.525993
29.0,16.0,46.0,-0.35475686
16.0,29.0,46.0,-0.35475686
29.0,16.0,47.0,4.298112
16.0,29.0,47.0,4.298112
29.0,16.0,48.0,-3.477501
16.0,29.0,48.0,-3.477501
29.0,16.0,49.0,5.380538
16.0,29.0,49.0,5.380538
29.0,16.0,50.0,1.852874
16.0,29.0,50.0,1.852874
29.0,16.0,51.0,-13.255163
16.0,29.0,51.0,-13.255163
29.0,16.0,52.0,4.1035914
16.0,29.0,52.0,4.1035914
29.0,16.0,53.0,3.4442701
16.0,29.0,53.0,3.4442701
29.0,16.0,54.0,7.666184
16.0,29.0,54.0,7.666184
29.0,16.0,55.0,10.801755
16.0,29.0,55.0,10.801755
29.0,16.0,56.0,5.8699265
16.0,29.0,56.0,5.8699265
29.0,16.0,57.0,2.4475157
16.0,29.0,57.0,2.4475157
29.0,16.0,58.0,1.8724706
16.0,29.0,58.0,1.8724706
29.0,16.0,59.0,6.973803
16.0,29.0,59.0,6.973803
29.0,16.0,60.0,4.9565783
16.0,29.0,60.0,4.9565783
29.0,16.0,61.0,-0.69600666
16.0,29.0,61.0,-0.69600666
29.0,16.0,62.0,8.158213
16.0,29.0,62.0,8.158213
29.0,16.0,63.0,11.1022415
16.0,29.0,63.0,11.1022415
29.0,16.0,64.0,10.194836
16.0,29.0,64.0,10.194836
29.0,16.0,65.0,4.937039
16.0,29.0,65.0,4.937039
29.0,16.0,66.0,0.3770266
16.0,29.0,66.0,0.3770266
29.0,16.0,67.0,9.223386
16.0,29.0,67.0,9.223386
29.0,16.0,68.0,9.746838
16.0,29.0,68.0,9.746838
29.0,16.0,69.0,-10.3901615
16.0,29.0,69.0,-10.3901615
29.0,17.0,38.0,9.026502
17.0,29.0,38.0,9.026502
29.0,17.0,39.0,0.65409166
17.0,29.0,39.0,0.65409166
29.0,17.0,40.0,20.16357
17.0,29.0,40.0,20.16357
29.0,17.0,41.0,1.4619406
17.0,29.0,41.0,1.4619406
29.0,17.0,42.0,9.73771
17.0,29.0,42.0,9.73771
29.0,17.0,43.0,1.0488895
17.0,29.0,43.0,1.0488895
29.0,17.0,44.0,4.2004232
17.0,29.0,44.0,4.2004232
29.0,17.0,45.0,7.7228117
17.0,29.0,45.0,7.7228117
29.0,17.0,46.0,0.8815839
17.0,29.0,46.0,0.8815839
29.0,17.0,47.0,9.398603
17.0,29.0,47.0,9.398603
29.0,17.0,48.0,-8.064557
17.0,29.0,48.0,-8.064557
29.0,17.0,49.0,10.874181
17.0,29.0,49.0,10.874181
29.0,17.0,50.0,3.613653
17.0,29.0,50.0,3.613653
29.0,17.0,51.0,15.763345
17.0,29.0,51.0,15.763345
29.0,17.0,52.0,16.642632
17.0,29.0,52.0,16.642632
29.0,17.0,53.0,14.803962
17.0,29.0,53.0,14.803962
29.0,17.0,54.0,7.6428347
17.0,29.0,54.0,7.6428347
29.0,17.0,55.0,13.939573
17.0,29.0,55.0,13.939573
29.0,17.0,56.0,3.9871876
17.0,29.0,56.0,3.9871876
29.0,17.0,57.0,5.9956436
17.0,29.0,57.0,5.9956436
29.0,17.0,58.0,22.066391
17.0,29.0,58.0,22.066391
29.0,17.0,59.0,9.151004
17.0,29.0,59.0,9.151004
29.0,17.0,60.0,5.3477464
17.0,29.0,60.0,5.3477464
29.0,17.0,61.0,-6.8383117
17.0,29.0,61.0,-6.8383117
29.0,17.0,62.0,8.352168
17.0,29.0,62.0,8.352168
29.0,17.0,63.0,33.921978
17.0,29.0,63.0,33.921978
29.0,17.0,64.0,27.842339
17.0,29.0,64.0,27.842339
29.0,17.0,65.0,3.7731144
17.0,29.0,65.0,3.7731144
29.0,17.0,66.0,-1.8579588
17.0,29.0,66.0,-1.8579588
29.0,17.0,67.0,0.6429714
17.0,29.0,67.0,0.6429714
29.0,17.0,68.0,17.222757
17.0,29.0,68.0,17.222757
29.0,17.0,69.0,3.4046178
17.0,29.0,69.0,3.4046178
29.0,18.0,38.0,-31.455112
18.0,29.0,38.0,-31.455112
29.0,18.0,39.0,-3.0396268
18.0,29.0,39.0,-3.0396268
29.0,18.0,40.0,-1.5948956
18.0,29.0,40.0,-1.5948956
29.0,18.0,41.0,-7.172314
18.0,29.0,41.0,-7.172314
29.0,18.0,42.0,2.2469547
18.0,29.0,42.0,2.2469547
29.0,18.0,43.0,-27.179882
18.0,29.0,43.0,-27.179882
29.0,18.0,44.0,-19.423134
18.0,29.0,44.0,-19.423134
29.0,18.0,45.0,1.332824
18.0,29.0,45.0,1.332824
29.0,18.0,46.0,-32.55071
18.0,29.0,46.0,-32.55071
29.0,18.0,47.0,-9.8846855
18.0,29.0,47.0,-9.8846855
29.0,18.0,48.0,5.4807096
18.0,29.0,48.0,5.4807096
29.0,18.0,49.0,-11.965953
18.0,29.0,49.0,-11.965953
29.0,18.0,50.0,-2.337208
18.0,29.0,50.0,-2.337208
29.0,18.0,51.0,-19.78373
18.0,29.0,51.0,-19.78373
29.0,18.0,52.0,-24.825788
18.0,29.0,52.0,-24.825788
29.0,18.0,53.0,-4.2979617
18.0,29.0,53.0,-4.2979617
29.0,18.0,54.0,-0.8105532
18.0,29.0,54.0,-0.8105532
29.0,18.0,55.0,-7.709812
18.0,29.0,55.0,-7.709812
29.0,18.0,56.0,9.002006
18.0,29.0,56.0,9.002006
29.0,18.0,57.0,-9.6031885
18.0,29.0,57.0,-9.6031885
29.0,18.0,58.0,-30.086443
18.0,29.0,58.0,-30.086443
29.0,18.0,59.0,4.7810984
18.0,29.0,59.0,4.7810984
29.0,18.0,60.0,7.36543
18.0,29.0,60.0,7.36543
29.0,18.0,61.0,-33.555687
18.0,29.0,61.0,-33.555687
29.0,18.0,62.0,18.98881
18.0,29.0,62.0,18.98881
29.0,18.0,63.0,-3.53363
18.0,29.0,63.0,-3.53363
29.0,18.0,64.0,-6.291192
18.0,29.0,64.0,-6.291192
29.0,18.0,65.0,-1.4717388
18.0,29.0,65.0,-1.4717388
29.0,18.0,66.0,-23.685007
18.0,29.0,66.0,-23.685007
29.0,18.0,67.0,-66.16677
18.0,29.0,67.0,-66.16677
29.0,18.0,68.0,11.394873
18.0,29.0,68.0,11.394873
29.0,18.0,69.0,-21.698868
18.0,29.0,69.0,-21.698868
29.0,19.0,38.0,-12.440714
19.0,29.0,38.0,-12.440714
29.0,19.0,39.0,5.659935
19.0,29.0,39.0,5.659935
29.0,19.0,40.0,10.964686
19.0,29.0,40.0,10.964686
29.0,19.0,41.0,-30.794098
19.0,29.0,41.0,-30.794098
29.0,19.0,42.0,18.807516
19.0,29.0,42.0,18.807516
29.0,19.0,43.0,-7.058422
19.0,29.0,43.0,-7.058422
29.0,19.0,44.0,-3.7401073
19.0,29.0,44.0,-3.7401073
29.0,19.0,45.0,3.345528
19.0,29.0,45.0,3.345528
29.0,19.0,46.0,-7.2297926
19.0,29.0,46.0,-7.2297926
29.0,19.0,47.0,14.436583
19.0,29.0,47.0,14.436583
29.0,19.0,48.0,25.30086
19.0,29.0,48.0,25.30086
29.0,19.0,49.0,15.147822
19.0,29.0,49.0,15.147822
29.0,19.0,50.0,1.5869796
19.0,29.0,50.0,1.5869796
29.0,19.0,51.0,-22.607561
19.0,29.0,51.0,-22.607561
29.0,19.0,52.0,14.952312
19.0,29.0,52.0,14.952312
29.0,19.0,53.0,4.983587
19.0,29.0,53.0,4.983587
29.0,19.0,54.0,3.3725893
19.0,29.0,54.0,3.3725893
29.0,19.0,55.0,2.1084578
19.0,29.0,55.0,2.1084578
29.0,19.0,56.0,0.7483579
19.0,29.0,56.0,0.7483579
29.0,19.0,57.0,3.6288388
19.0,29.0,57.0,3.6288388
29.0,19.0,58.0,41.20403
19.0,29.0,58.0,41.20403
29.0,19.0,59.0,11.408199
19.0,29.0,59.0,11.408199
29.0,19.0,60.0,10.746081
19.0,29.0,60.0,10.746081
29.0,19.0,61.0,-11.631194
19.0,29.0,61.0,-11.631194
29.0,19.0,62.0,14.532812
19.0,29.0,62.0,14.532812
29.0,19.0,63.0,9.333971
19.0,29.0,63.0,9.333971
29.0,19.0,64.0,9.380736
19.0,29.0,64.0,9.380736
29.0,19.0,65.0,8.657861
19.0,29.0,65.0,8.657861
29.0,19.0,66.0,2.5465486
19.0,29.0,66.0,2.5465486
29.0,19.0,67.0,-2.0572464
19.0,29.0,67.0,-2.0572464
29.0,19.0,68.0,12.227208
19.0,29.0,68.0,12.227208
29.0,19.0,69.0,6.495242
19.0,29.0,69.0,6.495242
5.0,14.0,38.0,6.375226
14.0,5.0,38.0,6.375226
5.0,14.0,39.0,4.081953
14.0,5.0,39.0,4.081953
5.0,14.0,40.0,30.12894
14.0,5.0,40.0,30.12894
5.0,14.0,41.0,3.319616
14.0,5.0,41.0,3.319616
5.0,14.0,42.0,7.5495276
14.0,5.0,42.0,7.5495276
5.0,14.0,43.0,-0.9599763
14.0,5.0,43.0,-0.9599763
5.0,14.0,44.0,-10.963021
14.0,5.0,44.0,-10.963021
5.0,14.0,45.0,6.8928933
14.0,5.0,45.0,6.8928933
5.0,14.0,46.0,5.050233
14.0,5.0,46.0,5.050233
5.0,14.0,47.0,-1.7889488
14.0,5.0,47.0,-1.7889488
5.0,14.0,48.0,45.432983
14.0,5.0,48.0,45.432983
5.0,14.0,49.0,-7.5087867
14.0,5.0,49.0,-7.5087867
5.0,14.0,50.0,0.037121806
14.0,5.0,50.0,0.037121806
5.0,14.0,51.0,-23.727196
14.0,5.0,51.0,-23.727196
5.0,14.0,52.0,-14.644253
14.0,5.0,52.0,-14.644253
5.0,14.0,53.0,-22.234037
14.0,5.0,53.0,-22.234037
5.0,14.0,54.0,-160.14758
14.0,5.0,54.0,-160.14758
5.0,14.0,55.0,0.19446339
14.0,5.0,55.0,0.19446339
5.0,14.0,56.0,16.822857
14.0,5.0,56.0,16.822857
5.0,14.0,57.0,-14.141473
14.0,5.0,57.0,-14.141473
5.0,14.0,58.0,-2.8979287
14.0,5.0,58.0,-2.8979287
5.0,14.0,59.0,4.0009294
14.0,5.0,59.0,4.0009294
5.0,14.0,60.0,20.406275
14.0,5.0,60.0,20.406275
5.0,14.0,61.0,-14.747843
14.0,5.0,61.0,-14.747843
5.0,14.0,62.0,9.952804
14.0,5.0,62.0,9.952804
5.0,14.0,63.0,-28.10018
14.0,5.0,63.0,-28.10018
5.0,14.0,64.0,-7.571239
14.0,5.0,64.0,-7.571239
5.0,14.0,65.0,4.0758576
14.0,5.0,65.0,4.0758576
5.0,14.0,66.0,-19.115578
14.0,5.0,66.0,-19.115578
5.0,14.0,67.0,-4.2080574
14.0,5.0,67.0,-4.2080574
5.0,14.0,68.0,7.302553
14.0,5.0,68.0,7.302553
5.0,14.0,69.0,15.658898
14.0,5.0,69.0,15.658898
30.0,0.0,38.0,-7.850259
0.0,30.0,38.0,-7.850259
30.0,0.0,39.0,10.105854
0.0,30.0,39.0,10.105854
30.0,0.0,40.0,8.46982
0.0,30.0,40.0,8.46982
30.0,0.0,41.0,1.9172708
0.0,30.0,41.0,1.9172708
30.0,0.0,42.0,4.5924473
0.0,30.0,42.0,4.5924473
30.0,0.0,43.0,14.442425
0.0,30.0,43.0,14.442425
30.0,0.0,44.0,12.825475
0.0,30.0,44.0,12.825475
30.0,0.0,45.0,5.968014
0.0,30.0,45.0,5.968014
30.0,0.0,46.0,6.4323516
0.0,30.0,46.0,6.4323516
30.0,0.0,47.0,9.97097
0.0,30.0,47.0,9.97097
30.0,0.0,48.0,9.996453
0.0,30.0,48.0,9.996453
30.0,0.0,49.0,4.9409285
0.0,30.0,49.0,4.9409285
30.0,0.0,50.0,0.36798677
0.0,30.0,50.0,0.36798677
30.0,0.0,51.0,-23.211157
0.0,30.0,51.0,-23.211157
30.0,0.0,52.0,0.08906753
0.0,30.0,52.0,0.08906753
30.0,0.0,53.0,-6.2088995
0.0,30.0,53.0,-6.2088995
30.0,0.0,54.0,-1.0660143
0.0,30.0,54.0,-1.0660143
30.0,0.0,55.0,-3.710739
0.0,30.0,55.0,-3.710739
30.0,0.0,56.0,0.27943605
0.0,30.0,56.0,0.27943605
30.0,0.0,57.0,-6.707802
0.0,30.0,57.0,-6.707802
30.0,0.0,58.0,-2.334874
0.0,30.0,58.0,-2.334874
30.0,0.0,59.0,-6.101227
0.0,30.0,59.0,-6.101227
30.0,0.0,60.0,1.8890297
0.0,30.0,60.0,1.8890297
30.0,0.0,61.0,0.6489991
0.0,30.0,61.0,0.6489991
30.0,0.0,62.0,-16.764893
0.0,30.0,62.0,-16.764893
30.0,0.0,63.0,7.4068246
0.0,30.0,63.0,7.4068246
30.0,0.0,64.0,6.5505953
0.0,30.0,64.0,6.5505953
30.0,0.0,65.0,6.146686
0.0,30.0,65.0,6.146686
30.0,0.0,66.0,-5.4789686
0.0,30.0,66.0,-5.4789686
30.0,0.0,67.0,18.456888
0.0,30.0,67.0,18.456888
30.0,0.0,68.0,9.302015
0.0,30.0,68.0,9.302015
30.0,0.0,69.0,6.4658628
0.0,30.0,69.0,6.4658628
30.0,1.0,38.0,9.266289
1.0,30.0,38.0,9.266289
30.0,1.0,39.0,6.1788263
1.0,30.0,39.0,6.1788263
30.0,1.0,40.0,9.373881
1.0,30.0,40.0,9.373881
30.0,1.0,41.0,-1.011516
1.0,30.0,41.0,-1.011516
30.0,1.0,42.0,6.649281
1.0,30.0,42.0,6.649281
30.0,1.0,43.0,7.643342
1.0,30.0,43.0,7.643342
30.0,1.0,44.0,1.450485
1.0,30.0,44.0,1.450485
30.0,1.0,45.0,3.4333997
1.0,30.0,45.0,3.4333997
30.0,1.0,46.0,15.489732
1.0,30.0,46.0,15.489732
30.0,1.0,47.0,12.031389
1.0,30.0,47.0,12.031389
30.0,1.0,48.0,16.865833
1.0,30.0,48.0,16.865833
30.0,1.0,49.0,8.227605
1.0,30.0,49.0,8.227605
30.0,1.0,50.0,2.1830058
1.0,30.0,50.0,2.1830058
30.0,1.0,51.0,7.91119
1.0,30.0,51.0,7.91119
30.0,1.0,52.0,20.848341
1.0,30.0,52.0,20.848341
30.0,1.0,53.0,-5.32803
1.0,30.0,53.0,-5.32803
30.0,1.0,54.0,-4.4136133
1.0,30.0,54.0,-4.4136133
30.0,1.0,55.0,3.832553
1.0,30.0,55.0,3.832553
30.0,1.0,56.0,7.991014
1.0,30.0,56.0,7.991014
30.0,1.0,57.0,-13.922836
1.0,30.0,57.0,-13.922836
30.0,1.0,58.0,33.924458
1.0,30.0,58.0,33.924458
30.0,1.0,59.0,0.24494919
1.0,30.0,59.0,0.24494919
30.0,1.0,60.0,2.9906034
1.0,30.0,60.0,2.9906034
30.0,1.0,61.0,-3.7130349
1.0,30.0,61.0,-3.7130349
30.0,1.0,62.0,10.531219
1.0,30.0,62.0,10.531219
30.0,1.0,63.0,1.8474993
1.0,30.0,63.0,1.8474993
30.0,1.0,64.0,14.352933
1.0,30.0,64.0,14.352933
30.0,1.0,65.0,3.2224064
1.0,30.0,65.0,3.2224064
30.0,1.0,66.0,10.890698
1.0,30.0,66.0,10.890698
30.0,1.0,67.0,19.385406
1.0,30.0,67.0,19.385406
30.0,1.0,68.0,13.517793
1.0,30.0,68.0,13.517793
30.0,1.0,69.0,3.7820356
1.0,30.0,69.0,3.7820356
30.0,2.0,38.0,2.5594018
2.0,30.0,38.0,2.5594018
30.0,2.0,39.0,7.7409835
2.0,30.0,39.0,7.7409835
30.0,2.0,40.0,32.272785
2.0,30.0,40.0,32.272785
30.0,2.0,41.0,9.842974
2.0,30.0,41.0,9.842974
30.0,2.0,42.0,18.452782
2.0,30.0,42.0,18.452782
30.0,2.0,43.0,6.2843547
2.0,30.0,43.0,6.2843547
30.0,2.0,44.0,7.394351
2.0,30.0,44.0,7.394351
30.0,2.0,45.0,8.409071
2.0,30.0,45.0,8.409071
30.0,2.0,46.0,30.631779
2.0,30.0,46.0,30.631779
30.0,2.0,47.0,13.2995405
2.0,30.0,47.0,13.2995405
30.0,2.0,48.0,58.91385
2.0,30.0,48.0,58.91385
30.0,2.0,49.0,10.418771
2.0,30.0,49.0,10.418771
30.0,2.0,50.0,13.969294
2.0,30.0,50.0,13.969294
30.0,2.0,51.0,-15.973045
2.0,30.0,51.0,-15.973045
30.0,2.0,52.0,16.560575
2.0,30.0,52.0,16.560575
30.0,2.0,53.0,3.3687396
2.0,30.0,53.0,3.3687396
30.0,2.0,54.0,-12.163924
2.0,30.0,54.0,-12.163924
30.0,2.0,55.0,0.53553015
2.0,30.0,55.0,0.53553015
30.0,2.0,56.0,1.8945328
2.0,30.0,56.0,1.8945328
30.0,2.0,57.0,-4.531476
2.0,30.0,57.0,-4.531476
30.0,2.0,58.0,7.1050143
2.0,30.0,58.0,7.1050143
30.0,2.0,59.0,-6.201509
2.0,30.0,59.0,-6.201509
30.0,2.0,60.0,5.8872867
2.0,30.0,60.0,5.8872867
30.0,2.0,61.0,-8.57653
2.0,30.0,61.0,-8.57653
30.0,2.0,62.0,-4.4675035
2.0,30.0,62.0,-4.4675035
30.0,2.0,63.0,15.459224
2.0,30.0,63.0,15.459224
30.0,2.0,64.0,2.361255
2.0,30.0,64.0,2.361255
30.0,2.0,65.0,6.7119727
2.0,30.0,65.0,6.7119727
30.0,2.0,66.0,21.576721
2.0,30.0,66.0,21.576721
30.0,2.0,67.0,77.42155
2.0,30.0,67.0,77.42155
30.0,2.0,68.0,20.25885
2.0,30.0,68.0,20.25885
30.0,2.0,69.0,25.214794
2.0,30.0,69.0,25.214794
30.0,3.0,38.0,-6.710786
3.0,30.0,38.0,-6.710786
30.0,3.0,39.0,-2.7261553
3.0,30.0,39.0,-2.7261553
30.0,3.0,40.0,-12.524967
3.0,30.0,40.0,-12.524967
30.0,3.0,41.0,-10.028281
3.0,30.0,41.0,-10.028281
30.0,3.0,42.0,-25.160805
3.0,30.0,42.0,-25.160805
30.0,3.0,43.0,-20.728804
3.0,30.0,43.0,-20.728804
30.0,3.0,44.0,-29.20216
3.0,30.0,44.0,-29.20216
30.0,3.0,45.0,-5.662637
3.0,30.0,45.0,-5.662637
30.0,3.0,46.0,-11.243105
3.0,30.0,46.0,-11.243105
30.0,3.0,47.0,-15.48976
3.0,30.0,47.0,-15.48976
30.0,3.0,48.0,5.766255
3.0,30.0,48.0,5.766255
30.0,3.0,49.0,3.7834141
3.0,30.0,49.0,3.7834141
30.0,3.0,50.0,-5.178434
3.0,30.0,50.0,-5.178434
30.0,3.0,51.0,-36.632973
3.0,30.0,51.0,-36.632973
30.0,3.0,52.0,-23.046175
3.0,30.0,52.0,-23.046175
30.0,3.0,53.0,-24.855991
3.0,30.0,53.0,-24.855991
30.0,3.0,54.0,-12.7654295
3.0,30.0,54.0,-12.7654295
30.0,3.0,55.0,-34.043015
3.0,30.0,55.0,-34.043015
30.0,3.0,56.0,-2.542692
3.0,30.0,56.0,-2.542692
30.0,3.0,57.0,-24.818155
3.0,30.0,57.0,-24.818155
30.0,3.0,58.0,-16.04004
3.0,30.0,58.0,-16.04004
30.0,3.0,59.0,-7.2287097
3.0,30.0,59.0,-7.2287097
30.0,3.0,60.0,-8.2430105
3.0,30.0,60.0,-8.2430105
30.0,3.0,61.0,-11.759711
3.0,30.0,61.0,-11.759711
30.0,3.0,62.0,-13.391015
3.0,30.0,62.0,-13.391015
30.0,3.0,63.0,-19.809128
3.0,30.0,63.0,-19.809128
30.0,3.0,64.0,-19.96632
3.0,30.0,64.0,-19.96632
30.0,3.0,65.0,1.7330383
3.0,30.0,65.0,1.7330383
30.0,3.0,66.0,8.152417
3.0,30.0,66.0,8.152417
30.0,3.0,67.0,9.316639
3.0,30.0,67.0,9.316639
30.0,3.0,68.0,-13.959359
3.0,30.0,68.0,-13.959359
30.0,3.0,69.0,-4.834704
3.0,30.0,69.0,-4.834704
30.0,4.0,38.0,2.442854
4.0,30.0,38.0,2.442854
30.0,4.0,39.0,31.398699
4.0,30.0,39.0,31.398699
30.0,4.0,40.0,0.8679373
4.0,30.0,40.0,0.8679373
30.0,4.0,41.0,27.897959
4.0,30.0,41.0,27.897959
30.0,4.0,42.0,25.757168
4.0,30.0,42.0,25.757168
30.0,4.0,43.0,24.078457
4.0,30.0,43.0,24.078457
30.0,4.0,44.0,7.003981
4.0,30.0,44.0,7.003981
30.0,4.0,45.0,19.449184
4.0,30.0,45.0,19.449184
30.0,4.0,46.0,-9.383592
4.0,30.0,46.0,-9.383592
30.0,4.0,47.0,24.271414
4.0,30.0,47.0,24.271414
30.0,4.0,48.0,27.22772
4.0,30.0,48.0,27.22772
30.0,4.0,49.0,40.488007
4.0,30.0,49.0,40.488007
30.0,4.0,50.0,4.296105
4.0,30.0,50.0,4.296105
30.0,4.0,51.0,50.06887
4.0,30.0,51.0,50.06887
30.0,4.0,52.0,41.576855
4.0,30.0,52.0,41.576855
30.0,4.0,53.0,-45.527386
4.0,30.0,53.0,-45.527386
30.0,4.0,54.0,3.8106263
4.0,30.0,54.0,3.8106263
30.0,4.0,55.0,37.630856
4.0,30.0,55.0,37.630856
30.0,4.0,56.0,12.123379
4.0,30.0,56.0,12.123379
30.0,4.0,57.0,11.052047
4.0,30.0,57.0,11.052047
30.0,4.0,58.0,60.1277
4.0,30.0,58.0,60.1277
30.0,4.0,59.0,2.6928763
4.0,30.0,59.0,2.6928763
30.0,4.0,60.0,27.200031
4.0,30.0,60.0,27.200031
30.0,4.0,61.0,5.2934995
4.0,30.0,61.0,5.2934995
30.0,4.0,62.0,2.6391335
4.0,30.0,62.0,2.6391335
30.0,4.0,63.0,11.691864
4.0,30.0,63.0,11.691864
30.0,4.0,64.0,9.895633
4.0,30.0,64.0,9.895633
30.0,4.0,65.0,36.68571
4.0,30.0,65.0,36.68571
30.0,4.0,66.0,42.523113
4.0,30.0,66.0,42.523113
30.0,4.0,67.0,47.20344
4.0,30.0,67.0,47.20344
30.0,4.0,68.0,13.106506
4.0,30.0,68.0,13.106506
30.0,4.0,69.0,22.687557
4.0,30.0,69.0,22.687557
30.0,5.0,38.0,-3.011384
5.0,30.0,38.0,-3.011384
30.0,5.0,39.0,-4.638984
5.0,30.0,39.0,-4.638984
30.0,5.0,40.0,-8.574267
5.0,30.0,40.0,-8.574267
30.0,5.0,41.0,-1.215932
5.0,30.0,41.0,-1.215932
30.0,5.0,42.0,6.8459888
5.0,30.0,42.0,6.8459888
30.0,5.0,43.0,2.1147237
5.0,30.0,43.0,2.1147237
30.0,5.0,44.0,-3.910276
5.0,30.0,44.0,-3.910276
30.0,5.0,45.0,-1.8433614
5.0,30.0,45.0,-1.8433614
30.0,5.0,46.0,-4.440088
5.0,30.0,46.0,-4.440088
30.0,5.0,47.0,-1.4169643
5.0,30.0,47.0,-1.4169643
30.0,5.0,48.0,-3.2175481
5.0,30.0,48.0,-3.2175481
30.0,5.0,49.0,-2.2887099
5.0,30.0,49.0,-2.2887099
30.0,5.0,50.0,-2.8497055
5.0,30.0,50.0,-2.8497055
30.0,5.0,51.0,4.8561325
5.0,30.0,51.0,4.8561325
30.0,5.0,52.0,-11.224342
5.0,30.0,52.0,-11.224342
30.0,5.0,53.0,0.8836829
5.0,30.0,53.0,0.8836829
30.0,5.0,54.0,-15.256489
5.0,30.0,54.0,-15.256489
30.0,5.0,55.0,-11.46927
5.0,30.0,55.0,-11.46927
30.0,5.0,56.0,0.4080093
5.0,30.0,56.0,0.4080093
30.0,5.0,57.0,-14.139566
5.0,30.0,57.0,-14.139566
30.0,5.0,58.0,-14.5249195
5.0,30.0,58.0,-14.5249195
30.0,5.0,59.0,-5.7922587
5.0,30.0,59.0,-5.7922587
30.0,5.0,60.0,0.23418307
5.0,30.0,60.0,0.23418307
30.0,5.0,61.0,-9.459007
5.0,30.0,61.0,-9.459007
30.0,5.0,62.0,-0.7397135
5.0,30.0,62.0,-0.7397135
30.0,5.0,63.0,-8.763347
5.0,30.0,63.0,-8.763347
30.0,5.0,64.0,-13.50683
5.0,30.0,64.0,-13.50683
30.0,5.0,65.0,0.7270792
5.0,30.0,65.0,0.7270792
30.0,5.0,66.0,-10.203745
5.0,30.0,66.0,-10.203745
30.0,5.0,67.0,5.257176
5.0,30.0,67.0,5.257176
30.0,5.0,68.0,-19.792818
5.0,30.0,68.0,-19.792818
30.0,5.0,69.0,1.935598
5.0,30.0,69.0,1.935598
30.0,6.0,38.0,3.0785296
6.0,30.0,38.0,3.0785296
30.0,6.0,39.0,9.169322
6.0,30.0,39.0,9.169322
30.0,6.0,40.0,-5.4091916
6.0,30.0,40.0,-5.4091916
30.0,6.0,41.0,-5.677251
6.0,30.0,41.0,-5.677251
30.0,6.0,42.0,-31.56962
6.0,30.0,42.0,-31.56962
30.0,6.0,43.0,-19.256224
6.0,30.0,43.0,-19.256224
30.0,6.0,44.0,-4.488326
6.0,30.0,44.0,-4.488326
30.0,6.0,45.0,15.813712
6.0,30.0,45.0,15.813712
30.0,6.0,46.0,9.040954
6.0,30.0,46.0,9.040954
30.0,6.0,47.0,6.1397276
6.0,30.0,47.0,6.1397276
30.0,6.0,48.0,-4.9415355
6.0,30.0,48.0,-4.9415355
30.0,6.0,49.0,21.365068
6.0,30.0,49.0,21.365068
30.0,6.0,50.0,-1.302458
6.0,30.0,50.0,-1.302458
30.0,6.0,51.0,-1.179212
6.0,30.0,51.0,-1.179212
30.0,6.0,52.0,11.015124
6.0,30.0,52.0,11.015124
30.0,6.0,53.0,21.0618
6.0,30.0,53.0,21.0618
30.0,6.0,54.0,4.90691
6.0,30.0,54.0,4.90691
30.0,6.0,55.0,-3.8243868
6.0,30.0,55.0,-3.8243868
30.0,6.0,56.0,7.8210917
6.0,30.0,56.0,7.8210917
30.0,6.0,57.0,-17.803345
6.0,30.0,57.0,-17.803345
30.0,6.0,58.0,-11.406055
6.0,30.0,58.0,-11.406055
30.0,6.0,59.0,-12.54225
6.0,30.0,59.0,-12.54225
30.0,6.0,60.0,11.135827
6.0,30.0,60.0,11.135827
30.0,6.0,61.0,-7.203985
6.0,30.0,61.0,-7.203985
30.0,6.0,62.0,-0.24509236
6.0,30.0,62.0,-0.24509236
30.0,6.0,63.0,-7.5893903
6.0,30.0,63.0,-7.5893903
30.0,6.0,64.0,-21.427938
6.0,30.0,64.0,-21.427938
30.0,6.0,65.0,4.873495
6.0,30.0,65.0,4.873495
30.0,6.0,66.0,31.142498
6.0,30.0,66.0,31.142498
30.0,6.0,67.0,23.911413
6.0,30.0,67.0,23.911413
30.0,6.0,68.0,16.179775
6.0,30.0,68.0,16.179775
30.0,6.0,69.0,12.414475
6.0,30.0,69.0,12.414475
30.0,7.0,38.0,8.756346
7.0,30.0,38.0,8.756346
30.0,7.0,39.0,2.6976573
7.0,30.0,39.0,2.6976573
30.0,7.0,40.0,-6.025828
7.0,30.0,40.0,-6.025828
30.0,7.0,41.0,6.7688856
7.0,30.0,41.0,6.7688856
30.0,7.0,42.0,9.19221
7.0,30.0,42.0,9.19221
30.0,7.0,43.0,-11.369837
7.0,30.0,43.0,-11.369837
30.0,7.0,44.0,3.5733888
7.0,30.0,44.0,3.5733888
30.0,7.0,45.0,-3.9962974
7.0,30.0,45.0,-3.9962974
30.0,7.0,46.0,-2.4995399
7.0,30.0,46.0,-2.4995399
30.0,7.0,47.0,-0.73809683
7.0,30.0,47.0,-0.73809683
30.0,7.0,48.0,17.104906
7.0,30.0,48.0,17.104906
30.0,7.0,49.0,-8.242674
7.0,30.0,49.0,-8.242674
30.0,7.0,50.0,-7.5300984
7.0,30.0,50.0,-7.5300984
30.0,7.0,51.0,-39.58944
7.0,30.0,51.0,-39.58944
30.0,7.0,52.0,-13.405229
7.0,30.0,52.0,-13.405229
30.0,7.0,53.0,-9.219154
7.0,30.0,53.0,-9.219154
30.0,7.0,54.0,-23.631895
7.0,30.0,54.0,-23.631895
30.0,7.0,55.0,-13.930602
7.0,30.0,55.0,-13.930602
30.0,7.0,56.0,7.136395
7.0,30.0,56.0,7.136395
30.0,7.0,57.0,-7.27501
7.0,30.0,57.0,-7.27501
30.0,7.0,58.0,-4.884861
7.0,30.0,58.0,-4.884861
30.0,7.0,59.0,-14.696071
7.0,30.0,59.0,-14.696071
30.0,7.0,60.0,-7.962994
7.0,30.0,60.0,-7.962994
30.0,7.0,61.0,-3.0537038
7.0,30.0,61.0,-3.0537038
30.0,7.0,62.0,-4.096792
7.0,30.0,62.0,-4.096792
30.0,7.0,63.0,-10.2091465
7.0,30.0,63.0,-10.2091465
30.0,7.0,64.0,-7.552835
7.0,30.0,64.0,-7.552835
30.0,7.0,65.0,-3.8070009
7.0,30.0,65.0,-3.8070009
30.0,7.0,66.0,6.2719893
7.0,30.0,66.0,6.2719893
30.0,7.0,67.0,6.3488426
7.0,30.0,67.0,6.3488426
30.0,7.0,68.0,-13.656717
7.0,30.0,68.0,-13.656717
30.0,7.0,69.0,9.038323
7.0,30.0,69.0,9.038323
30.0,8.0,38.0,10.081128
8.0,30.0,38.0,10.081128
30.0,8.0,39.0,0.50678325
8.0,30.0,39.0,0.50678325
30.0,8.0,40.0,0.7977767
8.0,30.0,40.0,0.7977767
30.0,8.0,41.0,-4.164351
8.0,30.0,41.0,-4.164351
30.0,8.0,42.0,-15.488959
8.0,30.0,42.0,-15.488959
30.0,8.0,43.0,-20.82073
8.0,30.0,43.0,-20.82073
30.0,8.0,44.0,-10.6757345
8.0,30.0,44.0,-10.6757345
30.0,8.0,45.0,-7.1205907
8.0,30.0,45.0,-7.1205907
30.0,8.0,46.0,1.8223588
8.0,30.0,46.0,1.8223588
30.0,8.0,47.0,11.253317
8.0,30.0,47.0,11.253317
30.0,8.0,48.0,13.17164
8.0,30.0,48.0,13.17164
30.0,8.0,49.0,-5.77293
8.0,30.0,49.0,-5.77293
30.0,8.0,50.0,-5.7396445
8.0,30.0,50.0,-5.7396445
30.0,8.0,51.0,-33.3885
8.0,30.0,51.0,-33.3885
30.0,8.0,52.0,-16.182028
8.0,30.0,52.0,-16.182028
30.0,8.0,53.0,-8.819111
8.0,30.0,53.0,-8.819111
30.0,8.0,54.0,-0.63390416
8.0,30.0,54.0,-0.63390416
30.0,8.0,55.0,-9.453447
8.0,30.0,55.0,-9.453447
30.0,8.0,56.0,3.0903783
8.0,30.0,56.0,3.0903783
30.0,8.0,57.0,-12.923944
8.0,30.0,57.0,-12.923944
30.0,8.0,58.0,-33.65089
8.0,30.0,58.0,-33.65089
30.0,8.0,59.0,-10.421989
8.0,30.0,59.0,-10.421989
30.0,8.0,60.0,-2.9953792
8.0,30.0,60.0,-2.9953792
30.0,8.0,61.0,-4.932395
8.0,30.0,61.0,-4.932395
30.0,8.0,62.0,-18.051971
8.0,30.0,62.0,-18.051971
30.0,8.0,63.0,-12.614715
8.0,30.0,63.0,-12.614715
30.0,8.0,64.0,-28.319298
8.0,30.0,64.0,-28.319298
30.0,8.0,65.0,0.50548977
8.0,30.0,65.0,0.50548977
30.0,8.0,66.0,-17.844202
8.0,30.0,66.0,-17.844202
30.0,8.0,67.0,8.724394
8.0,30.0,67.0,8.724394
30.0,8.0,68.0,-7.8565845
8.0,30.0,68.0,-7.8565845
30.0,8.0,69.0,-3.6518865
8.0,30.0,69.0,-3.6518865
30.0,9.0,38.0,6.132
9.0,30.0,38.0,6.132
30.0,9.0,39.0,9.197786
9.0,30.0,39.0,9.197786
30.0,9.0,40.0,0.07342611
9.0,30.0,40.0,0.07342611
30.0,9.0,41.0,-4.1668715
9.0,30.0,41.0,-4.1668715
30.0,9.0,42.0,-1.6780398
9.0,30.0,42.0,-1.6780398
30.0,9.0,43.0,5.5541644
9.0,30.0,43.0,5.5541644
30.0,9.0,44.0,5.681725
9.0,30.0,44.0,5.681725
30.0,9.0,45.0,15.682139
9.0,30.0,45.0,15.682139
30.0,9.0,46.0,16.906055
9.0,30.0,46.0,16.906055
30.0,9.0,47.0,-3.7087636
9.0,30.0,47.0,-3.7087636
30.0,9.0,48.0,4.3739915
9.0,30.0,48.0,4.3739915
30.0,9.0,49.0,27.36485
9.0,30.0,49.0,27.36485
30.0,9.0,50.0,-6.329958
9.0,30.0,50.0,-6.329958
30.0,9.0,51.0,1.2077206
9.0,30.0,51.0,1.2077206
30.0,9.0,52.0,8.466613
9.0,30.0,52.0,8.466613
30.0,9.0,53.0,5.7268357
9.0,30.0,53.0,5.7268357
30.0,9.0,54.0,12.681067
9.0,30.0,54.0,12.681067
30.0,9.0,55.0,-18.331915
9.0,30.0,55.0,-18.331915
30.0,9.0,56.0,9.485308
9.0,30.0,56.0,9.485308
30.0,9.0,57.0,-19.347294
9.0,30.0,57.0,-19.347294
30.0,9.0,58.0,-3.901454
9.0,30.0,58.0,-3.901454
30.0,9.0,59.0,-8.621104
9.0,30.0,59.0,-8.621104
30.0,9.0,60.0,12.942996
9.0,30.0,60.0,12.942996
30.0,9.0,61.0,3.984878
9.0,30.0,61.0,3.984878
30.0,9.0,62.0,2.5699701
9.0,30.0,62.0,2.5699701
30.0,9.0,63.0,4.2999268
9.0,30.0,63.0,4.2999268
30.0,9.0,64.0,4.529011
9.0,30.0,64.0,4.529011
30.0,9.0,65.0,17.547903
9.0,30.0,65.0,17.547903
30.0,9.0,66.0,35.194458
9.0,30.0,66.0,35.194458
30.0,9.0,67.0,42.375557
9.0,30.0,67.0,42.375557
30.0,9.0,68.0,18.687773
9.0,30.0,68.0,18.687773
30.0,9.0,69.0,9.975958
9.0,30.0,69.0,9.975958
30.0,10.0,38.0,1.8203105
10.0,30.0,38.0,1.8203105
30.0,10.0,39.0,9.424526
10.0,30.0,39.0,9.424526
30.0,10.0,40.0,22.14259
10.0,30.0,40.0,22.14259
30.0,10.0,41.0,10.8192425
10.0,30.0,41.0,10.8192425
30.0,10.0,42.0,6.3289723
10.0,30.0,42.0,6.3289723
30.0,10.0,43.0,-4.988732
10.0,30.0,43.0,-4.988732
30.0,10.0,44.0,9.307549
10.0,30.0,44.0,9.307549
30.0,10.0,45.0,9.102287
10.0,30.0,45.0,9.102287
30.0,10.0,46.0,27.558033
10.0,30.0,46.0,27.558033
30.0,10.0,47.0,24.334337
10.0,30.0,47.0,24.334337
30.0,10.0,48.0,21.602177
10.0,30.0,48.0,21.602177
30.0,10.0,49.0,22.723333
10.0,30.0,49.0,22.723333
30.0,10.0,50.0,0.5419157
10.0,30.0,50.0,0.5419157
30.0,10.0,51.0,12.825512
10.0,30.0,51.0,12.825512
30.0,10.0,52.0,26.886578
10.0,30.0,52.0,26.886578
30.0,10.0,53.0,13.729849
10.0,30.0,53.0,13.729849
30.0,10.0,54.0,4.8120265
10.0,30.0,54.0,4.8120265
30.0,10.0,55.0,6.2946415
10.0,30.0,55.0,6.2946415
30.0,10.0,56.0,4.4641366
10.0,30.0,56.0,4.4641366
30.0,10.0,57.0,3.7818637
10.0,30.0,57.0,3.7818637
30.0,10.0,58.0,0.6158719
10.0,30.0,58.0,0.6158719
30.0,10.0,59.0,-7.5316057
10.0,30.0,59.0,-7.5316057
30.0,10.0,60.0,21.877798
10.0,30.0,60.0,21.877798
30.0,10.0,61.0,-2.1564043
10.0,30.0,61.0,-2.1564043
30.0,10.0,62.0,14.345229
10.0,30.0,62.0,14.345229
30.0,10.0,63.0,25.298483
10.0,30.0,63.0,25.298483
30.0,10.0,64.0,1.9393035
10.0,30.0,64.0,1.9393035
30.0,10.0,65.0,18.6775
10.0,30.0,65.0,18.6775
30.0,10.0,66.0,23.605366
10.0,30.0,66.0,23.605366
30.0,10.0,67.0,35.677074
10.0,30.0,67.0,35.677074
30.0,10.0,68.0,23.351168
10.0,30.0,68.0,23.351168
30.0,10.0,69.0,26.360287
10.0,30.0,69.0,26.360287
30.0,11.0,38.0,-12.543088
11.0,30.0,38.0,-12.543088
30.0,11.0,39.0,-0.5255393
11.0,30.0,39.0,-0.5255393
30.0,11.0,40.0,-4.1413016
11.0,30.0,40.0,-4.1413016
30.0,11.0,41.0,-9.908373
11.0,30.0,41.0,-9.908373
30.0,11.0,42.0,-4.5767727
11.0,30.0,42.0,-4.5767727
30.0,11.0,43.0,-5.8170223
11.0,30.0,43.0,-5.8170223
30.0,11.0,44.0,-14.294086
11.0,30.0,44.0,-14.294086
30.0,11.0,45.0,-12.831027
11.0,30.0,45.0,-12.831027
30.0,11.0,46.0,-4.821154
11.0,30.0,46.0,-4.821154
30.0,11.0,47.0,-8.006011
11.0,30.0,47.0,-8.006011
30.0,11.0,48.0,-3.2629826
11.0,30.0,48.0,-3.2629826
30.0,11.0,49.0,-9.400356
11.0,30.0,49.0,-9.400356
30.0,11.0,50.0,-6.4140754
11.0,30.0,50.0,-6.4140754
30.0,11.0,51.0,-7.551127
11.0,30.0,51.0,-7.551127
30.0,11.0,52.0,9.082116
11.0,30.0,52.0,9.082116
30.0,11.0,53.0,-7.27809
11.0,30.0,53.0,-7.27809
30.0,11.0,54.0,-2.9406064
11.0,30.0,54.0,-2.9406064
30.0,11.0,55.0,0.6470781
11.0,30.0,55.0,0.6470781
30.0,11.0,56.0,-1.3732159
11.0,30.0,56.0,-1.3732159
30.0,11.0,57.0,-27.382437
11.0,30.0,57.0,-27.382437
30.0,11.0,58.0,-24.26302
11.0,30.0,58.0,-24.26302
30.0,11.0,59.0,-13.653373
11.0,30.0,59.0,-13.653373
30.0,11.0,60.0,-0.011282321
11.0,30.0,60.0,-0.011282321
30.0,11.0,61.0,-9.422882
11.0,30.0,61.0,-9.422882
30.0,11.0,62.0,1.9361938
11.0,30.0,62.0,1.9361938
30.0,11.0,63.0,-0.7330848
11.0,30.0,63.0,-0.7330848
30.0,11.0,64.0,-17.739277
11.0,30.0,64.0,-17.739277
30.0,11.0,65.0,-1.0577615
11.0,30.0,65.0,-1.0577615
30.0,11.0,66.0,-21.081377
11.0,30.0,66.0,-21.081377
30.0,11.0,67.0,21.051525
11.0,30.0,67.0,21.051525
30.0,11.0,68.0,-4.3038363
11.0,30.0,68.0,-4.3038363
30.0,11.0,69.0,8.163612
11.0,30.0,69.0,8.163612
30.0,12.0,38.0,-6.2110305
12.0,30.0,38.0,-6.2110305
30.0,12.0,39.0,-0.7004205
12.0,30.0,39.0,-0.7004205
30.0,12.0,40.0,-5.046413
12.0,30.0,40.0,-5.046413
30.0,12.0,41.0,-18.570381
12.0,30.0,41.0,-18.570381
30.0,12.0,42.0,-15.071554
12.0,30.0,42.0,-15.071554
30.0,12.0,43.0,-12.488808
12.0,30.0,43.0,-12.488808
30.0,12.0,44.0,-0.382494
12.0,30.0,44.0,-0.382494
30.0,12.0,45.0,0.8965548
12.0,30.0,45.0,0.8965548
30.0,12.0,46.0,-11.669294
12.0,30.0,46.0,-11.669294
30.0,12.0,47.0,10.707036
12.0,30.0,47.0,10.707036
30.0,12.0,48.0,-17.375212
12.0,30.0,48.0,-17.375212
30.0,12.0,49.0,-11.253046
12.0,30.0,49.0,-11.253046
30.0,12.0,50.0,1.8789023
12.0,30.0,50.0,1.8789023
30.0,12.0,51.0,-6.623794
12.0,30.0,51.0,-6.623794
30.0,12.0,52.0,-7.50064
12.0,30.0,52.0,-7.50064
30.0,12.0,53.0,-18.334307
12.0,30.0,53.0,-18.334307
30.0,12.0,54.0,2.406882
12.0,30.0,54.0,2.406882
30.0,12.0,55.0,-21.055704
12.0,30.0,55.0,-21.055704
30.0,12.0,56.0,-2.2316852
12.0,30.0,56.0,-2.2316852
30.0,12.0,57.0,-6.9209914
12.0,30.0,57.0,-6.9209914
30.0,12.0,58.0,-17.247658
12.0,30.0,58.0,-17.247658
30.0,12.0,59.0,-8.760342
12.0,30.0,59.0,-8.760342
30.0,12.0,60.0,-1.579958
12.0,30.0,60.0,-1.579958
30.0,12.0,61.0,1.6651051
12.0,30.0,61.0,1.6651051
30.0,12.0,62.0,2.2185507
12.0,30.0,62.0,2.2185507
30.0,12.0,63.0,-24.075953
12.0,30.0,63.0,-24.075953
30.0,12.0,64.0,-17.55501
12.0,30.0,64.0,-17.55501
30.0,12.0,65.0,7.882974
12.0,30.0,65.0,7.882974
30.0,12.0,66.0,-7.5141997
12.0,30.0,66.0,-7.5141997
30.0,12.0,67.0,6.7272954
12.0,30.0,67.0,6.7272954
30.0,12.0,68.0,-12.966978
12.0,30.0,68.0,-12.966978
30.0,12.0,69.0,-9.384557
12.0,30.0,69.0,-9.384557
30.0,13.0,38.0,-10.490232
13.0,30.0,38.0,-10.490232
30.0,13.0,39.0,12.429767
13.0,30.0,39.0,12.429767
30.0,13.0,40.0,14.935687
13.0,30.0,40.0,14.935687
30.0,13.0,41.0,11.2558565
13.0,30.0,41.0,11.2558565
30.0,13.0,42.0,16.914234
13.0,30.0,42.0,16.914234
30.0,13.0,43.0,18.678524
13.0,30.0,43.0,18.678524
30.0,13.0,44.0,2.9835768
13.0,30.0,44.0,2.9835768
30.0,13.0,45.0,-2.7821565
13.0,30.0,45.0,-2.7821565
30.0,13.0,46.0,30.46099
13.0,30.0,46.0,30.46099
30.0,13.0,47.0,22.997686
13.0,30.0,47.0,22.997686
30.0,13.0,48.0,32.08195
13.0,30.0,48.0,32.08195
30.0,13.0,49.0,10.031512
13.0,30.0,49.0,10.031512
30.0,13.0,50.0,6.3669252
13.0,30.0,50.0,6.3669252
30.0,13.0,51.0,16.898
13.0,30.0,51.0,16.898
30.0,13.0,52.0,41.186623
13.0,30.0,52.0,41.186623
30.0,13.0,53.0,-4.8381543
13.0,30.0,53.0,-4.8381543
30.0,13.0,54.0,-9.7204685
13.0,30.0,54.0,-9.7204685
30.0,13.0,55.0,3.4501522
13.0,30.0,55.0,3.4501522
30.0,13.0,56.0,4.315438
13.0,30.0,56.0,4.315438
30.0,13.0,57.0,4.661747
13.0,30.0,57.0,4.661747
30.0,13.0,58.0,2.7320633
13.0,30.0,58.0,2.7320633
30.0,13.0,59.0,-9.544931
13.0,30.0,59.0,-9.544931
30.0,13.0,60.0,18.230179
13.0,30.0,60.0,18.230179
30.0,13.0,61.0,-5.3117723
13.0,30.0,61.0,-5.3117723
30.0,13.0,62.0,21.17126
13.0,30.0,62.0,21.17126
30.0,13.0,63.0,15.122593
13.0,30.0,63.0,15.122593
30.0,13.0,64.0,32.255726
13.0,30.0,64.0,32.255726
30.0,13.0,65.0,12.599724
13.0,30.0,65.0,12.599724
30.0,13.0,66.0,10.759598
13.0,30.0,66.0,10.759598
30.0,13.0,67.0,37.871944
13.0,30.0,67.0,37.871944
30.0,13.0,68.0,19.749752
13.0,30.0,68.0,19.749752
30.0,13.0,69.0,26.281326
13.0,30.0,69.0,26.281326
30.0,14.0,38.0,16.687231
14.0,30.0,38.0,16.687231
30.0,14.0,39.0,8.153557
14.0,30.0,39.0,8.153557
30.0,14.0,40.0,25.269905
14.0,30.0,40.0,25.269905
30.0,14.0,41.0,-1.6629796
14.0,30.0,41.0,-1.6629796
30.0,14.0,42.0,20.712383
14.0,30.0,42.0,20.712383
30.0,14.0,43.0,10.249636
14.0,30.0,43.0,10.249636
30.0,14.0,44.0,22.038687
14.0,30.0,44.0,22.038687
30.0,14.0,45.0,6.705843
14.0,30.0,45.0,6.705843
30.0,14.0,46.0,20.610046
14.0,30.0,46.0,20.610046
30.0,14.0,47.0,36.727898
14.0,30.0,47.0,36.727898
30.0,14.0,48.0,-5.6646614
14.0,30.0,48.0,-5.6646614
30.0,14.0,49.0,11.1679325
14.0,30.0,49.0,11.1679325
30.0,14.0,50.0,19.93213
14.0,30.0,50.0,19.93213
30.0,14.0,51.0,-4.7995515
14.0,30.0,51.0,-4.7995515
30.0,14.0,52.0,24.514317
14.0,30.0,52.0,24.514317
30.0,14.0,53.0,-12.514938
14.0,30.0,53.0,-12.514938
30.0,14.0,54.0,4.1495986
14.0,30.0,54.0,4.1495986
30.0,14.0,55.0,24.537176
14.0,30.0,55.0,24.537176
30.0,14.0,56.0,1.7740452
14.0,30.0,56.0,1.7740452
30.0,14.0,57.0,-1.591376
14.0,30.0,57.0,-1.591376
30.0,14.0,58.0,52.03572
14.0,30.0,58.0,52.03572
30.0,14.0,59.0,-14.689721
14.0,30.0,59.0,-14.689721
30.0,14.0,60.0,-5.4937596
14.0,30.0,60.0,-5.4937596
30.0,14.0,61.0,-0.8487251
14.0,30.0,61.0,-0.8487251
30.0,14.0,62.0,37.955486
14.0,30.0,62.0,37.955486
30.0,14.0,63.0,-15.15977
14.0,30.0,63.0,-15.15977
30.0,14.0,64.0,12.014808
14.0,30.0,64.0,12.014808
30.0,14.0,65.0,-4.5654364
14.0,30.0,65.0,-4.5654364
30.0,14.0,66.0,6.3019137
14.0,30.0,66.0,6.3019137
30.0,14.0,67.0,-2.770384
14.0,30.0,67.0,-2.770384
30.0,14.0,68.0,1.1885185
14.0,30.0,68.0,1.1885185
30.0,14.0,69.0,23.080725
14.0,30.0,69.0,23.080725
30.0,15.0,38.0,12.392604
15.0,30.0,38.0,12.392604
30.0,15.0,39.0,18.35161
15.0,30.0,39.0,18.35161
30.0,15.0,40.0,5.1968255
15.0,30.0,40.0,5.1968255
30.0,15.0,41.0,7.308142
15.0,30.0,41.0,7.308142
30.0,15.0,42.0,6.484322
15.0,30.0,42.0,6.484322
30.0,15.0,43.0,9.919099
15.0,30.0,43.0,9.919099
30.0,15.0,44.0,13.134549
15.0,30.0,44.0,13.134549
30.0,15.0,45.0,7.2327795
15.0,30.0,45.0,7.2327795
30.0,15.0,46.0,7.8425794
15.0,30.0,46.0,7.8425794
30.0,15.0,47.0,4.284417
15.0,30.0,47.0,4.284417
30.0,15.0,48.0,9.98536
15.0,30.0,48.0,9.98536
30.0,15.0,49.0,8.596143
15.0,30.0,49.0,8.596143
30.0,15.0,50.0,-6.6000595
15.0,30.0,50.0,-6.6000595
30.0,15.0,51.0,-24.77538
15.0,30.0,51.0,-24.77538
30.0,15.0,52.0,5.1974735
15.0,30.0,52.0,5.1974735
30.0,15.0,53.0,-2.101771
15.0,30.0,53.0,-2.101771
30.0,15.0,54.0,2.6908858
15.0,30.0,54.0,2.6908858
30.0,15.0,55.0,-27.666618
15.0,30.0,55.0,-27.666618
30.0,15.0,56.0,6.9479747
15.0,30.0,56.0,6.9479747
30.0,15.0,57.0,4.659303
15.0,30.0,57.0,4.659303
30.0,15.0,58.0,-11.386783
15.0,30.0,58.0,-11.386783
30.0,15.0,59.0,-12.476132
15.0,30.0,59.0,-12.476132
30.0,15.0,60.0,16.12485
15.0,30.0,60.0,16.12485
30.0,15.0,61.0,-9.302582
15.0,30.0,61.0,-9.302582
30.0,15.0,62.0,-24.511152
15.0,30.0,62.0,-24.511152
30.0,15.0,63.0,-5.7758126
15.0,30.0,63.0,-5.7758126
30.0,15.0,64.0,-4.4457617
15.0,30.0,64.0,-4.4457617
30.0,15.0,65.0,13.72266
15.0,30.0,65.0,13.72266
30.0,15.0,66.0,13.156022
15.0,30.0,66.0,13.156022
30.0,15.0,67.0,11.759032
15.0,30.0,67.0,11.759032
30.0,15.0,68.0,1.6912822
15.0,30.0,68.0,1.6912822
30.0,15.0,69.0,14.007511
15.0,30.0,69.0,14.007511
30.0,16.0,38.0,-4.8625903
16.0,30.0,38.0,-4.8625903
30.0,16.0,39.0,-3.553426
16.0,30.0,39.0,-3.553426
30.0,16.0,40.0,-46.04624
16.0,30.0,40.0,-46.04624
30.0,16.0,41.0,-4.1345057
16.0,30.0,41.0,-4.1345057
30.0,16.0,42.0,-14.185317
16.0,30.0,42.0,-14.185317
30.0,16.0,43.0,-23.574203
16.0,30.0,43.0,-23.574203
30.0,16.0,44.0,-11.959539
16.0,30.0,44.0,-11.959539
30.0,16.0,45.0,-12.938463
16.0,30.0,45.0,-12.938463
30.0,16.0,46.0,-4.1397614
16.0,30.0,46.0,-4.1397614
30.0,16.0,47.0,-13.360513
16.0,30.0,47.0,-13.360513
30.0,16.0,48.0,-10.734938
16.0,30.0,48.0,-10.734938
30.0,16.0,49.0,-15.297864
16.0,30.0,49.0,-15.297864
30.0,16.0,50.0,-16.188927
16.0,30.0,50.0,-16.188927
30.0,16.0,51.0,-9.513806
16.0,30.0,51.0,-9.513806
30.0,16.0,52.0,-22.853676
16.0,30.0,52.0,-22.853676
30.0,16.0,53.0,-12.790703
16.0,30.0,53.0,-12.790703
30.0,16.0,54.0,-13.268679
16.0,30.0,54.0,-13.268679
30.0,16.0,55.0,-6.617107
16.0,30.0,55.0,-6.617107
30.0,16.0,56.0,-4.0407324
16.0,30.0,56.0,-4.0407324
30.0,16.0,57.0,-14.130441
16.0,30.0,57.0,-14.130441
30.0,16.0,58.0,-39.001457
16.0,30.0,58.0,-39.001457
30.0,16.0,59.0,-3.3245084
16.0,30.0,59.0,-3.3245084
30.0,16.0,60.0,-12.01894
16.0,30.0,60.0,-12.01894
30.0,16.0,61.0,-16.132196
16.0,30.0,61.0,-16.132196
30.0,16.0,62.0,-5.768528
16.0,30.0,62.0,-5.768528
30.0,16.0,63.0,-19.007942
16.0,30.0,63.0,-19.007942
30.0,16.0,64.0,-22.502466
16.0,30.0,64.0,-22.502466
30.0,16.0,65.0,-5.6003747
16.0,30.0,65.0,-5.6003747
30.0,16.0,66.0,-17.636879
16.0,30.0,66.0,-17.636879
30.0,16.0,67.0,-2.845454
16.0,30.0,67.0,-2.845454
30.0,16.0,68.0,-8.296193
16.0,30.0,68.0,-8.296193
30.0,16.0,69.0,-17.313295
16.0,30.0,69.0,-17.313295
30.0,17.0,38.0,-3.1660457
17.0,30.0,38.0,-3.1660457
30.0,17.0,39.0,-2.4623256
17.0,30.0,39.0,-2.4623256
30.0,17.0,40.0,-31.965885
17.0,30.0,40.0,-31.965885
30.0,17.0,41.0,0.29903162
17.0,30.0,41.0,0.29903162
30.0,17.0,42.0,-0.9954458
17.0,30.0,42.0,-0.9954458
30.0,17.0,43.0,-15.782952
17.0,30.0,43.0,-15.782952
30.0,17.0,44.0,-4.5273194
17.0,30.0,44.0,-4.5273194
30.0,17.0,45.0,-8.328887
17.0,30.0,45.0,-8.328887
30.0,17.0,46.0,-4.610397
17.0,30.0,46.0,-4.610397
30.0,17.0,47.0,-7.94258
17.0,30.0,47.0,-7.94258
30.0,17.0,48.0,-23.847649
17.0,30.0,48.0,-23.847649
30.0,17.0,49.0,-2.0369642
17.0,30.0,49.0,-2.0369642
30.0,17.0,50.0,-6.431262
17.0,30.0,50.0,-6.431262
30.0,17.0,51.0,-14.562833
17.0,30.0,51.0,-14.562833
30.0,17.0,52.0,-1.2461722
17.0,30.0,52.0,-1.2461722
30.0,17.0,53.0,-4.384008
17.0,30.0,53.0,-4.384008
30.0,17.0,54.0,-15.54789
17.0,30.0,54.0,-15.54789
30.0,17.0,55.0,-10.669249
17.0,30.0,55.0,-10.669249
30.0,17.0,56.0,-4.967757
17.0,30.0,56.0,-4.967757
30.0,17.0,57.0,-12.699682
17.0,30.0,57.0,-12.699682
30.0,17.0,58.0,-9.546405
17.0,30.0,58.0,-9.546405
30.0,17.0,59.0,-7.105059
17.0,30.0,59.0,-7.105059
30.0,17.0,60.0,-9.807447
17.0,30.0,60.0,-9.807447
30.0,17.0,61.0,-12.950405
17.0,30.0,61.0,-12.950405
30.0,17.0,62.0,-4.04616
17.0,30.0,62.0,-4.04616
30.0,17.0,63.0,-16.631187
17.0,30.0,63.0,-16.631187
30.0,17.0,64.0,-14.383192
17.0,30.0,64.0,-14.383192
30.0,17.0,65.0,0.5981045
17.0,30.0,65.0,0.5981045
30.0,17.0,66.0,-3.2562957
17.0,30.0,66.0,-3.2562957
30.0,17.0,67.0,-12.097846
17.0,30.0,67.0,-12.097846
30.0,17.0,68.0,-1.840752
17.0,30.0,68.0,-1.840752
30.0,17.0,69.0,-4.059516
17.0,30.0,69.0,-4.059516
30.0,18.0,38.0,-8.536225
18.0,30.0,38.0,-8.536225
30.0,18.0,39.0,2.1347973
18.0,30.0,39.0,2.1347973
30.0,18.0,40.0,-5.917123
18.0,30.0,40.0,-5.917123
30.0,18.0,41.0,2.498958
18.0,30.0,41.0,2.498958
30.0,18.0,42.0,11.728239
18.0,30.0,42.0,11.728239
30.0,18.0,43.0,13.474168
18.0,30.0,43.0,13.474168
30.0,18.0,44.0,3.1206808
18.0,30.0,44.0,3.1206808
30.0,18.0,45.0,5.9364977
18.0,30.0,45.0,5.9364977
30.0,18.0,46.0,-1.1936027
18.0,30.0,46.0,-1.1936027
30.0,18.0,47.0,4.425713
18.0,30.0,47.0,4.425713
30.0,18.0,48.0,-9.901758
18.0,30.0,48.0,-9.901758
30.0,18.0,49.0,-0.18593648
18.0,30.0,49.0,-0.18593648
30.0,18.0,50.0,-12.983711
18.0,30.0,50.0,-12.983711
30.0,18.0,51.0,-0.43991843
18.0,30.0,51.0,-0.43991843
30.0,18.0,52.0,3.7040071
18.0,30.0,52.0,3.7040071
30.0,18.0,53.0,-11.308672
18.0,30.0,53.0,-11.308672
30.0,18.0,54.0,4.387484
18.0,30.0,54.0,4.387484
30.0,18.0,55.0,-4.918525
18.0,30.0,55.0,-4.918525
30.0,18.0,56.0,2.7309191
18.0,30.0,56.0,2.7309191
30.0,18.0,57.0,-3.615693
18.0,30.0,57.0,-3.615693
30.0,18.0,58.0,-8.2512455
18.0,30.0,58.0,-8.2512455
30.0,18.0,59.0,-12.456082
18.0,30.0,59.0,-12.456082
30.0,18.0,60.0,-0.41060147
18.0,30.0,60.0,-0.41060147
30.0,18.0,61.0,-1.8890114
18.0,30.0,61.0,-1.8890114
30.0,18.0,62.0,10.48805
18.0,30.0,62.0,10.48805
30.0,18.0,63.0,4.1714215
18.0,30.0,63.0,4.1714215
30.0,18.0,64.0,-8.797238
18.0,30.0,64.0,-8.797238
30.0,18.0,65.0,1.5244626
18.0,30.0,65.0,1.5244626
30.0,18.0,66.0,-13.321813
18.0,30.0,66.0,-13.321813
30.0,18.0,67.0,7.4584823
18.0,30.0,67.0,7.4584823
30.0,18.0,68.0,-18.943314
18.0,30.0,68.0,-18.943314
30.0,18.0,69.0,11.6195545
18.0,30.0,69.0,11.6195545
30.0,19.0,38.0,4.5642395
19.0,30.0,38.0,4.5642395
30.0,19.0,39.0,1.0447966
19.0,30.0,39.0,1.0447966
30.0,19.0,40.0,12.854594
19.0,30.0,40.0,12.854594
30.0,19.0,41.0,-11.112802
19.0,30.0,41.0,-11.112802
30.0,19.0,42.0,6.85463
19.0,30.0,42.0,6.85463
30.0,19.0,43.0,8.788419
19.0,30.0,43.0,8.788419
30.0,19.0,44.0,14.052561
19.0,30.0,44.0,14.052561
30.0,19.0,45.0,-5.2901855
19.0,30.0,45.0,-5.2901855
30.0,19.0,46.0,0.6472465
19.0,30.0,46.0,0.6472465
30.0,19.0,47.0,24.568283
19.0,30.0,47.0,24.568283
30.0,19.0,48.0,25.434277
19.0,30.0,48.0,25.434277
30.0,19.0,49.0,9.890444
19.0,30.0,49.0,9.890444
30.0,19.0,50.0,9.606699
19.0,30.0,50.0,9.606699
30.0,19.0,51.0,11.737603
19.0,30.0,51.0,11.737603
30.0,19.0,52.0,8.300888
19.0,30.0,52.0,8.300888
30.0,19.0,53.0,4.359704
19.0,30.0,53.0,4.359704
30.0,19.0,54.0,-2.4292772
19.0,30.0,54.0,-2.4292772
30.0,19.0,55.0,-6.1274815
19.0,30.0,55.0,-6.1274815
30.0,19.0,56.0,2.8293014
19.0,30.0,56.0,2.8293014
30.0,19.0,57.0,-0.0363221
19.0,30.0,57.0,-0.0363221
30.0,19.0,58.0,-6.519953
19.0,30.0,58.0,-6.519953
30.0,19.0,59.0,-4.9136696
19.0,30.0,59.0,-4.9136696
30.0,19.0,60.0,-2.8816617
19.0,30.0,60.0,-2.8816617
30.0,19.0,61.0,-3.2953851
19.0,30.0,61.0,-3.2953851
30.0,19.0,62.0,-0.1765433
19.0,30.0,62.0,-0.1765433
30.0,19.0,63.0,13.763537
19.0,30.0,63.0,13.763537
30.0,19.0,64.0,22.25582
19.0,30.0,64.0,22.25582
30.0,19.0,65.0,-2.414926
19.0,30.0,65.0,-2.414926
30.0,19.0,66.0,3.1061792
19.0,30.0,66.0,3.1061792
30.0,19.0,67.0,22.846651
19.0,30.0,67.0,22.846651
30.0,19.0,68.0,2.2653663
19.0,30.0,68.0,2.2653663
30.0,19.0,69.0,18.616396
19.0,30.0,69.0,18.616396
6.0,0.0,38.0,9.667113
0.0,6.0,38.0,9.667113
6.0,0.0,39.0,7.672118
0.0,6.0,39.0,7.672118
6.0,0.0,40.0,-1.8874766
0.0,6.0,40.0,-1.8874766
6.0,0.0,41.0,-1.9265033
0.0,6.0,41.0,-1.9265033
6.0,0.0,42.0,-1.2402229
0.0,6.0,42.0,-1.2402229
6.0,0.0,43.0,3.366033
0.0,6.0,43.0,3.366033
6.0,0.0,44.0,-12.433497
0.0,6.0,44.0,-12.433497
6.0,0.0,45.0,-3.4247465
0.0,6.0,45.0,-3.4247465
6.0,0.0,46.0,-5.9946446
0.0,6.0,46.0,-5.9946446
6.0,0.0,47.0,-11.26312
0.0,6.0,47.0,-11.26312
6.0,0.0,48.0,-23.882355
0.0,6.0,48.0,-23.882355
6.0,0.0,49.0,0.8592025
0.0,6.0,49.0,0.8592025
6.0,0.0,50.0,3.603507
0.0,6.0,50.0,3.603507
6.0,0.0,51.0,52.032562
0.0,6.0,51.0,52.032562
6.0,0.0,52.0,-7.1170125
0.0,6.0,52.0,-7.1170125
6.0,0.0,53.0,1.0025512
0.0,6.0,53.0,1.0025512
6.0,0.0,54.0,-4.735548
0.0,6.0,54.0,-4.735548
6.0,0.0,55.0,-3.7686563
0.0,6.0,55.0,-3.7686563
6.0,0.0,56.0,11.95283
0.0,6.0,56.0,11.95283
6.0,0.0,57.0,-13.3202095
0.0,6.0,57.0,-13.3202095
6.0,0.0,58.0,-5.7674427
0.0,6.0,58.0,-5.7674427
6.0,0.0,59.0,4.959263
0.0,6.0,59.0,4.959263
6.0,0.0,60.0,-5.9559655
0.0,6.0,60.0,-5.9559655
6.0,0.0,61.0,-8.093109
0.0,6.0,61.0,-8.093109
6.0,0.0,62.0,-1.2771474
0.0,6.0,62.0,-1.2771474
6.0,0.0,63.0,1.8673791
0.0,6.0,63.0,1.8673791
6.0,0.0,64.0,0.8057793
0.0,6.0,64.0,0.8057793
6.0,0.0,65.0,-11.644681
0.0,6.0,65.0,-11.644681
6.0,0.0,66.0,1.0881546
0.0,6.0,66.0,1.0881546
6.0,0.0,67.0,-14.153312
0.0,6.0,67.0,-14.153312
6.0,0.0,68.0,-8.248066
0.0,6.0,68.0,-8.248066
6.0,0.0,69.0,-17.27574
0.0,6.0,69.0,-17.27574
6.0,2.0,38.0,30.447235
2.0,6.0,38.0,30.447235
6.0,2.0,39.0,32.99041
2.0,6.0,39.0,32.99041
6.0,2.0,40.0,32.79138
2.0,6.0,40.0,32.79138
6.0,2.0,41.0,24.820463
2.0,6.0,41.0,24.820463
6.0,2.0,42.0,23.850597
2.0,6.0,42.0,23.850597
6.0,2.0,43.0,36.289883
2.0,6.0,43.0,36.289883
6.0,2.0,44.0,13.492433
2.0,6.0,44.0,13.492433
6.0,2.0,45.0,40.74024
2.0,6.0,45.0,40.74024
6.0,2.0,46.0,8.3231945
2.0,6.0,46.0,8.3231945
6.0,2.0,47.0,37.247326
2.0,6.0,47.0,37.247326
6.0,2.0,48.0,85.15352
2.0,6.0,48.0,85.15352
6.0,2.0,49.0,38.901573
2.0,6.0,49.0,38.901573
6.0,2.0,50.0,34.36146
2.0,6.0,50.0,34.36146
6.0,2.0,51.0,40.764473
2.0,6.0,51.0,40.764473
6.0,2.0,52.0,26.768373
2.0,6.0,52.0,26.768373
6.0,2.0,53.0,53.94195
2.0,6.0,53.0,53.94195
6.0,2.0,54.0,30.395178
2.0,6.0,54.0,30.395178
6.0,2.0,55.0,36.296867
2.0,6.0,55.0,36.296867
6.0,2.0,56.0,28.333288
2.0,6.0,56.0,28.333288
6.0,2.0,57.0,23.657984
2.0,6.0,57.0,23.657984
6.0,2.0,58.0,41.443203
2.0,6.0,58.0,41.443203
6.0,2.0,59.0,28.776653
2.0,6.0,59.0,28.776653
6.0,2.0,60.0,12.936963
2.0,6.0,60.0,12.936963
6.0,2.0,61.0,33.10748
2.0,6.0,61.0,33.10748
6.0,2.0,62.0,40.31725
2.0,6.0,62.0,40.31725
6.0,2.0,63.0,40.10437
2.0,6.0,63.0,40.10437
6.0,2.0,64.0,33.22301
2.0,6.0,64.0,33.22301
6.0,2.0,65.0,12.78686
2.0,6.0,65.0,12.78686
6.0,2.0,66.0,48.235126
2.0,6.0,66.0,48.235126
6.0,2.0,67.0,141.79037
2.0,6.0,67.0,141.79037
6.0,2.0,68.0,21.035925
2.0,6.0,68.0,21.035925
6.0,2.0,69.0,29.051935
2.0,6.0,69.0,29.051935
6.0,3.0,38.0,-1.0290096
3.0,6.0,38.0,-1.0290096
6.0,3.0,39.0,-23.086082
3.0,6.0,39.0,-23.086082
6.0,3.0,40.0,25.539711
3.0,6.0,40.0,25.539711
6.0,3.0,41.0,-15.654101
3.0,6.0,41.0,-15.654101
6.0,3.0,42.0,-19.428509
3.0,6.0,42.0,-19.428509
6.0,3.0,43.0,-1.6627929
3.0,6.0,43.0,-1.6627929
6.0,3.0,44.0,-22.648972
3.0,6.0,44.0,-22.648972
6.0,3.0,45.0,2.2434773
3.0,6.0,45.0,2.2434773
6.0,3.0,46.0,-16.199472
3.0,6.0,46.0,-16.199472
6.0,3.0,47.0,-14.927956
3.0,6.0,47.0,-14.927956
6.0,3.0,48.0,-17.802109
3.0,6.0,48.0,-17.802109
6.0,3.0,49.0,4.4436493
3.0,6.0,49.0,4.4436493
6.0,3.0,50.0,-6.150347
3.0,6.0,50.0,-6.150347
6.0,3.0,51.0,29.003944
3.0,6.0,51.0,29.003944
6.0,3.0,52.0,-14.29402
3.0,6.0,52.0,-14.29402
6.0,3.0,53.0,-3.4257374
3.0,6.0,53.0,-3.4257374
6.0,3.0,54.0,-6.6016655
3.0,6.0,54.0,-6.6016655
6.0,3.0,55.0,-23.842556
3.0,6.0,55.0,-23.842556
6.0,3.0,56.0,3.6091385
3.0,6.0,56.0,3.6091385
6.0,3.0,57.0,-10.510688
3.0,6.0,57.0,-10.510688
6.0,3.0,58.0,-15.066212
3.0,6.0,58.0,-15.066212
6.0,3.0,59.0,-9.264225
3.0,6.0,59.0,-9.264225
6.0,3.0,60.0,12.725099
3.0,6.0,60.0,12.725099
6.0,3.0,61.0,-16.847353
3.0,6.0,61.0,-16.847353
6.0,3.0,62.0,2.0961113
3.0,6.0,62.0,2.0961113
6.0,3.0,63.0,-11.420404
3.0,6.0,63.0,-11.420404
6.0,3.0,64.0,-6.234853
3.0,6.0,64.0,-6.234853
6.0,3.0,65.0,3.15781
3.0,6.0,65.0,3.15781
6.0,3.0,66.0,29.482584
3.0,6.0,66.0,29.482584
6.0,3.0,67.0,-42.70233
3.0,6.0,67.0,-42.70233
6.0,3.0,68.0,-20.689081
3.0,6.0,68.0,-20.689081
6.0,3.0,69.0,12.84897
3.0,6.0,69.0,12.84897
6.0,4.0,38.0,50.856125
4.0,6.0,38.0,50.856125
6.0,4.0,39.0,55.74332
4.0,6.0,39.0,55.74332
6.0,4.0,40.0,4.7719593
4.0,6.0,40.0,4.7719593
6.0,4.0,41.0,67.02853
4.0,6.0,41.0,67.02853
6.0,4.0,42.0,6.665851
4.0,6.0,42.0,6.665851
6.0,4.0,43.0,52.37428
4.0,6.0,43.0,52.37428
6.0,4.0,44.0,12.778289
4.0,6.0,44.0,12.778289
6.0,4.0,45.0,-2.842624
4.0,6.0,45.0,-2.842624
6.0,4.0,46.0,-44.271317
4.0,6.0,46.0,-44.271317
6.0,4.0,47.0,26.653822
4.0,6.0,47.0,26.653822
6.0,4.0,48.0,30.855055
4.0,6.0,48.0,30.855055
6.0,4.0,49.0,39.95269
4.0,6.0,49.0,39.95269
6.0,4.0,50.0,20.865091
4.0,6.0,50.0,20.865091
6.0,4.0,51.0,-112.704666
4.0,6.0,51.0,-112.704666
6.0,4.0,52.0,61.586956
4.0,6.0,52.0,61.586956
6.0,4.0,53.0,-6.5472393
4.0,6.0,53.0,-6.5472393
6.0,4.0,54.0,21.806519
4.0,6.0,54.0,21.806519
6.0,4.0,55.0,48.936707
4.0,6.0,55.0,48.936707
6.0,4.0,56.0,11.818388
4.0,6.0,56.0,11.818388
6.0,4.0,57.0,15.20128
4.0,6.0,57.0,15.20128
6.0,4.0,58.0,100.76787
4.0,6.0,58.0,100.76787
6.0,4.0,59.0,26.420607
4.0,6.0,59.0,26.420607
6.0,4.0,60.0,11.255459
4.0,6.0,60.0,11.255459
6.0,4.0,61.0,20.227823
4.0,6.0,61.0,20.227823
6.0,4.0,62.0,-20.142597
4.0,6.0,62.0,-20.142597
6.0,4.0,63.0,55.34476
4.0,6.0,63.0,55.34476
6.0,4.0,64.0,34.88546
4.0,6.0,64.0,34.88546
6.0,4.0,65.0,31.199867
4.0,6.0,65.0,31.199867
6.0,4.0,66.0,55.38902
4.0,6.0,66.0,55.38902
6.0,4.0,67.0,18.307098
4.0,6.0,67.0,18.307098
6.0,4.0,68.0,30.7144
4.0,6.0,68.0,30.7144
6.0,4.0,69.0,19.849836
4.0,6.0,69.0,19.849836
6.0,5.0,38.0,0.8405275
5.0,6.0,38.0,0.8405275
6.0,5.0,39.0,2.4415467
5.0,6.0,39.0,2.4415467
6.0,5.0,40.0,9.042391
5.0,6.0,40.0,9.042391
6.0,5.0,41.0,-3.5487626
5.0,6.0,41.0,-3.5487626
6.0,5.0,42.0,43.51604
5.0,6.0,42.0,43.51604
6.0,5.0,43.0,1.3534111
5.0,6.0,43.0,1.3534111
6.0,5.0,44.0,2.0099468
5.0,6.0,44.0,2.0099468
6.0,5.0,45.0,7.854594
5.0,6.0,45.0,7.854594
6.0,5.0,46.0,0.60830307
5.0,6.0,46.0,0.60830307
6.0,5.0,47.0,-3.655232
5.0,6.0,47.0,-3.655232
6.0,5.0,48.0,25.476608
5.0,6.0,48.0,25.476608
6.0,5.0,49.0,6.488872
5.0,6.0,49.0,6.488872
6.0,5.0,50.0,-5.3762994
5.0,6.0,50.0,-5.3762994
6.0,5.0,51.0,-45.424778
5.0,6.0,51.0,-45.424778
6.0,5.0,52.0,7.9493504
5.0,6.0,52.0,7.9493504
6.0,5.0,53.0,20.254456
5.0,6.0,53.0,20.254456
6.0,5.0,54.0,14.2345915
5.0,6.0,54.0,14.2345915
6.0,5.0,55.0,18.879786
5.0,6.0,55.0,18.879786
6.0,5.0,56.0,-16.859156
5.0,6.0,56.0,-16.859156
6.0,5.0,57.0,0.18682481
5.0,6.0,57.0,0.18682481
6.0,5.0,58.0,14.143114
5.0,6.0,58.0,14.143114
6.0,5.0,59.0,-9.798475
5.0,6.0,59.0,-9.798475
6.0,5.0,60.0,1.9820408
5.0,6.0,60.0,1.9820408
6.0,5.0,61.0,8.344256
5.0,6.0,61.0,8.344256
6.0,5.0,62.0,4.158534
5.0,6.0,62.0,4.158534
6.0,5.0,63.0,10.4713745
5.0,6.0,63.0,10.4713745
6.0,5.0,64.0,-2.906304
5.0,6.0,64.0,-2.906304
6.0,5.0,65.0,-8.866956
5.0,6.0,65.0,-8.866956
6.0,5.0,66.0,18.121315
5.0,6.0,66.0,18.121315
6.0,5.0,67.0,-1.0935657
5.0,6.0,67.0,-1.0935657
6.0,5.0,68.0,13.685101
5.0,6.0,68.0,13.685101
6.0,5.0,69.0,32.25621
5.0,6.0,69.0,32.25621
6.0,7.0,38.0,19.85833
7.0,6.0,38.0,19.85833
6.0,7.0,39.0,-0.60610396
7.0,6.0,39.0,-0.60610396
6.0,7.0,40.0,36.18756
7.0,6.0,40.0,36.18756
6.0,7.0,41.0,-3.7595994
7.0,6.0,41.0,-3.7595994
6.0,7.0,42.0,-0.25234023
7.0,6.0,42.0,-0.25234023
6.0,7.0,43.0,0.29080403
7.0,6.0,43.0,0.29080403
6.0,7.0,44.0,-3.0598347
7.0,6.0,44.0,-3.0598347
6.0,7.0,45.0,41.624958
7.0,6.0,45.0,41.624958
6.0,7.0,46.0,15.663756
7.0,6.0,46.0,15.663756
6.0,7.0,47.0,6.1133275
7.0,6.0,47.0,6.1133275
6.0,7.0,48.0,18.138298
7.0,6.0,48.0,18.138298
6.0,7.0,49.0,-2.7183588
7.0,6.0,49.0,-2.7183588
6.0,7.0,50.0,16.848566
7.0,6.0,50.0,16.848566
6.0,7.0,51.0,-22.211855
7.0,6.0,51.0,-22.211855
6.0,7.0,52.0,15.166744
7.0,6.0,52.0,15.166744
6.0,7.0,53.0,14.008198
7.0,6.0,53.0,14.008198
6.0,7.0,54.0,0.055246156
7.0,6.0,54.0,0.055246156
6.0,7.0,55.0,14.49663
7.0,6.0,55.0,14.49663
6.0,7.0,56.0,-12.975362
7.0,6.0,56.0,-12.975362
6.0,7.0,57.0,-8.956888
7.0,6.0,57.0,-8.956888
6.0,7.0,58.0,-34.657173
7.0,6.0,58.0,-34.657173
6.0,7.0,59.0,12.763959
7.0,6.0,59.0,12.763959
6.0,7.0,60.0,2.1746192
7.0,6.0,60.0,2.1746192
6.0,7.0,61.0,-10.723289
7.0,6.0,61.0,-10.723289
6.0,7.0,62.0,5.527399
7.0,6.0,62.0,5.527399
6.0,7.0,63.0,22.2709
7.0,6.0,63.0,22.2709
6.0,7.0,64.0,3.226151
7.0,6.0,64.0,3.226151
6.0,7.0,65.0,-8.082114
7.0,6.0,65.0,-8.082114
6.0,7.0,66.0,4.350312
7.0,6.0,66.0,4.350312
6.0,7.0,67.0,14.688217
7.0,6.0,67.0,14.688217
6.0,7.0,68.0,11.919805
7.0,6.0,68.0,11.919805
6.0,7.0,69.0,0.34630743
7.0,6.0,69.0,0.34630743
6.0,13.0,38.0,52.261715
13.0,6.0,38.0,52.261715
6.0,13.0,39.0,36.239872
13.0,6.0,39.0,36.239872
6.0,13.0,40.0,56.664913
13.0,6.0,40.0,56.664913
6.0,13.0,41.0,32.502712
13.0,6.0,41.0,32.502712
6.0,13.0,42.0,14.547768
13.0,6.0,42.0,14.547768
6.0,13.0,43.0,65.958984
13.0,6.0,43.0,65.958984
6.0,13.0,44.0,44.990356
13.0,6.0,44.0,44.990356
6.0,13.0,45.0,18.101652
13.0,6.0,45.0,18.101652
6.0,13.0,46.0,36.793716
13.0,6.0,46.0,36.793716
6.0,13.0,47.0,31.57708
13.0,6.0,47.0,31.57708
6.0,13.0,48.0,28.750732
13.0,6.0,48.0,28.750732
6.0,13.0,49.0,47.34442
13.0,6.0,49.0,47.34442
6.0,13.0,50.0,26.6417
13.0,6.0,50.0,26.6417
6.0,13.0,51.0,-137.26141
13.0,6.0,51.0,-137.26141
6.0,13.0,52.0,18.003138
13.0,6.0,52.0,18.003138
6.0,13.0,53.0,45.29161
13.0,6.0,53.0,45.29161
6.0,13.0,54.0,40.5841
13.0,6.0,54.0,40.5841
6.0,13.0,55.0,20.02742
13.0,6.0,55.0,20.02742
6.0,13.0,56.0,48.470028
13.0,6.0,56.0,48.470028
6.0,13.0,57.0,42.801205
13.0,6.0,57.0,42.801205
6.0,13.0,58.0,37.043484
13.0,6.0,58.0,37.043484
6.0,13.0,59.0,52.514122
13.0,6.0,59.0,52.514122
6.0,13.0,60.0,38.543133
13.0,6.0,60.0,38.543133
6.0,13.0,61.0,42.44759
13.0,6.0,61.0,42.44759
6.0,13.0,62.0,62.09326
13.0,6.0,62.0,62.09326
6.0,13.0,63.0,32.103767
13.0,6.0,63.0,32.103767
6.0,13.0,64.0,60.906174
13.0,6.0,64.0,60.906174
6.0,13.0,65.0,21.629251
13.0,6.0,65.0,21.629251
6.0,13.0,66.0,34.688534
13.0,6.0,66.0,34.688534
6.0,13.0,67.0,54.65479
13.0,6.0,67.0,54.65479
6.0,13.0,68.0,60.9502
13.0,6.0,68.0,60.9502
6.0,13.0,69.0,17.97299
13.0,6.0,69.0,17.97299
6.0,14.0,38.0,24.12947
14.0,6.0,38.0,24.12947
6.0,14.0,39.0,29.212812
14.0,6.0,39.0,29.212812
6.0,14.0,40.0,37.749958
14.0,6.0,40.0,37.749958
6.0,14.0,41.0,14.760476
14.0,6.0,41.0,14.760476
6.0,14.0,42.0,17.288185
14.0,6.0,42.0,17.288185
6.0,14.0,43.0,12.216406
14.0,6.0,43.0,12.216406
6.0,14.0,44.0,16.866598
14.0,6.0,44.0,16.866598
6.0,14.0,45.0,24.755442
14.0,6.0,45.0,24.755442
6.0,14.0,46.0,7.33405
14.0,6.0,46.0,7.33405
6.0,14.0,47.0,4.825128
14.0,6.0,47.0,4.825128
6.0,14.0,48.0,25.769722
14.0,6.0,48.0,25.769722
6.0,14.0,49.0,21.947754
14.0,6.0,49.0,21.947754
6.0,14.0,50.0,2.5880601
14.0,6.0,50.0,2.5880601
6.0,14.0,51.0,-7.7107162
14.0,6.0,51.0,-7.7107162
6.0,14.0,52.0,-3.6363857
14.0,6.0,52.0,-3.6363857
6.0,14.0,53.0,-2.5541584
14.0,6.0,53.0,-2.5541584
6.0,14.0,54.0,10.592521
14.0,6.0,54.0,10.592521
6.0,14.0,55.0,1.4638275
14.0,6.0,55.0,1.4638275
6.0,14.0,56.0,13.542603
14.0,6.0,56.0,13.542603
6.0,14.0,57.0,5.042286
14.0,6.0,57.0,5.042286
6.0,14.0,58.0,20.534435
14.0,6.0,58.0,20.534435
6.0,14.0,59.0,15.116698
14.0,6.0,59.0,15.116698
6.0,14.0,60.0,6.184656
14.0,6.0,60.0,6.184656
6.0,14.0,61.0,1.1189257
14.0,6.0,61.0,1.1189257
6.0,14.0,62.0,24.937923
14.0,6.0,62.0,24.937923
6.0,14.0,63.0,1.975642
14.0,6.0,63.0,1.975642
6.0,14.0,64.0,22.048403
14.0,6.0,64.0,22.048403
6.0,14.0,65.0,1.9943377
14.0,6.0,65.0,1.9943377
6.0,14.0,66.0,18.806232
14.0,6.0,66.0,18.806232
6.0,14.0,67.0,-10.084311
14.0,6.0,67.0,-10.084311
6.0,14.0,68.0,28.024006
14.0,6.0,68.0,28.024006
6.0,14.0,69.0,24.728588
14.0,6.0,69.0,24.728588
6.0,20.0,38.0,-14.448146
20.0,6.0,38.0,-14.448146
6.0,20.0,39.0,-41.245033
20.0,6.0,39.0,-41.245033
6.0,20.0,40.0,-4.0126133
20.0,6.0,40.0,-4.0126133
6.0,20.0,41.0,-20.691662
20.0,6.0,41.0,-20.691662
6.0,20.0,42.0,-15.412049
20.0,6.0,42.0,-15.412049
6.0,20.0,43.0,-28.17198
20.0,6.0,43.0,-28.17198
6.0,20.0,44.0,-24.542189
20.0,6.0,44.0,-24.542189
6.0,20.0,45.0,-19.589796
20.0,6.0,45.0,-19.589796
6.0,20.0,46.0,-24.48137
20.0,6.0,46.0,-24.48137
6.0,20.0,47.0,-20.055944
20.0,6.0,47.0,-20.055944
6.0,20.0,48.0,-10.9861555
20.0,6.0,48.0,-10.9861555
6.0,20.0,49.0,-3.2115746
20.0,6.0,49.0,-3.2115746
6.0,20.0,50.0,-23.056393
20.0,6.0,50.0,-23.056393
6.0,20.0,51.0,-3.0147035
20.0,6.0,51.0,-3.0147035
6.0,20.0,52.0,-9.134328
20.0,6.0,52.0,-9.134328
6.0,20.0,53.0,-11.663368
20.0,6.0,53.0,-11.663368
6.0,20.0,54.0,-27.971512
20.0,6.0,54.0,-27.971512
6.0,20.0,55.0,-14.8468
20.0,6.0,55.0,-14.8468
6.0,20.0,56.0,-7.648483
20.0,6.0,56.0,-7.648483
6.0,20.0,57.0,-31.198332
20.0,6.0,57.0,-31.198332
6.0,20.0,58.0,3.0507226
20.0,6.0,58.0,3.0507226
6.0,20.0,59.0,-57.241127
20.0,6.0,59.0,-57.241127
6.0,20.0,60.0,-6.0258083
20.0,6.0,60.0,-6.0258083
6.0,20.0,61.0,-44.63832
20.0,6.0,61.0,-44.63832
6.0,20.0,62.0,-10.224935
20.0,6.0,62.0,-10.224935
6.0,20.0,63.0,3.1743042
20.0,6.0,63.0,3.1743042
6.0,20.0,64.0,4.282812
20.0,6.0,64.0,4.282812
6.0,20.0,65.0,-33.750343
20.0,6.0,65.0,-33.750343
6.0,20.0,66.0,-5.1153197
20.0,6.0,66.0,-5.1153197
6.0,20.0,67.0,-9.28732
20.0,6.0,67.0,-9.28732
6.0,20.0,68.0,-17.156874
20.0,6.0,68.0,-17.156874
6.0,20.0,69.0,-8.1454735
20.0,6.0,69.0,-8.1454735
6.0,15.0,38.0,6.4222054
15.0,6.0,38.0,6.4222054
6.0,15.0,39.0,26.391287
15.0,6.0,39.0,26.391287
6.0,15.0,40.0,26.850359
15.0,6.0,40.0,26.850359
6.0,15.0,41.0,0.25640634
15.0,6.0,41.0,0.25640634
6.0,15.0,42.0,-1.970555
15.0,6.0,42.0,-1.970555
6.0,15.0,43.0,9.489377
15.0,6.0,43.0,9.489377
6.0,15.0,44.0,13.990762
15.0,6.0,44.0,13.990762
6.0,15.0,45.0,6.9939923
15.0,6.0,45.0,6.9939923
6.0,15.0,46.0,14.388497
15.0,6.0,46.0,14.388497
6.0,15.0,47.0,11.092444
15.0,6.0,47.0,11.092444
6.0,15.0,48.0,-5.8654113
15.0,6.0,48.0,-5.8654113
6.0,15.0,49.0,37.168793
15.0,6.0,49.0,37.168793
6.0,15.0,50.0,8.778231
15.0,6.0,50.0,8.778231
6.0,15.0,51.0,-17.33462
15.0,6.0,51.0,-17.33462
6.0,15.0,52.0,11.757982
15.0,6.0,52.0,11.757982
6.0,15.0,53.0,63.438087
15.0,6.0,53.0,63.438087
6.0,15.0,54.0,6.8039546
15.0,6.0,54.0,6.8039546
6.0,15.0,55.0,-4.567847
15.0,6.0,55.0,-4.567847
6.0,15.0,56.0,-1.4537755
15.0,6.0,56.0,-1.4537755
6.0,15.0,57.0,-5.0536833
15.0,6.0,57.0,-5.0536833
6.0,15.0,58.0,23.445503
15.0,6.0,58.0,23.445503
6.0,15.0,59.0,1.8126922
15.0,6.0,59.0,1.8126922
6.0,15.0,60.0,7.059692
15.0,6.0,60.0,7.059692
6.0,15.0,61.0,3.9931717
15.0,6.0,61.0,3.9931717
6.0,15.0,62.0,9.344503
15.0,6.0,62.0,9.344503
6.0,15.0,63.0,26.854797
15.0,6.0,63.0,26.854797
6.0,15.0,64.0,11.592751
15.0,6.0,64.0,11.592751
6.0,15.0,65.0,-10.394544
15.0,6.0,65.0,-10.394544
6.0,15.0,66.0,31.645668
15.0,6.0,66.0,31.645668
6.0,15.0,67.0,-32.787445
15.0,6.0,67.0,-32.787445
6.0,15.0,68.0,0.46886724
15.0,6.0,68.0,0.46886724
6.0,15.0,69.0,-1.164693
15.0,6.0,69.0,-1.164693
6.0,21.0,38.0,14.234554
21.0,6.0,38.0,14.234554
6.0,21.0,39.0,36.954594
21.0,6.0,39.0,36.954594
6.0,21.0,40.0,33.428783
21.0,6.0,40.0,33.428783
6.0,21.0,41.0,3.6075318
21.0,6.0,41.0,3.6075318
6.0,21.0,42.0,8.623645
21.0,6.0,42.0,8.623645
6.0,21.0,43.0,28.885002
21.0,6.0,43.0,28.885002
6.0,21.0,44.0,19.732243
21.0,6.0,44.0,19.732243
6.0,21.0,45.0,35.528713
21.0,6.0,45.0,35.528713
6.0,21.0,46.0,11.9553385
21.0,6.0,46.0,11.9553385
6.0,21.0,47.0,33.40284
21.0,6.0,47.0,33.40284
6.0,21.0,48.0,-23.06287
21.0,6.0,48.0,-23.06287
6.0,21.0,49.0,17.72508
21.0,6.0,49.0,17.72508
6.0,21.0,50.0,23.57565
21.0,6.0,50.0,23.57565
6.0,21.0,51.0,11.063229
21.0,6.0,51.0,11.063229
6.0,21.0,52.0,4.944761
21.0,6.0,52.0,4.944761
6.0,21.0,53.0,41.60026
21.0,6.0,53.0,41.60026
6.0,21.0,54.0,53.286003
21.0,6.0,54.0,53.286003
6.0,21.0,55.0,9.534577
21.0,6.0,55.0,9.534577
6.0,21.0,56.0,18.114471
21.0,6.0,56.0,18.114471
6.0,21.0,57.0,-17.326445
21.0,6.0,57.0,-17.326445
6.0,21.0,58.0,28.004738
21.0,6.0,58.0,28.004738
6.0,21.0,59.0,30.906775
21.0,6.0,59.0,30.906775
6.0,21.0,60.0,23.18587
21.0,6.0,60.0,23.18587
6.0,21.0,61.0,48.392418
21.0,6.0,61.0,48.392418
6.0,21.0,62.0,14.153003
21.0,6.0,62.0,14.153003
6.0,21.0,63.0,27.938908
21.0,6.0,63.0,27.938908
6.0,21.0,64.0,21.17548
21.0,6.0,64.0,21.17548
6.0,21.0,65.0,18.909864
21.0,6.0,65.0,18.909864
6.0,21.0,66.0,44.011833
21.0,6.0,66.0,44.011833
6.0,21.0,67.0,11.123118
21.0,6.0,67.0,11.123118
6.0,21.0,68.0,22.4029
21.0,6.0,68.0,22.4029
6.0,21.0,69.0,42.309166
21.0,6.0,69.0,42.309166
6.0,16.0,38.0,-1.6565454
16.0,6.0,38.0,-1.6565454
6.0,16.0,39.0,2.9782398
16.0,6.0,39.0,2.9782398
6.0,16.0,40.0,17.320433
16.0,6.0,40.0,17.320433
6.0,16.0,41.0,10.434101
16.0,6.0,41.0,10.434101
6.0,16.0,42.0,-1.5959779
16.0,6.0,42.0,-1.5959779
6.0,16.0,43.0,-7.7584443
16.0,6.0,43.0,-7.7584443
6.0,16.0,44.0,2.5774572
16.0,6.0,44.0,2.5774572
6.0,16.0,45.0,11.570646
16.0,6.0,45.0,11.570646
6.0,16.0,46.0,0.45794213
16.0,6.0,46.0,0.45794213
6.0,16.0,47.0,5.478138
16.0,6.0,47.0,5.478138
6.0,16.0,48.0,-8.09726
16.0,6.0,48.0,-8.09726
6.0,16.0,49.0,-2.257154
16.0,6.0,49.0,-2.257154
6.0,16.0,50.0,-0.13837048
16.0,6.0,50.0,-0.13837048
6.0,16.0,51.0,-7.1213155
16.0,6.0,51.0,-7.1213155
6.0,16.0,52.0,25.210352
16.0,6.0,52.0,25.210352
6.0,16.0,53.0,6.217735
16.0,6.0,53.0,6.217735
6.0,16.0,54.0,3.9242098
16.0,6.0,54.0,3.9242098
6.0,16.0,55.0,17.265913
16.0,6.0,55.0,17.265913
6.0,16.0,56.0,6.9102826
16.0,6.0,56.0,6.9102826
6.0,16.0,57.0,2.071916
16.0,6.0,57.0,2.071916
6.0,16.0,58.0,-18.112667
16.0,6.0,58.0,-18.112667
6.0,16.0,59.0,5.164995
16.0,6.0,59.0,5.164995
6.0,16.0,60.0,16.827682
16.0,6.0,60.0,16.827682
6.0,16.0,61.0,-6.121402
16.0,6.0,61.0,-6.121402
6.0,16.0,62.0,8.125797
16.0,6.0,62.0,8.125797
6.0,16.0,63.0,-4.668335
16.0,6.0,63.0,-4.668335
6.0,16.0,64.0,7.9796743
16.0,6.0,64.0,7.9796743
6.0,16.0,65.0,1.7274603
16.0,6.0,65.0,1.7274603
6.0,16.0,66.0,6.273768
16.0,6.0,66.0,6.273768
6.0,16.0,67.0,0.96022695
16.0,6.0,67.0,0.96022695
6.0,16.0,68.0,2.9036694
16.0,6.0,68.0,2.9036694
6.0,16.0,69.0,13.090473
16.0,6.0,69.0,13.090473
6.0,22.0,38.0,20.659546
22.0,6.0,38.0,20.659546
6.0,22.0,39.0,24.973196
22.0,6.0,39.0,24.973196
6.0,22.0,40.0,25.44026
22.0,6.0,40.0,25.44026
6.0,22.0,41.0,26.273493
22.0,6.0,41.0,26.273493
6.0,22.0,42.0,13.967401
22.0,6.0,42.0,13.967401
6.0,22.0,43.0,21.937063
22.0,6.0,43.0,21.937063
6.0,22.0,44.0,26.162529
22.0,6.0,44.0,26.162529
6.0,22.0,45.0,32.08496
22.0,6.0,45.0,32.08496
6.0,22.0,46.0,21.412815
22.0,6.0,46.0,21.412815
6.0,22.0,47.0,22.53933
22.0,6.0,47.0,22.53933
6.0,22.0,48.0,14.142591
22.0,6.0,48.0,14.142591
6.0,22.0,49.0,32.126385
22.0,6.0,49.0,32.126385
6.0,22.0,50.0,18.181128
22.0,6.0,50.0,18.181128
6.0,22.0,51.0,-2.5176277
22.0,6.0,51.0,-2.5176277
6.0,22.0,52.0,17.7698
22.0,6.0,52.0,17.7698
6.0,22.0,53.0,37.087048
22.0,6.0,53.0,37.087048
6.0,22.0,54.0,29.760105
22.0,6.0,54.0,29.760105
6.0,22.0,55.0,31.444815
22.0,6.0,55.0,31.444815
6.0,22.0,56.0,4.762173
22.0,6.0,56.0,4.762173
6.0,22.0,57.0,15.640097
22.0,6.0,57.0,15.640097
6.0,22.0,58.0,-3.7603295
22.0,6.0,58.0,-3.7603295
6.0,22.0,59.0,0.27272895
22.0,6.0,59.0,0.27272895
6.0,22.0,60.0,49.306606
22.0,6.0,60.0,49.306606
6.0,22.0,61.0,18.238417
22.0,6.0,61.0,18.238417
6.0,22.0,62.0,33.829575
22.0,6.0,62.0,33.829575
6.0,22.0,63.0,25.718225
22.0,6.0,63.0,25.718225
6.0,22.0,64.0,15.866887
22.0,6.0,64.0,15.866887
6.0,22.0,65.0,23.349236
22.0,6.0,65.0,23.349236
6.0,22.0,66.0,41.81525
22.0,6.0,66.0,41.81525
6.0,22.0,67.0,-8.418283
22.0,6.0,67.0,-8.418283
6.0,22.0,68.0,23.243681
22.0,6.0,68.0,23.243681
6.0,22.0,69.0,58.193455
22.0,6.0,69.0,58.193455
23.0,0.0,38.0,1.9172217
0.0,23.0,38.0,1.9172217
23.0,0.0,39.0,14.682676
0.0,23.0,39.0,14.682676
23.0,0.0,40.0,1.3139973
0.0,23.0,40.0,1.3139973
23.0,0.0,41.0,-13.993304
0.0,23.0,41.0,-13.993304
23.0,0.0,42.0,3.6551976
0.0,23.0,42.0,3.6551976
23.0,0.0,43.0,14.671795
0.0,23.0,43.0,14.671795
23.0,0.0,44.0,-14.566284
0.0,23.0,44.0,-14.566284
23.0,0.0,45.0,4.3880672
0.0,23.0,45.0,4.3880672
23.0,0.0,46.0,0.5510872
0.0,23.0,46.0,0.5510872
23.0,0.0,47.0,8.849833
0.0,23.0,47.0,8.849833
23.0,0.0,48.0,15.470212
0.0,23.0,48.0,15.470212
23.0,0.0,49.0,-6.133936
0.0,23.0,49.0,-6.133936
23.0,0.0,50.0,19.649117
0.0,23.0,50.0,19.649117
23.0,0.0,51.0,26.680155
0.0,23.0,51.0,26.680155
23.0,0.0,52.0,2.9659362
0.0,23.0,52.0,2.9659362
23.0,0.0,53.0,14.826114
0.0,23.0,53.0,14.826114
23.0,0.0,54.0,-3.1199725
0.0,23.0,54.0,-3.1199725
23.0,0.0,55.0,4.3150673
0.0,23.0,55.0,4.3150673
23.0,0.0,56.0,8.333887
0.0,23.0,56.0,8.333887
23.0,0.0,57.0,-9.015841
0.0,23.0,57.0,-9.015841
23.0,0.0,58.0,0.304871
0.0,23.0,58.0,0.304871
23.0,0.0,59.0,-4.754116
0.0,23.0,59.0,-4.754116
23.0,0.0,60.0,7.512719
0.0,23.0,60.0,7.512719
23.0,0.0,61.0,-3.8353183
0.0,23.0,61.0,-3.8353183
23.0,0.0,62.0,-4.5839167
0.0,23.0,62.0,-4.5839167
23.0,0.0,63.0,6.825823
0.0,23.0,63.0,6.825823
23.0,0.0,64.0,10.962854
0.0,23.0,64.0,10.962854
23.0,0.0,65.0,6.352316
0.0,23.0,65.0,6.352316
23.0,0.0,66.0,0.18102545
0.0,23.0,66.0,0.18102545
23.0,0.0,67.0,19.262278
0.0,23.0,67.0,19.262278
23.0,0.0,68.0,-6.4073687
0.0,23.0,68.0,-6.4073687
23.0,0.0,69.0,13.833174
0.0,23.0,69.0,13.833174
23.0,1.0,38.0,15.445011
1.0,23.0,38.0,15.445011
23.0,1.0,39.0,12.377176
1.0,23.0,39.0,12.377176
23.0,1.0,40.0,19.244667
1.0,23.0,40.0,19.244667
23.0,1.0,41.0,-5.0138245
1.0,23.0,41.0,-5.0138245
23.0,1.0,42.0,8.589954
1.0,23.0,42.0,8.589954
23.0,1.0,43.0,9.771696
1.0,23.0,43.0,9.771696
23.0,1.0,44.0,3.7696564
1.0,23.0,44.0,3.7696564
23.0,1.0,45.0,10.597267
1.0,23.0,45.0,10.597267
23.0,1.0,46.0,18.243351
1.0,23.0,46.0,18.243351
23.0,1.0,47.0,15.375807
1.0,23.0,47.0,15.375807
23.0,1.0,48.0,21.451105
1.0,23.0,48.0,21.451105
23.0,1.0,49.0,9.20207
1.0,23.0,49.0,9.20207
23.0,1.0,50.0,19.602673
1.0,23.0,50.0,19.602673
23.0,1.0,51.0,10.583182
1.0,23.0,51.0,10.583182
23.0,1.0,52.0,34.96333
1.0,23.0,52.0,34.96333
23.0,1.0,53.0,7.3407655
1.0,23.0,53.0,7.3407655
23.0,1.0,54.0,-147.6171
1.0,23.0,54.0,-147.6171
23.0,1.0,55.0,2.2134407
1.0,23.0,55.0,2.2134407
23.0,1.0,56.0,12.104305
1.0,23.0,56.0,12.104305
23.0,1.0,57.0,-0.11773712
1.0,23.0,57.0,-0.11773712
23.0,1.0,58.0,63.313637
1.0,23.0,58.0,63.313637
23.0,1.0,59.0,-1.4351331
1.0,23.0,59.0,-1.4351331
23.0,1.0,60.0,7.152726
1.0,23.0,60.0,7.152726
23.0,1.0,61.0,7.499235
1.0,23.0,61.0,7.499235
23.0,1.0,62.0,19.871515
1.0,23.0,62.0,19.871515
23.0,1.0,63.0,4.333853
1.0,23.0,63.0,4.333853
23.0,1.0,64.0,5.8405547
1.0,23.0,64.0,5.8405547
23.0,1.0,65.0,-1.5835605
1.0,23.0,65.0,-1.5835605
23.0,1.0,66.0,18.551065
1.0,23.0,66.0,18.551065
23.0,1.0,67.0,-20.698431
1.0,23.0,67.0,-20.698431
23.0,1.0,68.0,25.10252
1.0,23.0,68.0,25.10252
23.0,1.0,69.0,20.279953
1.0,23.0,69.0,20.279953
23.0,2.0,38.0,2.8340783
2.0,23.0,38.0,2.8340783
23.0,2.0,39.0,10.202354
2.0,23.0,39.0,10.202354
23.0,2.0,40.0,31.997114
2.0,23.0,40.0,31.997114
23.0,2.0,41.0,9.194646
2.0,23.0,41.0,9.194646
23.0,2.0,42.0,14.488906
2.0,23.0,42.0,14.488906
23.0,2.0,43.0,-11.2573
2.0,23.0,43.0,-11.2573
23.0,2.0,44.0,-9.2729645
2.0,23.0,44.0,-9.2729645
23.0,2.0,45.0,11.016415
2.0,23.0,45.0,11.016415
23.0,2.0,46.0,36.343994
2.0,23.0,46.0,36.343994
23.0,2.0,47.0,16.226868
2.0,23.0,47.0,16.226868
23.0,2.0,48.0,93.404785
2.0,23.0,48.0,93.404785
23.0,2.0,49.0,8.5334635
2.0,23.0,49.0,8.5334635
23.0,2.0,50.0,28.391762
2.0,23.0,50.0,28.391762
23.0,2.0,51.0,20.292587
2.0,23.0,51.0,20.292587
23.0,2.0,52.0,12.694057
2.0,23.0,52.0,12.694057
23.0,2.0,53.0,9.533816
2.0,23.0,53.0,9.533816
23.0,2.0,54.0,-11.807929
2.0,23.0,54.0,-11.807929
23.0,2.0,55.0,10.013219
2.0,23.0,55.0,10.013219
23.0,2.0,56.0,1.8115777
2.0,23.0,56.0,1.8115777
23.0,2.0,57.0,15.145269
2.0,23.0,57.0,15.145269
23.0,2.0,58.0,-4.32579
2.0,23.0,58.0,-4.32579
23.0,2.0,59.0,-18.374743
2.0,23.0,59.0,-18.374743
23.0,2.0,60.0,19.350761
2.0,23.0,60.0,19.350761
23.0,2.0,61.0,-13.307986
2.0,23.0,61.0,-13.307986
23.0,2.0,62.0,19.05504
2.0,23.0,62.0,19.05504
23.0,2.0,63.0,6.0552955
2.0,23.0,63.0,6.0552955
23.0,2.0,64.0,-12.548443
2.0,23.0,64.0,-12.548443
23.0,2.0,65.0,1.2942029
2.0,23.0,65.0,1.2942029
23.0,2.0,66.0,-3.5840242
2.0,23.0,66.0,-3.5840242
23.0,2.0,67.0,101.61256
2.0,23.0,67.0,101.61256
23.0,2.0,68.0,14.7832775
2.0,23.0,68.0,14.7832775
23.0,2.0,69.0,10.271914
2.0,23.0,69.0,10.271914
23.0,3.0,38.0,-6.671434
3.0,23.0,38.0,-6.671434
23.0,3.0,39.0,-1.4710399
3.0,23.0,39.0,-1.4710399
23.0,3.0,40.0,-9.828741
3.0,23.0,40.0,-9.828741
23.0,3.0,41.0,-14.079503
3.0,23.0,41.0,-14.079503
23.0,3.0,42.0,2.0751617
3.0,23.0,42.0,2.0751617
23.0,3.0,43.0,-11.4820795
3.0,23.0,43.0,-11.4820795
23.0,3.0,44.0,-38.161064
3.0,23.0,44.0,-38.161064
23.0,3.0,45.0,-8.868556
3.0,23.0,45.0,-8.868556
23.0,3.0,46.0,2.1652167
3.0,23.0,46.0,2.1652167
23.0,3.0,47.0,-16.41332
3.0,23.0,47.0,-16.41332
23.0,3.0,48.0,2.1723673
3.0,23.0,48.0,2.1723673
23.0,3.0,49.0,5.7820234
3.0,23.0,49.0,5.7820234
23.0,3.0,50.0,7.0376053
3.0,23.0,50.0,7.0376053
23.0,3.0,51.0,49.138676
3.0,23.0,51.0,49.138676
23.0,3.0,52.0,-9.014306
3.0,23.0,52.0,-9.014306
23.0,3.0,53.0,-11.99507
3.0,23.0,53.0,-11.99507
23.0,3.0,54.0,-11.275776
3.0,23.0,54.0,-11.275776
23.0,3.0,55.0,-33.895638
3.0,23.0,55.0,-33.895638
23.0,3.0,56.0,-13.0582485
3.0,23.0,56.0,-13.0582485
23.0,3.0,57.0,-20.566803
3.0,23.0,57.0,-20.566803
23.0,3.0,58.0,2.4485717
3.0,23.0,58.0,2.4485717
23.0,3.0,59.0,-18.67285
3.0,23.0,59.0,-18.67285
23.0,3.0,60.0,-0.3732583
3.0,23.0,60.0,-0.3732583
23.0,3.0,61.0,-15.770531
3.0,23.0,61.0,-15.770531
23.0,3.0,62.0,-0.5475616
3.0,23.0,62.0,-0.5475616
23.0,3.0,63.0,-21.791607
3.0,23.0,63.0,-21.791607
23.0,3.0,64.0,-4.762213
3.0,23.0,64.0,-4.762213
23.0,3.0,65.0,7.8737154
3.0,23.0,65.0,7.8737154
23.0,3.0,66.0,-14.571063
3.0,23.0,66.0,-14.571063
23.0,3.0,67.0,-19.803988
3.0,23.0,67.0,-19.803988
23.0,3.0,68.0,-17.82226
3.0,23.0,68.0,-17.82226
23.0,3.0,69.0,-10.571282
3.0,23.0,69.0,-10.571282
23.0,4.0,38.0,11.205123
4.0,23.0,38.0,11.205123
23.0,4.0,39.0,66.566956
4.0,23.0,39.0,66.566956
23.0,4.0,40.0,33.110806
4.0,23.0,40.0,33.110806
23.0,4.0,41.0,29.600777
4.0,23.0,41.0,29.600777
23.0,4.0,42.0,4.455337
4.0,23.0,42.0,4.455337
23.0,4.0,43.0,17.06469
4.0,23.0,43.0,17.06469
23.0,4.0,44.0,-17.700727
4.0,23.0,44.0,-17.700727
23.0,4.0,45.0,4.519577
4.0,23.0,45.0,4.519577
23.0,4.0,46.0,-36.238243
4.0,23.0,46.0,-36.238243
23.0,4.0,47.0,24.34994
4.0,23.0,47.0,24.34994
23.0,4.0,48.0,31.325487
4.0,23.0,48.0,31.325487
23.0,4.0,49.0,60.79997
4.0,23.0,49.0,60.79997
23.0,4.0,50.0,25.686064
4.0,23.0,50.0,25.686064
23.0,4.0,51.0,85.69462
4.0,23.0,51.0,85.69462
23.0,4.0,52.0,50.30605
4.0,23.0,52.0,50.30605
23.0,4.0,53.0,-55.138054
4.0,23.0,53.0,-55.138054
23.0,4.0,54.0,-183.32957
4.0,23.0,54.0,-183.32957
23.0,4.0,55.0,43.698406
4.0,23.0,55.0,43.698406
23.0,4.0,56.0,13.817844
4.0,23.0,56.0,13.817844
23.0,4.0,57.0,1.7826879
4.0,23.0,57.0,1.7826879
23.0,4.0,58.0,106.63073
4.0,23.0,58.0,106.63073
23.0,4.0,59.0,10.985971
4.0,23.0,59.0,10.985971
23.0,4.0,60.0,25.089886
4.0,23.0,60.0,25.089886
23.0,4.0,61.0,15.502916
4.0,23.0,61.0,15.502916
23.0,4.0,62.0,-32.477474
4.0,23.0,62.0,-32.477474
23.0,4.0,63.0,11.812297
4.0,23.0,63.0,11.812297
23.0,4.0,64.0,5.27988
4.0,23.0,64.0,5.27988
23.0,4.0,65.0,42.247707
4.0,23.0,65.0,42.247707
23.0,4.0,66.0,40.76214
4.0,23.0,66.0,40.76214
23.0,4.0,67.0,-19.099693
4.0,23.0,67.0,-19.099693
23.0,4.0,68.0,3.7176583
4.0,23.0,68.0,3.7176583
23.0,4.0,69.0,9.609967
4.0,23.0,69.0,9.609967
23.0,5.0,38.0,-6.5434303
5.0,23.0,38.0,-6.5434303
23.0,5.0,39.0,1.7100048
5.0,23.0,39.0,1.7100048
23.0,5.0,40.0,-122.771805
5.0,23.0,40.0,-122.771805
23.0,5.0,41.0,-6.1758623
5.0,23.0,41.0,-6.1758623
23.0,5.0,42.0,-4.7949715
5.0,23.0,42.0,-4.7949715
23.0,5.0,43.0,-12.620132
5.0,23.0,43.0,-12.620132
23.0,5.0,44.0,-9.823004
5.0,23.0,44.0,-9.823004
23.0,5.0,45.0,-12.9666195
5.0,23.0,45.0,-12.9666195
23.0,5.0,46.0,-6.20854
5.0,23.0,46.0,-6.20854
23.0,5.0,47.0,-8.402235
5.0,23.0,47.0,-8.402235
23.0,5.0,48.0,16.992987
5.0,23.0,48.0,16.992987
23.0,5.0,49.0,3.0716932
5.0,23.0,49.0,3.0716932
23.0,5.0,50.0,5.43439
5.0,23.0,50.0,5.43439
23.0,5.0,51.0,2.4613588
5.0,23.0,51.0,2.4613588
23.0,5.0,52.0,-7.0669837
5.0,23.0,52.0,-7.0669837
23.0,5.0,53.0,3.4521255
5.0,23.0,53.0,3.4521255
23.0,5.0,54.0,-19.117035
5.0,23.0,54.0,-19.117035
23.0,5.0,55.0,-6.419819
5.0,23.0,55.0,-6.419819
23.0,5.0,56.0,-5.1265025
5.0,23.0,56.0,-5.1265025
23.0,5.0,57.0,-13.031571
5.0,23.0,57.0,-13.031571
23.0,5.0,58.0,-2.327808
5.0,23.0,58.0,-2.327808
23.0,5.0,59.0,-11.885128
5.0,23.0,59.0,-11.885128
23.0,5.0,60.0,4.311859
5.0,23.0,60.0,4.311859
23.0,5.0,61.0,-11.643017
5.0,23.0,61.0,-11.643017
23.0,5.0,62.0,3.0278304
5.0,23.0,62.0,3.0278304
23.0,5.0,63.0,-14.775174
5.0,23.0,63.0,-14.775174
23.0,5.0,64.0,-30.189137
5.0,23.0,64.0,-30.189137
23.0,5.0,65.0,-11.1006365
5.0,23.0,65.0,-11.1006365
23.0,5.0,66.0,-15.55201
5.0,23.0,66.0,-15.55201
23.0,5.0,67.0,-5.678191
5.0,23.0,67.0,-5.678191
23.0,5.0,68.0,13.78149
5.0,23.0,68.0,13.78149
23.0,5.0,69.0,-7.2894454
5.0,23.0,69.0,-7.2894454
23.0,6.0,38.0,1.9880474
6.0,23.0,38.0,1.9880474
23.0,6.0,39.0,19.617207
6.0,23.0,39.0,19.617207
23.0,6.0,40.0,34.508236
6.0,23.0,40.0,34.508236
23.0,6.0,41.0,9.907466
6.0,23.0,41.0,9.907466
23.0,6.0,42.0,10.398247
6.0,23.0,42.0,10.398247
23.0,6.0,43.0,0.47050613
6.0,23.0,43.0,0.47050613
23.0,6.0,44.0,18.113766
6.0,23.0,44.0,18.113766
23.0,6.0,45.0,35.17563
6.0,23.0,45.0,35.17563
23.0,6.0,46.0,31.446222
6.0,23.0,46.0,31.446222
23.0,6.0,47.0,28.789392
6.0,23.0,47.0,28.789392
23.0,6.0,48.0,16.855993
6.0,23.0,48.0,16.855993
23.0,6.0,49.0,42.426014
6.0,23.0,49.0,42.426014
23.0,6.0,50.0,30.443869
6.0,23.0,50.0,30.443869
23.0,6.0,51.0,24.387175
6.0,23.0,51.0,24.387175
23.0,6.0,52.0,17.795269
6.0,23.0,52.0,17.795269
23.0,6.0,53.0,47.474304
6.0,23.0,53.0,47.474304
23.0,6.0,54.0,-164.26685
6.0,23.0,54.0,-164.26685
23.0,6.0,55.0,27.184843
6.0,23.0,55.0,27.184843
23.0,6.0,56.0,7.711985
6.0,23.0,56.0,7.711985
23.0,6.0,57.0,10.835866
6.0,23.0,57.0,10.835866
23.0,6.0,58.0,40.765736
6.0,23.0,58.0,40.765736
23.0,6.0,59.0,-14.749069
6.0,23.0,59.0,-14.749069
23.0,6.0,60.0,26.044447
6.0,23.0,60.0,26.044447
23.0,6.0,61.0,-0.9330229
6.0,23.0,61.0,-0.9330229
23.0,6.0,62.0,19.968895
6.0,23.0,62.0,19.968895
23.0,6.0,63.0,23.310596
6.0,23.0,63.0,23.310596
23.0,6.0,64.0,20.971615
6.0,23.0,64.0,20.971615
23.0,6.0,65.0,13.5792
6.0,23.0,65.0,13.5792
23.0,6.0,66.0,57.513584
6.0,23.0,66.0,57.513584
23.0,6.0,67.0,-9.409443
6.0,23.0,67.0,-9.409443
23.0,6.0,68.0,41.718956
6.0,23.0,68.0,41.718956
23.0,6.0,69.0,41.853504
6.0,23.0,69.0,41.853504
23.0,7.0,38.0,31.061567
7.0,23.0,38.0,31.061567
23.0,7.0,39.0,14.788333
7.0,23.0,39.0,14.788333
23.0,7.0,40.0,1.2453632
7.0,23.0,40.0,1.2453632
23.0,7.0,41.0,5.4890523
7.0,23.0,41.0,5.4890523
23.0,7.0,42.0,4.872071
7.0,23.0,42.0,4.872071
23.0,7.0,43.0,-2.717548
7.0,23.0,43.0,-2.717548
23.0,7.0,44.0,-0.95577985
7.0,23.0,44.0,-0.95577985
23.0,7.0,45.0,-0.58875775
7.0,23.0,45.0,-0.58875775
23.0,7.0,46.0,13.827549
7.0,23.0,46.0,13.827549
23.0,7.0,47.0,5.9571257
7.0,23.0,47.0,5.9571257
23.0,7.0,48.0,47.35424
7.0,23.0,48.0,47.35424
23.0,7.0,49.0,-10.675032
7.0,23.0,49.0,-10.675032
23.0,7.0,50.0,23.956242
7.0,23.0,50.0,23.956242
23.0,7.0,51.0,-19.476475
7.0,23.0,51.0,-19.476475
23.0,7.0,52.0,17.245617
7.0,23.0,52.0,17.245617
23.0,7.0,53.0,-0.4381114
7.0,23.0,53.0,-0.4381114
23.0,7.0,54.0,-14.08747
7.0,23.0,54.0,-14.08747
23.0,7.0,55.0,8.518964
7.0,23.0,55.0,8.518964
23.0,7.0,56.0,6.0745597
7.0,23.0,56.0,6.0745597
23.0,7.0,57.0,3.3221037
7.0,23.0,57.0,3.3221037
23.0,7.0,58.0,39.02833
7.0,23.0,58.0,39.02833
23.0,7.0,59.0,-15.721881
7.0,23.0,59.0,-15.721881
23.0,7.0,60.0,-0.09006277
7.0,23.0,60.0,-0.09006277
23.0,7.0,61.0,-2.2640748
7.0,23.0,61.0,-2.2640748
23.0,7.0,62.0,32.846653
7.0,23.0,62.0,32.846653
23.0,7.0,63.0,-1.0661536
7.0,23.0,63.0,-1.0661536
23.0,7.0,64.0,9.726338
7.0,23.0,64.0,9.726338
23.0,7.0,65.0,10.056532
7.0,23.0,65.0,10.056532
23.0,7.0,66.0,17.127972
7.0,23.0,66.0,17.127972
23.0,7.0,67.0,27.245459
7.0,23.0,67.0,27.245459
23.0,7.0,68.0,1.7152442
7.0,23.0,68.0,1.7152442
23.0,7.0,69.0,7.260033
7.0,23.0,69.0,7.260033
23.0,9.0,38.0,-0.8609224
9.0,23.0,38.0,-0.8609224
23.0,9.0,39.0,27.290884
9.0,23.0,39.0,27.290884
23.0,9.0,40.0,13.690237
9.0,23.0,40.0,13.690237
23.0,9.0,41.0,-14.407147
9.0,23.0,41.0,-14.407147
23.0,9.0,42.0,21.35734
9.0,23.0,42.0,21.35734
23.0,9.0,43.0,-1.4787474
9.0,23.0,43.0,-1.4787474
23.0,9.0,44.0,-5.6795735
9.0,23.0,44.0,-5.6795735
23.0,9.0,45.0,27.638426
9.0,23.0,45.0,27.638426
23.0,9.0,46.0,12.7503395
9.0,23.0,46.0,12.7503395
23.0,9.0,47.0,15.977817
9.0,23.0,47.0,15.977817
23.0,9.0,48.0,27.812677
9.0,23.0,48.0,27.812677
23.0,9.0,49.0,50.428185
9.0,23.0,49.0,50.428185
23.0,9.0,50.0,20.148525
9.0,23.0,50.0,20.148525
23.0,9.0,51.0,12.368879
9.0,23.0,51.0,12.368879
23.0,9.0,52.0,21.631062
9.0,23.0,52.0,21.631062
23.0,9.0,53.0,31.309477
9.0,23.0,53.0,31.309477
23.0,9.0,54.0,-167.54636
9.0,23.0,54.0,-167.54636
23.0,9.0,55.0,17.889874
9.0,23.0,55.0,17.889874
23.0,9.0,56.0,14.529847
9.0,23.0,56.0,14.529847
23.0,9.0,57.0,-14.602443
9.0,23.0,57.0,-14.602443
23.0,9.0,58.0,26.48596
9.0,23.0,58.0,26.48596
23.0,9.0,59.0,-4.33783
9.0,23.0,59.0,-4.33783
23.0,9.0,60.0,4.090381
9.0,23.0,60.0,4.090381
23.0,9.0,61.0,16.624434
9.0,23.0,61.0,16.624434
23.0,9.0,62.0,5.9468493
9.0,23.0,62.0,5.9468493
23.0,9.0,63.0,17.65399
9.0,23.0,63.0,17.65399
23.0,9.0,64.0,19.13815
9.0,23.0,64.0,19.13815
23.0,9.0,65.0,17.839153
9.0,23.0,65.0,17.839153
23.0,9.0,66.0,43.76187
9.0,23.0,66.0,43.76187
23.0,9.0,67.0,-7.0767465
9.0,23.0,67.0,-7.0767465
23.0,9.0,68.0,7.8090744
9.0,23.0,68.0,7.8090744
23.0,9.0,69.0,18.862099
9.0,23.0,69.0,18.862099
23.0,10.0,38.0,23.841461
10.0,23.0,38.0,23.841461
23.0,10.0,39.0,25.094559
10.0,23.0,39.0,25.094559
23.0,10.0,40.0,40.360058
10.0,23.0,40.0,40.360058
23.0,10.0,41.0,24.892298
10.0,23.0,41.0,24.892298
23.0,10.0,42.0,20.24506
10.0,23.0,42.0,20.24506
23.0,10.0,43.0,-3.2399423
10.0,23.0,43.0,-3.2399423
23.0,10.0,44.0,17.055063
10.0,23.0,44.0,17.055063
23.0,10.0,45.0,41.478218
10.0,23.0,45.0,41.478218
23.0,10.0,46.0,47.84405
10.0,23.0,46.0,47.84405
23.0,10.0,47.0,20.804525
10.0,23.0,47.0,20.804525
23.0,10.0,48.0,28.948284
10.0,23.0,48.0,28.948284
23.0,10.0,49.0,36.553883
10.0,23.0,49.0,36.553883
23.0,10.0,50.0,34.500862
10.0,23.0,50.0,34.500862
23.0,10.0,51.0,46.61377
10.0,23.0,51.0,46.61377
23.0,10.0,52.0,35.020546
10.0,23.0,52.0,35.020546
23.0,10.0,53.0,43.098267
10.0,23.0,53.0,43.098267
23.0,10.0,54.0,-168.93945
10.0,23.0,54.0,-168.93945
23.0,10.0,55.0,10.895104
10.0,23.0,55.0,10.895104
23.0,10.0,56.0,8.482772
10.0,23.0,56.0,8.482772
23.0,10.0,57.0,35.081066
10.0,23.0,57.0,35.081066
23.0,10.0,58.0,8.691975
10.0,23.0,58.0,8.691975
23.0,10.0,59.0,0.58959466
10.0,23.0,59.0,0.58959466
23.0,10.0,60.0,49.943405
10.0,23.0,60.0,49.943405
23.0,10.0,61.0,17.2451
10.0,23.0,61.0,17.2451
23.0,10.0,62.0,33.049545
10.0,23.0,62.0,33.049545
23.0,10.0,63.0,44.458717
10.0,23.0,63.0,44.458717
23.0,10.0,64.0,4.5824924
10.0,23.0,64.0,4.5824924
23.0,10.0,65.0,19.414888
10.0,23.0,65.0,19.414888
23.0,10.0,66.0,41.496338
10.0,23.0,66.0,41.496338
23.0,10.0,67.0,6.3776236
10.0,23.0,67.0,6.3776236
23.0,10.0,68.0,42.952927
10.0,23.0,68.0,42.952927
23.0,10.0,69.0,33.390396
10.0,23.0,69.0,33.390396
23.0,11.0,38.0,-1.376599
11.0,23.0,38.0,-1.376599
23.0,11.0,39.0,8.882028
11.0,23.0,39.0,8.882028
23.0,11.0,40.0,6.2538195
11.0,23.0,40.0,6.2538195
23.0,11.0,41.0,-7.5187078
11.0,23.0,41.0,-7.5187078
23.0,11.0,42.0,11.215836
11.0,23.0,42.0,11.215836
23.0,11.0,43.0,22.752253
11.0,23.0,43.0,22.752253
23.0,11.0,44.0,-1.8981693
11.0,23.0,44.0,-1.8981693
23.0,11.0,45.0,14.468657
11.0,23.0,45.0,14.468657
23.0,11.0,46.0,14.352678
11.0,23.0,46.0,14.352678
23.0,11.0,47.0,9.885607
11.0,23.0,47.0,9.885607
23.0,11.0,48.0,-21.590275
11.0,23.0,48.0,-21.590275
23.0,11.0,49.0,3.2843359
11.0,23.0,49.0,3.2843359
23.0,11.0,50.0,17.947872
11.0,23.0,50.0,17.947872
23.0,11.0,51.0,-0.33174092
11.0,23.0,51.0,-0.33174092
23.0,11.0,52.0,26.22483
11.0,23.0,52.0,26.22483
23.0,11.0,53.0,18.384237
11.0,23.0,53.0,18.384237
23.0,11.0,54.0,-148.88882
11.0,23.0,54.0,-148.88882
23.0,11.0,55.0,24.072252
11.0,23.0,55.0,24.072252
23.0,11.0,56.0,6.675657
11.0,23.0,56.0,6.675657
23.0,11.0,57.0,2.1983562
11.0,23.0,57.0,2.1983562
23.0,11.0,58.0,19.470085
11.0,23.0,58.0,19.470085
23.0,11.0,59.0,-14.018998
11.0,23.0,59.0,-14.018998
23.0,11.0,60.0,9.015143
11.0,23.0,60.0,9.015143
23.0,11.0,61.0,2.1826682
11.0,23.0,61.0,2.1826682
23.0,11.0,62.0,12.742738
11.0,23.0,62.0,12.742738
23.0,11.0,63.0,3.1760855
11.0,23.0,63.0,3.1760855
23.0,11.0,64.0,21.905983
11.0,23.0,64.0,21.905983
23.0,11.0,65.0,6.3955426
11.0,23.0,65.0,6.3955426
23.0,11.0,66.0,10.627754
11.0,23.0,66.0,10.627754
23.0,11.0,67.0,-30.713482
11.0,23.0,67.0,-30.713482
23.0,11.0,68.0,2.0753415
11.0,23.0,68.0,2.0753415
23.0,11.0,69.0,22.095558
11.0,23.0,69.0,22.095558
23.0,12.0,38.0,-0.71542776
12.0,23.0,38.0,-0.71542776
23.0,12.0,39.0,10.198644
12.0,23.0,39.0,10.198644
23.0,12.0,40.0,14.989127
12.0,23.0,40.0,14.989127
23.0,12.0,41.0,-1.464379
12.0,23.0,41.0,-1.464379
23.0,12.0,42.0,-4.2097554
12.0,23.0,42.0,-4.2097554
23.0,12.0,43.0,13.364564
12.0,23.0,43.0,13.364564
23.0,12.0,44.0,9.485137
12.0,23.0,44.0,9.485137
23.0,12.0,45.0,10.740246
12.0,23.0,45.0,10.740246
23.0,12.0,46.0,-2.8871973
12.0,23.0,46.0,-2.8871973
23.0,12.0,47.0,22.044884
12.0,23.0,47.0,22.044884
23.0,12.0,48.0,-12.660256
12.0,23.0,48.0,-12.660256
23.0,12.0,49.0,2.7617948
12.0,23.0,49.0,2.7617948
23.0,12.0,50.0,15.008199
12.0,23.0,50.0,15.008199
23.0,12.0,51.0,27.59056
12.0,23.0,51.0,27.59056
23.0,12.0,52.0,-6.9359546
12.0,23.0,52.0,-6.9359546
23.0,12.0,53.0,-6.8762383
12.0,23.0,53.0,-6.8762383
23.0,12.0,54.0,15.025195
12.0,23.0,54.0,15.025195
23.0,12.0,55.0,-11.511288
12.0,23.0,55.0,-11.511288
23.0,12.0,56.0,-0.7811919
12.0,23.0,56.0,-0.7811919
23.0,12.0,57.0,21.115519
12.0,23.0,57.0,21.115519
23.0,12.0,58.0,-23.761051
12.0,23.0,58.0,-23.761051
23.0,12.0,59.0,-5.715302
12.0,23.0,59.0,-5.715302
23.0,12.0,60.0,29.561659
12.0,23.0,60.0,29.561659
23.0,12.0,61.0,17.689257
12.0,23.0,61.0,17.689257
23.0,12.0,62.0,16.352516
12.0,23.0,62.0,16.352516
23.0,12.0,63.0,-2.9218273
12.0,23.0,63.0,-2.9218273
23.0,12.0,64.0,9.177964
12.0,23.0,64.0,9.177964
23.0,12.0,65.0,20.04486
12.0,23.0,65.0,20.04486
23.0,12.0,66.0,13.248376
12.0,23.0,66.0,13.248376
23.0,12.0,67.0,-6.8956423
12.0,23.0,67.0,-6.8956423
23.0,12.0,68.0,2.2125075
12.0,23.0,68.0,2.2125075
23.0,12.0,69.0,-10.31394
12.0,23.0,69.0,-10.31394
23.0,13.0,38.0,-4.1015615
13.0,23.0,38.0,-4.1015615
23.0,13.0,39.0,22.653923
13.0,23.0,39.0,22.653923
23.0,13.0,40.0,30.7156
13.0,23.0,40.0,30.7156
23.0,13.0,41.0,3.0279317
13.0,23.0,41.0,3.0279317
23.0,13.0,42.0,11.725831
13.0,23.0,42.0,11.725831
23.0,13.0,43.0,44.706886
13.0,23.0,43.0,44.706886
23.0,13.0,44.0,1.1662928
13.0,23.0,44.0,1.1662928
23.0,13.0,45.0,8.399591
13.0,23.0,45.0,8.399591
23.0,13.0,46.0,41.589928
13.0,23.0,46.0,41.589928
23.0,13.0,47.0,18.363838
13.0,23.0,47.0,18.363838
23.0,13.0,48.0,34.45018
13.0,23.0,48.0,34.45018
23.0,13.0,49.0,11.945611
13.0,23.0,49.0,11.945611
23.0,13.0,50.0,32.373898
13.0,23.0,50.0,32.373898
23.0,13.0,51.0,41.5914
13.0,23.0,51.0,41.5914
23.0,13.0,52.0,35.975094
13.0,23.0,52.0,35.975094
23.0,13.0,53.0,15.172897
13.0,23.0,53.0,15.172897
23.0,13.0,54.0,-146.94872
13.0,23.0,54.0,-146.94872
23.0,13.0,55.0,4.9081855
13.0,23.0,55.0,4.9081855
23.0,13.0,56.0,11.314288
13.0,23.0,56.0,11.314288
23.0,13.0,57.0,11.76803
13.0,23.0,57.0,11.76803
23.0,13.0,58.0,8.309509
13.0,23.0,58.0,8.309509
23.0,13.0,59.0,-22.922754
13.0,23.0,59.0,-22.922754
23.0,13.0,60.0,34.523487
13.0,23.0,60.0,34.523487
23.0,13.0,61.0,6.9882436
13.0,23.0,61.0,6.9882436
23.0,13.0,62.0,28.662954
13.0,23.0,62.0,28.662954
23.0,13.0,63.0,12.235235
13.0,23.0,63.0,12.235235
23.0,13.0,64.0,11.53211
13.0,23.0,64.0,11.53211
23.0,13.0,65.0,9.187571
13.0,23.0,65.0,9.187571
23.0,13.0,66.0,33.80011
13.0,23.0,66.0,33.80011
23.0,13.0,67.0,10.682818
13.0,23.0,67.0,10.682818
23.0,13.0,68.0,34.558754
13.0,23.0,68.0,34.558754
23.0,13.0,69.0,30.505903
13.0,23.0,69.0,30.505903
23.0,14.0,38.0,57.679016
14.0,23.0,38.0,57.679016
23.0,14.0,39.0,21.345486
14.0,23.0,39.0,21.345486
23.0,14.0,40.0,-65.080154
14.0,23.0,40.0,-65.080154
23.0,14.0,41.0,0.5485767
14.0,23.0,41.0,0.5485767
23.0,14.0,42.0,11.151334
14.0,23.0,42.0,11.151334
23.0,14.0,43.0,32.104992
14.0,23.0,43.0,32.104992
23.0,14.0,44.0,14.570248
14.0,23.0,44.0,14.570248
23.0,14.0,45.0,1.841455
14.0,23.0,45.0,1.841455
23.0,14.0,46.0,26.87486
14.0,23.0,46.0,26.87486
23.0,14.0,47.0,22.77599
14.0,23.0,47.0,22.77599
23.0,14.0,48.0,10.875957
14.0,23.0,48.0,10.875957
23.0,14.0,49.0,18.18567
14.0,23.0,49.0,18.18567
23.0,14.0,50.0,25.413124
14.0,23.0,50.0,25.413124
23.0,14.0,51.0,5.316451
14.0,23.0,51.0,5.316451
23.0,14.0,52.0,25.1719
14.0,23.0,52.0,25.1719
23.0,14.0,53.0,1.9437649
14.0,23.0,53.0,1.9437649
23.0,14.0,54.0,13.646909
14.0,23.0,54.0,13.646909
23.0,14.0,55.0,19.42049
14.0,23.0,55.0,19.42049
23.0,14.0,56.0,15.626642
14.0,23.0,56.0,15.626642
23.0,14.0,57.0,4.875218
14.0,23.0,57.0,4.875218
23.0,14.0,58.0,78.91707
14.0,23.0,58.0,78.91707
23.0,14.0,59.0,-22.839518
14.0,23.0,59.0,-22.839518
23.0,14.0,60.0,8.755193
14.0,23.0,60.0,8.755193
23.0,14.0,61.0,-4.4004455
14.0,23.0,61.0,-4.4004455
23.0,14.0,62.0,58.93856
14.0,23.0,62.0,58.93856
23.0,14.0,63.0,-14.157593
14.0,23.0,63.0,-14.157593
23.0,14.0,64.0,6.6865993
14.0,23.0,64.0,6.6865993
23.0,14.0,65.0,-12.876306
14.0,23.0,65.0,-12.876306
23.0,14.0,66.0,0.42215338
14.0,23.0,66.0,0.42215338
23.0,14.0,67.0,-29.18931
14.0,23.0,67.0,-29.18931
23.0,14.0,68.0,20.632816
14.0,23.0,68.0,20.632816
23.0,14.0,69.0,54.778122
14.0,23.0,69.0,54.778122
23.0,15.0,38.0,22.173489
15.0,23.0,38.0,22.173489
23.0,15.0,39.0,36.843887
15.0,23.0,39.0,36.843887
23.0,15.0,40.0,15.703831
15.0,23.0,40.0,15.703831
23.0,15.0,41.0,10.506358
15.0,23.0,41.0,10.506358
23.0,15.0,42.0,5.899471
15.0,23.0,42.0,5.899471
23.0,15.0,43.0,20.849203
15.0,23.0,43.0,20.849203
23.0,15.0,44.0,7.535323
15.0,23.0,44.0,7.535323
23.0,15.0,45.0,10.086035
15.0,23.0,45.0,10.086035
23.0,15.0,46.0,39.7483
15.0,23.0,46.0,39.7483
23.0,15.0,47.0,12.270901
15.0,23.0,47.0,12.270901
23.0,15.0,48.0,40.322914
15.0,23.0,48.0,40.322914
23.0,15.0,49.0,30.235409
15.0,23.0,49.0,30.235409
23.0,15.0,50.0,25.977419
15.0,23.0,50.0,25.977419
23.0,15.0,51.0,-20.581516
15.0,23.0,51.0,-20.581516
23.0,15.0,52.0,25.466675
15.0,23.0,52.0,25.466675
23.0,15.0,53.0,27.01841
15.0,23.0,53.0,27.01841
23.0,15.0,54.0,9.039243
15.0,23.0,54.0,9.039243
23.0,15.0,55.0,-5.1176214
15.0,23.0,55.0,-5.1176214
23.0,15.0,56.0,4.806594
15.0,23.0,56.0,4.806594
23.0,15.0,57.0,21.039984
15.0,23.0,57.0,21.039984
23.0,15.0,58.0,28.554876
15.0,23.0,58.0,28.554876
23.0,15.0,59.0,-10.743924
15.0,23.0,59.0,-10.743924
23.0,15.0,60.0,38.360474
15.0,23.0,60.0,38.360474
23.0,15.0,61.0,-6.949425
15.0,23.0,61.0,-6.949425
23.0,15.0,62.0,13.828991
15.0,23.0,62.0,13.828991
23.0,15.0,63.0,1.5793533
15.0,23.0,63.0,1.5793533
23.0,15.0,64.0,12.823336
15.0,23.0,64.0,12.823336
23.0,15.0,65.0,13.896983
15.0,23.0,65.0,13.896983
23.0,15.0,66.0,14.012399
15.0,23.0,66.0,14.012399
23.0,15.0,67.0,33.345947
15.0,23.0,67.0,33.345947
23.0,15.0,68.0,6.263273
15.0,23.0,68.0,6.263273
23.0,15.0,69.0,14.545185
15.0,23.0,69.0,14.545185
23.0,16.0,38.0,-12.155036
16.0,23.0,38.0,-12.155036
23.0,16.0,39.0,3.815109
16.0,23.0,39.0,3.815109
23.0,16.0,40.0,-3.842677
16.0,23.0,40.0,-3.842677
23.0,16.0,41.0,2.184062
16.0,23.0,41.0,2.184062
23.0,16.0,42.0,0.8405795
16.0,23.0,42.0,0.8405795
23.0,16.0,43.0,-16.268415
16.0,23.0,43.0,-16.268415
23.0,16.0,44.0,-7.382917
16.0,23.0,44.0,-7.382917
23.0,16.0,45.0,-0.5385658
16.0,23.0,45.0,-0.5385658
23.0,16.0,46.0,6.063599
16.0,23.0,46.0,6.063599
23.0,16.0,47.0,-5.5006447
16.0,23.0,47.0,-5.5006447
23.0,16.0,48.0,-4.175897
16.0,23.0,48.0,-4.175897
23.0,16.0,49.0,-10.079768
16.0,23.0,49.0,-10.079768
23.0,16.0,50.0,-8.093217
16.0,23.0,50.0,-8.093217
23.0,16.0,51.0,-8.461292
16.0,23.0,51.0,-8.461292
23.0,16.0,52.0,2.791426
16.0,23.0,52.0,2.791426
23.0,16.0,53.0,-0.787833
16.0,23.0,53.0,-0.787833
23.0,16.0,54.0,-116.1654
16.0,23.0,54.0,-116.1654
23.0,16.0,55.0,12.57461
16.0,23.0,55.0,12.57461
23.0,16.0,56.0,-9.103048
16.0,23.0,56.0,-9.103048
23.0,16.0,57.0,-8.086184
16.0,23.0,57.0,-8.086184
23.0,16.0,58.0,-18.43456
16.0,23.0,58.0,-18.43456
23.0,16.0,59.0,-4.562974
16.0,23.0,59.0,-4.562974
23.0,16.0,60.0,-3.538439
16.0,23.0,60.0,-3.538439
23.0,16.0,61.0,-10.849721
16.0,23.0,61.0,-10.849721
23.0,16.0,62.0,7.48548
16.0,23.0,62.0,7.48548
23.0,16.0,63.0,-2.3320928
16.0,23.0,63.0,-2.3320928
23.0,16.0,64.0,-3.4137805
16.0,23.0,64.0,-3.4137805
23.0,16.0,65.0,0.8922385
16.0,23.0,65.0,0.8922385
23.0,16.0,66.0,10.081825
16.0,23.0,66.0,10.081825
23.0,16.0,67.0,-12.427849
16.0,23.0,67.0,-12.427849
23.0,16.0,68.0,-5.1368666
16.0,23.0,68.0,-5.1368666
23.0,16.0,69.0,-19.788036
16.0,23.0,69.0,-19.788036
23.0,17.0,38.0,-6.97217
17.0,23.0,38.0,-6.97217
23.0,17.0,39.0,6.1509457
17.0,23.0,39.0,6.1509457
23.0,17.0,40.0,2.434761
17.0,23.0,40.0,2.434761
23.0,17.0,41.0,9.589783
17.0,23.0,41.0,9.589783
23.0,17.0,42.0,9.440906
17.0,23.0,42.0,9.440906
23.0,17.0,43.0,-4.9599667
17.0,23.0,43.0,-4.9599667
23.0,17.0,44.0,-9.658459
17.0,23.0,44.0,-9.658459
23.0,17.0,45.0,0.2669797
17.0,23.0,45.0,0.2669797
23.0,17.0,46.0,0.18972445
17.0,23.0,46.0,0.18972445
23.0,17.0,47.0,1.3177382
17.0,23.0,47.0,1.3177382
23.0,17.0,48.0,-1.8894873
17.0,23.0,48.0,-1.8894873
23.0,17.0,49.0,4.5697784
17.0,23.0,49.0,4.5697784
23.0,17.0,50.0,1.1020209
17.0,23.0,50.0,1.1020209
23.0,17.0,51.0,-15.120806
17.0,23.0,51.0,-15.120806
23.0,17.0,52.0,16.774635
17.0,23.0,52.0,16.774635
23.0,17.0,53.0,2.4332323
17.0,23.0,53.0,2.4332323
23.0,17.0,54.0,-98.62741
17.0,23.0,54.0,-98.62741
23.0,17.0,55.0,13.716019
17.0,23.0,55.0,13.716019
23.0,17.0,56.0,-4.821746
17.0,23.0,56.0,-4.821746
23.0,17.0,57.0,-2.408437
17.0,23.0,57.0,-2.408437
23.0,17.0,58.0,-1.583835
17.0,23.0,58.0,-1.583835
23.0,17.0,59.0,-13.585615
17.0,23.0,59.0,-13.585615
23.0,17.0,60.0,-3.7890697
17.0,23.0,60.0,-3.7890697
23.0,17.0,61.0,-13.3244705
17.0,23.0,61.0,-13.3244705
23.0,17.0,62.0,4.845466
17.0,23.0,62.0,4.845466
23.0,17.0,63.0,-10.193424
17.0,23.0,63.0,-10.193424
23.0,17.0,64.0,2.359024
17.0,23.0,64.0,2.359024
23.0,17.0,65.0,7.0895166
17.0,23.0,65.0,7.0895166
23.0,17.0,66.0,-1.4298269
17.0,23.0,66.0,-1.4298269
23.0,17.0,67.0,-26.446245
17.0,23.0,67.0,-26.446245
23.0,17.0,68.0,2.2341673
17.0,23.0,68.0,2.2341673
23.0,17.0,69.0,5.123673
17.0,23.0,69.0,5.123673
23.0,18.0,38.0,13.647725
18.0,23.0,38.0,13.647725
23.0,18.0,39.0,10.209441
18.0,23.0,39.0,10.209441
23.0,18.0,40.0,-87.4802
18.0,23.0,40.0,-87.4802
23.0,18.0,41.0,6.6758842
18.0,23.0,41.0,6.6758842
23.0,18.0,42.0,3.938628
18.0,23.0,42.0,3.938628
23.0,18.0,43.0,-1.6175191
18.0,23.0,43.0,-1.6175191
23.0,18.0,44.0,11.823541
18.0,23.0,44.0,11.823541
23.0,18.0,45.0,-7.177087
18.0,23.0,45.0,-7.177087
23.0,18.0,46.0,-7.9186754
18.0,23.0,46.0,-7.9186754
23.0,18.0,47.0,7.020821
18.0,23.0,47.0,7.020821
23.0,18.0,48.0,12.4319
18.0,23.0,48.0,12.4319
23.0,18.0,49.0,-3.5221248
18.0,23.0,49.0,-3.5221248
23.0,18.0,50.0,7.8738713
18.0,23.0,50.0,7.8738713
23.0,18.0,51.0,-0.20789045
18.0,23.0,51.0,-0.20789045
23.0,18.0,52.0,-10.234551
18.0,23.0,52.0,-10.234551
23.0,18.0,53.0,-5.74099
18.0,23.0,53.0,-5.74099
23.0,18.0,54.0,4.960332
18.0,23.0,54.0,4.960332
23.0,18.0,55.0,-0.53195804
18.0,23.0,55.0,-0.53195804
23.0,18.0,56.0,2.5582728
18.0,23.0,56.0,2.5582728
23.0,18.0,57.0,13.761821
18.0,23.0,57.0,13.761821
23.0,18.0,58.0,0.81337225
18.0,23.0,58.0,0.81337225
23.0,18.0,59.0,-13.059937
18.0,23.0,59.0,-13.059937
23.0,18.0,60.0,-3.1365483
18.0,23.0,60.0,-3.1365483
23.0,18.0,61.0,12.896041
18.0,23.0,61.0,12.896041
23.0,18.0,62.0,21.193106
18.0,23.0,62.0,21.193106
23.0,18.0,63.0,25.009148
18.0,23.0,63.0,25.009148
23.0,18.0,64.0,-5.368345
18.0,23.0,64.0,-5.368345
23.0,18.0,65.0,17.560535
18.0,23.0,65.0,17.560535
23.0,18.0,66.0,-18.679073
18.0,23.0,66.0,-18.679073
23.0,18.0,67.0,-27.828297
18.0,23.0,67.0,-27.828297
23.0,18.0,68.0,12.599348
18.0,23.0,68.0,12.599348
23.0,18.0,69.0,1.7045869
18.0,23.0,69.0,1.7045869
23.0,19.0,38.0,3.4522398
19.0,23.0,38.0,3.4522398
23.0,19.0,39.0,10.01483
19.0,23.0,39.0,10.01483
23.0,19.0,40.0,-71.18505
19.0,23.0,40.0,-71.18505
23.0,19.0,41.0,-18.844357
19.0,23.0,41.0,-18.844357
23.0,19.0,42.0,5.8805385
19.0,23.0,42.0,5.8805385
23.0,19.0,43.0,11.305459
19.0,23.0,43.0,11.305459
23.0,19.0,44.0,11.289211
19.0,23.0,44.0,11.289211
23.0,19.0,45.0,-17.373793
19.0,23.0,45.0,-17.373793
23.0,19.0,46.0,11.896274
19.0,23.0,46.0,11.896274
23.0,19.0,47.0,18.651804
19.0,23.0,47.0,18.651804
23.0,19.0,48.0,28.616194
19.0,23.0,48.0,28.616194
23.0,19.0,49.0,10.275116
19.0,23.0,49.0,10.275116
23.0,19.0,50.0,12.623777
19.0,23.0,50.0,12.623777
23.0,19.0,51.0,56.83463
19.0,23.0,51.0,56.83463
23.0,19.0,52.0,3.5231266
19.0,23.0,52.0,3.5231266
23.0,19.0,53.0,18.808924
19.0,23.0,53.0,18.808924
23.0,19.0,54.0,-2.473733
19.0,23.0,54.0,-2.473733
23.0,19.0,55.0,2.4326425
19.0,23.0,55.0,2.4326425
23.0,19.0,56.0,-5.1106057
19.0,23.0,56.0,-5.1106057
23.0,19.0,57.0,6.873549
19.0,23.0,57.0,6.873549
23.0,19.0,58.0,10.792425
19.0,23.0,58.0,10.792425
23.0,19.0,59.0,-9.679125
19.0,23.0,59.0,-9.679125
23.0,19.0,60.0,6.4407187
19.0,23.0,60.0,6.4407187
23.0,19.0,61.0,7.496752
19.0,23.0,61.0,7.496752
23.0,19.0,62.0,1.7392623
19.0,23.0,62.0,1.7392623
23.0,19.0,63.0,17.935186
19.0,23.0,63.0,17.935186
23.0,19.0,64.0,29.640575
19.0,23.0,64.0,29.640575
23.0,19.0,65.0,0.18213904
19.0,23.0,65.0,0.18213904
23.0,19.0,66.0,21.63323
19.0,23.0,66.0,21.63323
23.0,19.0,67.0,25.242413
19.0,23.0,67.0,25.242413
23.0,19.0,68.0,17.560438
19.0,23.0,68.0,17.560438
23.0,19.0,69.0,17.679937
19.0,23.0,69.0,17.679937
7.0,2.0,38.0,34.573338
2.0,7.0,38.0,34.573338
7.0,2.0,39.0,14.866588
2.0,7.0,39.0,14.866588
7.0,2.0,40.0,20.656008
2.0,7.0,40.0,20.656008
7.0,2.0,41.0,16.822088
2.0,7.0,41.0,16.822088
7.0,2.0,42.0,30.655611
2.0,7.0,42.0,30.655611
7.0,2.0,43.0,-0.044183027
2.0,7.0,43.0,-0.044183027
7.0,2.0,44.0,22.050577
2.0,7.0,44.0,22.050577
7.0,2.0,45.0,35.763798
2.0,7.0,45.0,35.763798
7.0,2.0,46.0,45.481228
2.0,7.0,46.0,45.481228
7.0,2.0,47.0,13.70606
2.0,7.0,47.0,13.70606
7.0,2.0,48.0,107.62224
2.0,7.0,48.0,107.62224
7.0,2.0,49.0,14.327271
2.0,7.0,49.0,14.327271
7.0,2.0,50.0,23.299019
2.0,7.0,50.0,23.299019
7.0,2.0,51.0,10.162995
2.0,7.0,51.0,10.162995
7.0,2.0,52.0,4.9308243
2.0,7.0,52.0,4.9308243
7.0,2.0,53.0,3.2436953
2.0,7.0,53.0,3.2436953
7.0,2.0,54.0,2.7289267
2.0,7.0,54.0,2.7289267
7.0,2.0,55.0,9.402356
2.0,7.0,55.0,9.402356
7.0,2.0,56.0,15.920086
2.0,7.0,56.0,15.920086
7.0,2.0,57.0,16.255835
2.0,7.0,57.0,16.255835
7.0,2.0,58.0,-7.1428924
2.0,7.0,58.0,-7.1428924
7.0,2.0,59.0,26.194868
2.0,7.0,59.0,26.194868
7.0,2.0,60.0,20.10585
2.0,7.0,60.0,20.10585
7.0,2.0,61.0,-3.235888
2.0,7.0,61.0,-3.235888
7.0,2.0,62.0,48.27594
2.0,7.0,62.0,48.27594
7.0,2.0,63.0,45.636803
2.0,7.0,63.0,45.636803
7.0,2.0,64.0,-1.1115873
2.0,7.0,64.0,-1.1115873
7.0,2.0,65.0,1.6962318
2.0,7.0,65.0,1.6962318
7.0,2.0,66.0,15.57535
2.0,7.0,66.0,15.57535
7.0,2.0,67.0,155.38997
2.0,7.0,67.0,155.38997
7.0,2.0,68.0,29.760254
2.0,7.0,68.0,29.760254
7.0,2.0,69.0,28.050661
2.0,7.0,69.0,28.050661
7.0,5.0,38.0,5.967876
5.0,7.0,38.0,5.967876
7.0,5.0,39.0,-17.97817
5.0,7.0,39.0,-17.97817
7.0,5.0,40.0,22.0545
5.0,7.0,40.0,22.0545
7.0,5.0,41.0,3.1829536
5.0,7.0,41.0,3.1829536
7.0,5.0,42.0,10.095924
5.0,7.0,42.0,10.095924
7.0,5.0,43.0,4.8711214
5.0,7.0,43.0,4.8711214
7.0,5.0,44.0,0.41587898
5.0,7.0,44.0,0.41587898
7.0,5.0,45.0,4.6991544
5.0,7.0,45.0,4.6991544
7.0,5.0,46.0,5.0038815
5.0,7.0,46.0,5.0038815
7.0,5.0,47.0,-3.2659714
5.0,7.0,47.0,-3.2659714
7.0,5.0,48.0,33.171787
5.0,7.0,48.0,33.171787
7.0,5.0,49.0,-2.4928238
5.0,7.0,49.0,-2.4928238
7.0,5.0,50.0,15.295315
5.0,7.0,50.0,15.295315
7.0,5.0,51.0,-22.905891
5.0,7.0,51.0,-22.905891
7.0,5.0,52.0,-23.086535
5.0,7.0,52.0,-23.086535
7.0,5.0,53.0,2.2021906
5.0,7.0,53.0,2.2021906
7.0,5.0,54.0,-12.488334
5.0,7.0,54.0,-12.488334
7.0,5.0,55.0,7.0630164
5.0,7.0,55.0,7.0630164
7.0,5.0,56.0,10.512969
5.0,7.0,56.0,10.512969
7.0,5.0,57.0,-9.08998
5.0,7.0,57.0,-9.08998
7.0,5.0,58.0,-25.427824
5.0,7.0,58.0,-25.427824
7.0,5.0,59.0,4.280524
5.0,7.0,59.0,4.280524
7.0,5.0,60.0,9.903582
5.0,7.0,60.0,9.903582
7.0,5.0,61.0,-11.418697
5.0,7.0,61.0,-11.418697
7.0,5.0,62.0,5.9870076
5.0,7.0,62.0,5.9870076
7.0,5.0,63.0,-10.94429
5.0,7.0,63.0,-10.94429
7.0,5.0,64.0,-22.80869
5.0,7.0,64.0,-22.80869
7.0,5.0,65.0,-13.565711
5.0,7.0,65.0,-13.565711
7.0,5.0,66.0,-13.894813
5.0,7.0,66.0,-13.894813
7.0,5.0,67.0,-39.85035
5.0,7.0,67.0,-39.85035
7.0,5.0,68.0,-7.450325
5.0,7.0,68.0,-7.450325
7.0,5.0,69.0,-2.6397145
5.0,7.0,69.0,-2.6397145
7.0,14.0,38.0,51.419636
14.0,7.0,38.0,51.419636
7.0,14.0,39.0,9.215274
14.0,7.0,39.0,9.215274
7.0,14.0,40.0,20.886189
14.0,7.0,40.0,20.886189
7.0,14.0,41.0,23.03758
14.0,7.0,41.0,23.03758
7.0,14.0,42.0,11.531374
14.0,7.0,42.0,11.531374
7.0,14.0,43.0,-3.4353364
14.0,7.0,43.0,-3.4353364
7.0,14.0,44.0,3.9139104
14.0,7.0,44.0,3.9139104
7.0,14.0,45.0,30.280128
14.0,7.0,45.0,30.280128
7.0,14.0,46.0,-198.68741
14.0,7.0,46.0,-198.68741
7.0,14.0,47.0,-3.5565405
14.0,7.0,47.0,-3.5565405
7.0,14.0,48.0,-105.3544
14.0,7.0,48.0,-105.3544
7.0,14.0,49.0,6.9635506
14.0,7.0,49.0,6.9635506
7.0,14.0,50.0,12.0533905
14.0,7.0,50.0,12.0533905
7.0,14.0,51.0,-36.80067
14.0,7.0,51.0,-36.80067
7.0,14.0,52.0,-0.88021654
14.0,7.0,52.0,-0.88021654
7.0,14.0,53.0,-17.727737
14.0,7.0,53.0,-17.727737
7.0,14.0,54.0,-11.016808
14.0,7.0,54.0,-11.016808
7.0,14.0,55.0,17.992208
14.0,7.0,55.0,17.992208
7.0,14.0,56.0,27.517168
14.0,7.0,56.0,27.517168
7.0,14.0,57.0,-6.5873594
14.0,7.0,57.0,-6.5873594
7.0,14.0,58.0,-19.675673
14.0,7.0,58.0,-19.675673
7.0,14.0,59.0,7.997987
14.0,7.0,59.0,7.997987
7.0,14.0,60.0,32.138454
14.0,7.0,60.0,32.138454
7.0,14.0,61.0,-4.9896116
14.0,7.0,61.0,-4.9896116
7.0,14.0,62.0,37.16107
14.0,7.0,62.0,37.16107
7.0,14.0,63.0,-23.431713
14.0,7.0,63.0,-23.431713
7.0,14.0,64.0,-31.752968
14.0,7.0,64.0,-31.752968
7.0,14.0,65.0,-6.888644
14.0,7.0,65.0,-6.888644
7.0,14.0,66.0,-184.79839
14.0,7.0,66.0,-184.79839
7.0,14.0,67.0,-34.982353
14.0,7.0,67.0,-34.982353
7.0,14.0,68.0,5.9266706
14.0,7.0,68.0,5.9266706
7.0,14.0,69.0,17.51223
14.0,7.0,69.0,17.51223
7.0,20.0,38.0,16.340391
20.0,7.0,38.0,16.340391
7.0,20.0,39.0,-4.5742645
20.0,7.0,39.0,-4.5742645
7.0,20.0,40.0,-8.069874
20.0,7.0,40.0,-8.069874
7.0,20.0,41.0,2.374171
20.0,7.0,41.0,2.374171
7.0,20.0,42.0,-2.6830478
20.0,7.0,42.0,-2.6830478
7.0,20.0,43.0,-19.211079
20.0,7.0,43.0,-19.211079
7.0,20.0,44.0,-26.819216
20.0,7.0,44.0,-26.819216
7.0,20.0,45.0,12.352049
20.0,7.0,45.0,12.352049
7.0,20.0,46.0,-10.332521
20.0,7.0,46.0,-10.332521
7.0,20.0,47.0,-4.1678843
20.0,7.0,47.0,-4.1678843
7.0,20.0,48.0,-64.20722
20.0,7.0,48.0,-64.20722
7.0,20.0,49.0,-24.374815
20.0,7.0,49.0,-24.374815
7.0,20.0,50.0,2.0662744
20.0,7.0,50.0,2.0662744
7.0,20.0,51.0,10.817439
20.0,7.0,51.0,10.817439
7.0,20.0,52.0,-15.3530855
20.0,7.0,52.0,-15.3530855
7.0,20.0,53.0,1.667034
20.0,7.0,53.0,1.667034
7.0,20.0,54.0,-15.150076
20.0,7.0,54.0,-15.150076
7.0,20.0,55.0,-0.45577872
20.0,7.0,55.0,-0.45577872
7.0,20.0,56.0,4.458739
20.0,7.0,56.0,4.458739
7.0,20.0,57.0,-11.533516
20.0,7.0,57.0,-11.533516
7.0,20.0,58.0,3.7933793
20.0,7.0,58.0,3.7933793
7.0,20.0,59.0,-40.18358
20.0,7.0,59.0,-40.18358
7.0,20.0,60.0,-0.31456965
20.0,7.0,60.0,-0.31456965
7.0,20.0,61.0,-9.974523
20.0,7.0,61.0,-9.974523
7.0,20.0,62.0,5.6608744
20.0,7.0,62.0,5.6608744
7.0,20.0,63.0,-2.709266
20.0,7.0,63.0,-2.709266
7.0,20.0,64.0,-4.2677884
20.0,7.0,64.0,-4.2677884
7.0,20.0,65.0,-13.6064005
20.0,7.0,65.0,-13.6064005
7.0,20.0,66.0,-5.951313
20.0,7.0,66.0,-5.951313
7.0,20.0,67.0,-37.340668
20.0,7.0,67.0,-37.340668
7.0,20.0,68.0,-24.585772
20.0,7.0,68.0,-24.585772
7.0,20.0,69.0,-3.1459677
20.0,7.0,69.0,-3.1459677
7.0,21.0,38.0,19.018507
21.0,7.0,38.0,19.018507
7.0,21.0,39.0,5.306231
21.0,7.0,39.0,5.306231
7.0,21.0,40.0,22.097069
21.0,7.0,40.0,22.097069
7.0,21.0,41.0,12.321119
21.0,7.0,41.0,12.321119
7.0,21.0,42.0,0.0827459
21.0,7.0,42.0,0.0827459
7.0,21.0,43.0,11.28013
21.0,7.0,43.0,11.28013
7.0,21.0,44.0,-3.7004569
21.0,7.0,44.0,-3.7004569
7.0,21.0,45.0,13.696166
21.0,7.0,45.0,13.696166
7.0,21.0,46.0,5.4243217
21.0,7.0,46.0,5.4243217
7.0,21.0,47.0,-3.8519533
21.0,7.0,47.0,-3.8519533
7.0,21.0,48.0,33.959076
21.0,7.0,48.0,33.959076
7.0,21.0,49.0,-18.130816
21.0,7.0,49.0,-18.130816
7.0,21.0,50.0,9.807675
21.0,7.0,50.0,9.807675
7.0,21.0,51.0,-6.4433136
21.0,7.0,51.0,-6.4433136
7.0,21.0,52.0,5.076055
21.0,7.0,52.0,5.076055
7.0,21.0,53.0,0.99542844
21.0,7.0,53.0,0.99542844
7.0,21.0,54.0,1.7162187
21.0,7.0,54.0,1.7162187
7.0,21.0,55.0,12.637819
21.0,7.0,55.0,12.637819
7.0,21.0,56.0,18.918964
21.0,7.0,56.0,18.918964
7.0,21.0,57.0,-2.638316
21.0,7.0,57.0,-2.638316
7.0,21.0,58.0,68.46339
21.0,7.0,58.0,68.46339
7.0,21.0,59.0,9.277
21.0,7.0,59.0,9.277
7.0,21.0,60.0,11.627791
21.0,7.0,60.0,11.627791
7.0,21.0,61.0,-2.0703466
21.0,7.0,61.0,-2.0703466
7.0,21.0,62.0,38.268448
21.0,7.0,62.0,38.268448
7.0,21.0,63.0,17.634262
21.0,7.0,63.0,17.634262
7.0,21.0,64.0,-12.025021
21.0,7.0,64.0,-12.025021
7.0,21.0,65.0,-1.3706467
21.0,7.0,65.0,-1.3706467
7.0,21.0,66.0,6.252908
21.0,7.0,66.0,6.252908
7.0,21.0,67.0,10.775052
21.0,7.0,67.0,10.775052
7.0,21.0,68.0,-7.3166556
21.0,7.0,68.0,-7.3166556
7.0,21.0,69.0,-0.8263325
21.0,7.0,69.0,-0.8263325
7.0,16.0,38.0,8.806885
16.0,7.0,38.0,8.806885
7.0,16.0,39.0,-8.927535
16.0,7.0,39.0,-8.927535
7.0,16.0,40.0,5.2588105
16.0,7.0,40.0,5.2588105
7.0,16.0,41.0,4.666917
16.0,7.0,41.0,4.666917
7.0,16.0,42.0,3.1864455
16.0,7.0,42.0,3.1864455
7.0,16.0,43.0,-4.707885
16.0,7.0,43.0,-4.707885
7.0,16.0,44.0,5.067439
16.0,7.0,44.0,5.067439
7.0,16.0,45.0,2.1969862
16.0,7.0,45.0,2.1969862
7.0,16.0,46.0,-0.5753244
16.0,7.0,46.0,-0.5753244
7.0,16.0,47.0,-4.474907
16.0,7.0,47.0,-4.474907
7.0,16.0,48.0,-6.8923926
16.0,7.0,48.0,-6.8923926
7.0,16.0,49.0,-8.422196
16.0,7.0,49.0,-8.422196
7.0,16.0,50.0,-17.595253
16.0,7.0,50.0,-17.595253
7.0,16.0,51.0,-43.621773
16.0,7.0,51.0,-43.621773
7.0,16.0,52.0,-4.607045
16.0,7.0,52.0,-4.607045
7.0,16.0,53.0,0.85538626
16.0,7.0,53.0,0.85538626
7.0,16.0,54.0,-0.31481394
16.0,7.0,54.0,-0.31481394
7.0,16.0,55.0,4.281511
16.0,7.0,55.0,4.281511
7.0,16.0,56.0,11.164419
16.0,7.0,56.0,11.164419
7.0,16.0,57.0,-5.189856
16.0,7.0,57.0,-5.189856
7.0,16.0,58.0,-32.68314
16.0,7.0,58.0,-32.68314
7.0,16.0,59.0,14.082405
16.0,7.0,59.0,14.082405
7.0,16.0,60.0,-4.6081553
16.0,7.0,60.0,-4.6081553
7.0,16.0,61.0,-11.758963
16.0,7.0,61.0,-11.758963
7.0,16.0,62.0,-1.7938554
16.0,7.0,62.0,-1.7938554
7.0,16.0,63.0,-13.595485
16.0,7.0,63.0,-13.595485
7.0,16.0,64.0,-3.1904
16.0,7.0,64.0,-3.1904
7.0,16.0,65.0,-10.966085
16.0,7.0,65.0,-10.966085
7.0,16.0,66.0,-5.2536244
16.0,7.0,66.0,-5.2536244
7.0,16.0,67.0,9.062147
16.0,7.0,67.0,9.062147
7.0,16.0,68.0,2.9134848
16.0,7.0,68.0,2.9134848
7.0,16.0,69.0,-13.336511
16.0,7.0,69.0,-13.336511
7.0,22.0,38.0,22.386585
22.0,7.0,38.0,22.386585
7.0,22.0,39.0,-1.7001877
22.0,7.0,39.0,-1.7001877
7.0,22.0,40.0,-16.392023
22.0,7.0,40.0,-16.392023
7.0,22.0,41.0,21.651865
22.0,7.0,41.0,21.651865
7.0,22.0,42.0,6.911471
22.0,7.0,42.0,6.911471
7.0,22.0,43.0,-16.566254
22.0,7.0,43.0,-16.566254
7.0,22.0,44.0,9.202873
22.0,7.0,44.0,9.202873
7.0,22.0,45.0,-1.1888913
22.0,7.0,45.0,-1.1888913
7.0,22.0,46.0,-1.1705889
22.0,7.0,46.0,-1.1705889
7.0,22.0,47.0,-2.1965065
22.0,7.0,47.0,-2.1965065
7.0,22.0,48.0,-5.369615
22.0,7.0,48.0,-5.369615
7.0,22.0,49.0,-5.569632
22.0,7.0,49.0,-5.569632
7.0,22.0,50.0,-1.4848161
22.0,7.0,50.0,-1.4848161
7.0,22.0,51.0,-14.637257
22.0,7.0,51.0,-14.637257
7.0,22.0,52.0,-15.301654
22.0,7.0,52.0,-15.301654
7.0,22.0,53.0,-6.216654
22.0,7.0,53.0,-6.216654
7.0,22.0,54.0,-17.97647
22.0,7.0,54.0,-17.97647
7.0,22.0,55.0,12.717652
22.0,7.0,55.0,12.717652
7.0,22.0,56.0,1.3415476
22.0,7.0,56.0,1.3415476
7.0,22.0,57.0,-8.43774
22.0,7.0,57.0,-8.43774
7.0,22.0,58.0,18.447926
22.0,7.0,58.0,18.447926
7.0,22.0,59.0,-11.224198
22.0,7.0,59.0,-11.224198
7.0,22.0,60.0,-10.707152
22.0,7.0,60.0,-10.707152
7.0,22.0,61.0,-2.583781
22.0,7.0,61.0,-2.583781
7.0,22.0,62.0,48.384018
22.0,7.0,62.0,48.384018
7.0,22.0,63.0,-15.972794
22.0,7.0,63.0,-15.972794
7.0,22.0,64.0,-2.276913
22.0,7.0,64.0,-2.276913
7.0,22.0,65.0,18.55049
22.0,7.0,65.0,18.55049
7.0,22.0,66.0,13.63947
22.0,7.0,66.0,13.63947
7.0,22.0,67.0,7.9207654
22.0,7.0,67.0,7.9207654
7.0,22.0,68.0,-9.436398
22.0,7.0,68.0,-9.436398
7.0,22.0,69.0,2.9614134
22.0,7.0,69.0,2.9614134
24.0,0.0,38.0,-0.5367336
0.0,24.0,38.0,-0.5367336
24.0,0.0,39.0,-1.1584324
0.0,24.0,39.0,-1.1584324
24.0,0.0,40.0,-20.518732
0.0,24.0,40.0,-20.518732
24.0,0.0,41.0,1.8767546
0.0,24.0,41.0,1.8767546
24.0,0.0,42.0,0.2816028
0.0,24.0,42.0,0.2816028
24.0,0.0,43.0,8.888184
0.0,24.0,43.0,8.888184
24.0,0.0,44.0,-0.56415373
0.0,24.0,44.0,-0.56415373
24.0,0.0,45.0,-4.8908057
0.0,24.0,45.0,-4.8908057
24.0,0.0,46.0,-1.4612399
0.0,24.0,46.0,-1.4612399
24.0,0.0,47.0,1.2762908
0.0,24.0,47.0,1.2762908
24.0,0.0,48.0,1.6303277
0.0,24.0,48.0,1.6303277
24.0,0.0,49.0,-2.3760726
0.0,24.0,49.0,-2.3760726
24.0,0.0,50.0,2.9630804
0.0,24.0,50.0,2.9630804
24.0,0.0,51.0,1.4140565
0.0,24.0,51.0,1.4140565
24.0,0.0,52.0,-6.4258785
0.0,24.0,52.0,-6.4258785
24.0,0.0,53.0,6.3009124
0.0,24.0,53.0,6.3009124
24.0,0.0,54.0,-9.807277
0.0,24.0,54.0,-9.807277
24.0,0.0,55.0,-2.9853508
0.0,24.0,55.0,-2.9853508
24.0,0.0,56.0,4.2134748
0.0,24.0,56.0,4.2134748
24.0,0.0,57.0,0.5834259
0.0,24.0,57.0,0.5834259
24.0,0.0,58.0,-7.5124526
0.0,24.0,58.0,-7.5124526
24.0,0.0,59.0,-1.5198072
0.0,24.0,59.0,-1.5198072
24.0,0.0,60.0,-10.137469
0.0,24.0,60.0,-10.137469
24.0,0.0,61.0,-12.18812
0.0,24.0,61.0,-12.18812
24.0,0.0,62.0,-7.458067
0.0,24.0,62.0,-7.458067
24.0,0.0,63.0,-16.39025
0.0,24.0,63.0,-16.39025
24.0,0.0,64.0,0.9756389
0.0,24.0,64.0,0.9756389
24.0,0.0,65.0,-1.423346
0.0,24.0,65.0,-1.423346
24.0,0.0,66.0,-2.332059
0.0,24.0,66.0,-2.332059
24.0,0.0,67.0,-2.733624
0.0,24.0,67.0,-2.733624
24.0,0.0,68.0,-0.16387835
0.0,24.0,68.0,-0.16387835
24.0,0.0,69.0,4.811907
0.0,24.0,69.0,4.811907
24.0,1.0,38.0,22.527514
1.0,24.0,38.0,22.527514
24.0,1.0,38.0,9.37916
1.0,24.0,38.0,9.37916
24.0,1.0,39.0,8.225632
1.0,24.0,39.0,8.225632
24.0,1.0,40.0,-5.8086147
1.0,24.0,40.0,-5.8086147
24.0,1.0,40.0,18.097483
1.0,24.0,40.0,18.097483
24.0,1.0,41.0,2.002118
1.0,24.0,41.0,2.002118
24.0,1.0,41.0,6.059733
1.0,24.0,41.0,6.059733
24.0,1.0,42.0,5.3168273
1.0,24.0,42.0,5.3168273
24.0,1.0,42.0,22.465261
1.0,24.0,42.0,22.465261
24.0,1.0,43.0,13.073479
1.0,24.0,43.0,13.073479
24.0,1.0,43.0,-1.8260689
1.0,24.0,43.0,-1.8260689
24.0,1.0,44.0,6.550075
1.0,24.0,44.0,6.550075
24.0,1.0,44.0,13.063536
1.0,24.0,44.0,13.063536
24.0,1.0,45.0,2.9791105
1.0,24.0,45.0,2.9791105
24.0,1.0,45.0,15.7600355
1.0,24.0,45.0,15.7600355
24.0,1.0,46.0,16.064543
1.0,24.0,46.0,16.064543
24.0,1.0,47.0,20.304821
1.0,24.0,47.0,20.304821
24.0,1.0,47.0,12.357746
1.0,24.0,47.0,12.357746
24.0,1.0,48.0,-40.59068
1.0,24.0,48.0,-40.59068
24.0,1.0,49.0,4.400048
1.0,24.0,49.0,4.400048
24.0,1.0,49.0,-2.9715464
1.0,24.0,49.0,-2.9715464
24.0,1.0,50.0,21.318094
1.0,24.0,50.0,21.318094
24.0,1.0,51.0,6.6684804
1.0,24.0,51.0,6.6684804
24.0,1.0,52.0,17.662722
1.0,24.0,52.0,17.662722
24.0,1.0,52.0,18.027098
1.0,24.0,52.0,18.027098
24.0,1.0,53.0,6.5992227
1.0,24.0,53.0,6.5992227
24.0,1.0,53.0,-1.6834828
1.0,24.0,53.0,-1.6834828
24.0,1.0,54.0,-1.8578167
1.0,24.0,54.0,-1.8578167
24.0,1.0,54.0,6.735204
1.0,24.0,54.0,6.735204
24.0,1.0,55.0,15.700604
1.0,24.0,55.0,15.700604
24.0,1.0,56.0,13.776046
1.0,24.0,56.0,13.776046
24.0,1.0,57.0,-1.6869134
1.0,24.0,57.0,-1.6869134
24.0,1.0,58.0,19.12741
1.0,24.0,58.0,19.12741
24.0,1.0,59.0,14.339011
1.0,24.0,59.0,14.339011
24.0,1.0,59.0,-29.103395
1.0,24.0,59.0,-29.103395
24.0,1.0,60.0,-9.753427
1.0,24.0,60.0,-9.753427
24.0,1.0,61.0,-2.255981
1.0,24.0,61.0,-2.255981
24.0,1.0,62.0,6.861326
1.0,24.0,62.0,6.861326
24.0,1.0,63.0,-14.681508
1.0,24.0,63.0,-14.681508
24.0,1.0,64.0,15.613211
1.0,24.0,64.0,15.613211
24.0,1.0,65.0,17.434769
1.0,24.0,65.0,17.434769
24.0,1.0,65.0,26.0007
1.0,24.0,65.0,26.0007
24.0,1.0,66.0,24.60905
1.0,24.0,66.0,24.60905
24.0,1.0,67.0,17.644703
1.0,24.0,67.0,17.644703
24.0,1.0,68.0,24.892689
1.0,24.0,68.0,24.892689
24.0,1.0,69.0,17.150415
1.0,24.0,69.0,17.150415
24.0,2.0,38.0,13.230969
2.0,24.0,38.0,13.230969
24.0,2.0,39.0,-0.9924451
2.0,24.0,39.0,-0.9924451
24.0,2.0,40.0,-4.5109386
2.0,24.0,40.0,-4.5109386
24.0,2.0,41.0,16.81718
2.0,24.0,41.0,16.81718
24.0,2.0,42.0,13.144671
2.0,24.0,42.0,13.144671
24.0,2.0,43.0,4.944742
2.0,24.0,43.0,4.944742
24.0,2.0,44.0,13.810265
2.0,24.0,44.0,13.810265
24.0,2.0,45.0,-8.430381
2.0,24.0,45.0,-8.430381
24.0,2.0,46.0,24.095127
2.0,24.0,46.0,24.095127
24.0,2.0,47.0,14.151227
2.0,24.0,47.0,14.151227
24.0,2.0,48.0,48.961422
2.0,24.0,48.0,48.961422
24.0,2.0,49.0,0.1410336
2.0,24.0,49.0,0.1410336
24.0,2.0,50.0,22.071342
2.0,24.0,50.0,22.071342
24.0,2.0,51.0,8.022543
2.0,24.0,51.0,8.022543
24.0,2.0,52.0,11.44585
2.0,24.0,52.0,11.44585
24.0,2.0,53.0,6.0938134
2.0,24.0,53.0,6.0938134
24.0,2.0,54.0,-12.84995
2.0,24.0,54.0,-12.84995
24.0,2.0,55.0,6.106465
2.0,24.0,55.0,6.106465
24.0,2.0,56.0,-0.091115765
2.0,24.0,56.0,-0.091115765
24.0,2.0,57.0,-3.0487063
2.0,24.0,57.0,-3.0487063
24.0,2.0,58.0,-4.350884
2.0,24.0,58.0,-4.350884
24.0,2.0,59.0,9.690727
2.0,24.0,59.0,9.690727
24.0,2.0,60.0,0.08008063
2.0,24.0,60.0,0.08008063
24.0,2.0,61.0,-2.3008637
2.0,24.0,61.0,-2.3008637
24.0,2.0,62.0,11.3162
2.0,24.0,62.0,11.3162
24.0,2.0,63.0,-20.12882
2.0,24.0,63.0,-20.12882
24.0,2.0,64.0,3.471394
2.0,24.0,64.0,3.471394
24.0,2.0,65.0,4.92
2.0,24.0,65.0,4.92
24.0,2.0,66.0,21.078156
2.0,24.0,66.0,21.078156
24.0,2.0,67.0,46.294994
2.0,24.0,67.0,46.294994
24.0,2.0,68.0,8.555741
2.0,24.0,68.0,8.555741
24.0,2.0,69.0,17.947344
2.0,24.0,69.0,17.947344
24.0,3.0,38.0,-3.1185355
3.0,24.0,38.0,-3.1185355
24.0,3.0,39.0,-6.0569077
3.0,24.0,39.0,-6.0569077
24.0,3.0,40.0,-13.751875
3.0,24.0,40.0,-13.751875
24.0,3.0,41.0,-4.3452764
3.0,24.0,41.0,-4.3452764
24.0,3.0,42.0,-11.131845
3.0,24.0,42.0,-11.131845
24.0,3.0,43.0,-9.793079
3.0,24.0,43.0,-9.793079
24.0,3.0,44.0,-6.3215766
3.0,24.0,44.0,-6.3215766
24.0,3.0,45.0,-9.596534
3.0,24.0,45.0,-9.596534
24.0,3.0,46.0,8.5208845
3.0,24.0,46.0,8.5208845
24.0,3.0,47.0,-8.617803
3.0,24.0,47.0,-8.617803
24.0,3.0,48.0,-12.971574
3.0,24.0,48.0,-12.971574
24.0,3.0,49.0,-3.696604
3.0,24.0,49.0,-3.696604
24.0,3.0,50.0,1.2400545
3.0,24.0,50.0,1.2400545
24.0,3.0,51.0,1.557139
3.0,24.0,51.0,1.557139
24.0,3.0,52.0,-22.119453
3.0,24.0,52.0,-22.119453
24.0,3.0,53.0,-12.226278
3.0,24.0,53.0,-12.226278
24.0,3.0,54.0,-12.890496
3.0,24.0,54.0,-12.890496
24.0,3.0,55.0,-17.787888
3.0,24.0,55.0,-17.787888
24.0,3.0,56.0,-3.653369
3.0,24.0,56.0,-3.653369
24.0,3.0,57.0,-4.7987485
3.0,24.0,57.0,-4.7987485
24.0,3.0,58.0,-2.4413333
3.0,24.0,58.0,-2.4413333
24.0,3.0,59.0,-12.992924
3.0,24.0,59.0,-12.992924
24.0,3.0,60.0,-13.647874
3.0,24.0,60.0,-13.647874
24.0,3.0,61.0,-3.6569679
3.0,24.0,61.0,-3.6569679
24.0,3.0,62.0,0.10854072
3.0,24.0,62.0,0.10854072
24.0,3.0,63.0,-15.695061
3.0,24.0,63.0,-15.695061
24.0,3.0,64.0,-15.065905
3.0,24.0,64.0,-15.065905
24.0,3.0,65.0,-0.42780524
3.0,24.0,65.0,-0.42780524
24.0,3.0,66.0,17.218952
3.0,24.0,66.0,17.218952
24.0,3.0,67.0,-12.465612
3.0,24.0,67.0,-12.465612
24.0,3.0,68.0,-10.836259
3.0,24.0,68.0,-10.836259
24.0,3.0,69.0,-4.349808
3.0,24.0,69.0,-4.349808
24.0,4.0,38.0,9.753311
4.0,24.0,38.0,9.753311
24.0,4.0,39.0,18.228971
4.0,24.0,39.0,18.228971
24.0,4.0,40.0,-16.435497
4.0,24.0,40.0,-16.435497
24.0,4.0,41.0,24.839903
4.0,24.0,41.0,24.839903
24.0,4.0,42.0,15.929307
4.0,24.0,42.0,15.929307
24.0,4.0,43.0,21.668299
4.0,24.0,43.0,21.668299
24.0,4.0,44.0,22.161531
4.0,24.0,44.0,22.161531
24.0,4.0,45.0,8.711327
4.0,24.0,45.0,8.711327
24.0,4.0,46.0,-12.108485
4.0,24.0,46.0,-12.108485
24.0,4.0,47.0,20.417307
4.0,24.0,47.0,20.417307
24.0,4.0,48.0,4.7826614
4.0,24.0,48.0,4.7826614
24.0,4.0,49.0,19.232244
4.0,24.0,49.0,19.232244
24.0,4.0,50.0,22.146439
4.0,24.0,50.0,22.146439
24.0,4.0,51.0,7.255846
4.0,24.0,51.0,7.255846
24.0,4.0,52.0,18.33272
4.0,24.0,52.0,18.33272
24.0,4.0,53.0,7.648344
4.0,24.0,53.0,7.648344
24.0,4.0,54.0,-3.987011
4.0,24.0,54.0,-3.987011
24.0,4.0,55.0,30.403189
4.0,24.0,55.0,30.403189
24.0,4.0,56.0,20.247921
4.0,24.0,56.0,20.247921
24.0,4.0,57.0,11.761406
4.0,24.0,57.0,11.761406
24.0,4.0,58.0,19.809587
4.0,24.0,58.0,19.809587
24.0,4.0,59.0,14.211624
4.0,24.0,59.0,14.211624
24.0,4.0,60.0,3.0346332
4.0,24.0,60.0,3.0346332
24.0,4.0,61.0,2.3252811
4.0,24.0,61.0,2.3252811
24.0,4.0,62.0,2.3798885
4.0,24.0,62.0,2.3798885
24.0,4.0,63.0,-25.331118
4.0,24.0,63.0,-25.331118
24.0,4.0,64.0,1.2740593
4.0,24.0,64.0,1.2740593
24.0,4.0,65.0,26.070923
4.0,24.0,65.0,26.070923
24.0,4.0,66.0,32.831425
4.0,24.0,66.0,32.831425
24.0,4.0,67.0,4.964453
4.0,24.0,67.0,4.964453
24.0,4.0,68.0,16.897444
4.0,24.0,68.0,16.897444
24.0,4.0,69.0,17.554806
4.0,24.0,69.0,17.554806
24.0,5.0,38.0,-1.9476445
5.0,24.0,38.0,-1.9476445
24.0,5.0,39.0,-3.7419615
5.0,24.0,39.0,-3.7419615
24.0,5.0,40.0,-11.247243
5.0,24.0,40.0,-11.247243
24.0,5.0,41.0,-10.189966
5.0,24.0,41.0,-10.189966
24.0,5.0,42.0,2.1122801
5.0,24.0,42.0,2.1122801
24.0,5.0,43.0,-6.415036
5.0,24.0,43.0,-6.415036
24.0,5.0,44.0,-2.1097574
5.0,24.0,44.0,-2.1097574
24.0,5.0,45.0,-19.962265
5.0,24.0,45.0,-19.962265
24.0,5.0,46.0,-2.7572925
5.0,24.0,46.0,-2.7572925
24.0,5.0,47.0,-8.596119
5.0,24.0,47.0,-8.596119
24.0,5.0,48.0,-5.8822513
5.0,24.0,48.0,-5.8822513
24.0,5.0,49.0,-8.387551
5.0,24.0,49.0,-8.387551
24.0,5.0,50.0,-3.2483947
5.0,24.0,50.0,-3.2483947
24.0,5.0,51.0,-7.8159256
5.0,24.0,51.0,-7.8159256
24.0,5.0,52.0,-19.96303
5.0,24.0,52.0,-19.96303
24.0,5.0,53.0,-3.4004116
5.0,24.0,53.0,-3.4004116
24.0,5.0,54.0,-15.366217
5.0,24.0,54.0,-15.366217
24.0,5.0,55.0,-8.766475
5.0,24.0,55.0,-8.766475
24.0,5.0,56.0,-6.4430833
5.0,24.0,56.0,-6.4430833
24.0,5.0,57.0,-6.1543713
5.0,24.0,57.0,-6.1543713
24.0,5.0,58.0,-27.94727
5.0,24.0,58.0,-27.94727
24.0,5.0,59.0,-5.652326
5.0,24.0,59.0,-5.652326
24.0,5.0,60.0,-13.246668
5.0,24.0,60.0,-13.246668
24.0,5.0,61.0,-6.9867716
5.0,24.0,61.0,-6.9867716
24.0,5.0,62.0,-6.60772
5.0,24.0,62.0,-6.60772
24.0,5.0,63.0,-20.498377
5.0,24.0,63.0,-20.498377
24.0,5.0,64.0,-17.847813
5.0,24.0,64.0,-17.847813
24.0,5.0,65.0,-6.651497
5.0,24.0,65.0,-6.651497
24.0,5.0,66.0,-3.4293041
5.0,24.0,66.0,-3.4293041
24.0,5.0,67.0,-9.76032
5.0,24.0,67.0,-9.76032
24.0,5.0,68.0,-3.4224277
5.0,24.0,68.0,-3.4224277
24.0,5.0,69.0,-1.0584084
5.0,24.0,69.0,-1.0584084
24.0,6.0,38.0,4.286517
6.0,24.0,38.0,4.286517
24.0,6.0,39.0,1.3836584
6.0,24.0,39.0,1.3836584
24.0,6.0,40.0,-25.174429
6.0,24.0,40.0,-25.174429
24.0,6.0,41.0,6.665375
6.0,24.0,41.0,6.665375
24.0,6.0,42.0,4.979067
6.0,24.0,42.0,4.979067
24.0,6.0,43.0,5.7232566
6.0,24.0,43.0,5.7232566
24.0,6.0,44.0,4.3995867
6.0,24.0,44.0,4.3995867
24.0,6.0,45.0,-3.2823956
6.0,24.0,45.0,-3.2823956
24.0,6.0,46.0,3.5993857
6.0,24.0,46.0,3.5993857
24.0,6.0,47.0,12.074114
6.0,24.0,47.0,12.074114
24.0,6.0,48.0,0.7859444
6.0,24.0,48.0,0.7859444
24.0,6.0,49.0,10.291698
6.0,24.0,49.0,10.291698
24.0,6.0,50.0,11.1838665
6.0,24.0,50.0,11.1838665
24.0,6.0,51.0,-11.872095
6.0,24.0,51.0,-11.872095
24.0,6.0,52.0,-7.3209057
6.0,24.0,52.0,-7.3209057
24.0,6.0,53.0,19.745419
6.0,24.0,53.0,19.745419
24.0,6.0,54.0,-7.201436
6.0,24.0,54.0,-7.201436
24.0,6.0,55.0,5.958439
6.0,24.0,55.0,5.958439
24.0,6.0,56.0,9.6022625
6.0,24.0,56.0,9.6022625
24.0,6.0,57.0,6.207761
6.0,24.0,57.0,6.207761
24.0,6.0,58.0,-5.132867
6.0,24.0,58.0,-5.132867
24.0,6.0,59.0,-1.3839335
6.0,24.0,59.0,-1.3839335
24.0,6.0,60.0,-9.280482
6.0,24.0,60.0,-9.280482
24.0,6.0,61.0,-9.935913
6.0,24.0,61.0,-9.935913
24.0,6.0,62.0,8.441769
6.0,24.0,62.0,8.441769
24.0,6.0,63.0,-20.839346
6.0,24.0,63.0,-20.839346
24.0,6.0,64.0,-10.029217
6.0,24.0,64.0,-10.029217
24.0,6.0,65.0,1.6014267
6.0,24.0,65.0,1.6014267
24.0,6.0,66.0,30.398998
6.0,24.0,66.0,30.398998
24.0,6.0,67.0,-7.53909
6.0,24.0,67.0,-7.53909
24.0,6.0,68.0,11.48926
6.0,24.0,68.0,11.48926
24.0,6.0,69.0,15.203289
6.0,24.0,69.0,15.203289
24.0,7.0,38.0,8.998418
7.0,24.0,38.0,8.998418
24.0,7.0,39.0,-7.3573346
7.0,24.0,39.0,-7.3573346
24.0,7.0,40.0,-22.402393
7.0,24.0,40.0,-22.402393
24.0,7.0,41.0,7.4709854
7.0,24.0,41.0,7.4709854
24.0,7.0,42.0,11.2619505
7.0,24.0,42.0,11.2619505
24.0,7.0,43.0,-8.605659
7.0,24.0,43.0,-8.605659
24.0,7.0,44.0,11.413705
7.0,24.0,44.0,11.413705
24.0,7.0,45.0,-25.46803
7.0,24.0,45.0,-25.46803
24.0,7.0,46.0,6.2310624
7.0,24.0,46.0,6.2310624
24.0,7.0,47.0,-6.3804984
7.0,24.0,47.0,-6.3804984
24.0,7.0,48.0,-4.2670836
7.0,24.0,48.0,-4.2670836
24.0,7.0,49.0,-3.3353608
7.0,24.0,49.0,-3.3353608
24.0,7.0,50.0,2.593793
7.0,24.0,50.0,2.593793
24.0,7.0,51.0,-19.531057
7.0,24.0,51.0,-19.531057
24.0,7.0,52.0,-9.208909
7.0,24.0,52.0,-9.208909
24.0,7.0,53.0,-8.966982
7.0,24.0,53.0,-8.966982
24.0,7.0,54.0,-24.635214
7.0,24.0,54.0,-24.635214
24.0,7.0,55.0,-7.918928
7.0,24.0,55.0,-7.918928
24.0,7.0,56.0,8.197379
7.0,24.0,56.0,8.197379
24.0,7.0,57.0,-1.2397137
7.0,24.0,57.0,-1.2397137
24.0,7.0,58.0,-20.378515
7.0,24.0,58.0,-20.378515
24.0,7.0,59.0,-0.20320027
7.0,24.0,59.0,-0.20320027
24.0,7.0,60.0,-21.75968
7.0,24.0,60.0,-21.75968
24.0,7.0,61.0,-2.6658223
7.0,24.0,61.0,-2.6658223
24.0,7.0,62.0,19.211435
7.0,24.0,62.0,19.211435
24.0,7.0,63.0,-28.474178
7.0,24.0,63.0,-28.474178
24.0,7.0,64.0,-17.12933
7.0,24.0,64.0,-17.12933
24.0,7.0,65.0,-6.746327
7.0,24.0,65.0,-6.746327
24.0,7.0,66.0,19.370136
7.0,24.0,66.0,19.370136
24.0,7.0,67.0,-20.387568
7.0,24.0,67.0,-20.387568
24.0,7.0,68.0,-8.504512
7.0,24.0,68.0,-8.504512
24.0,7.0,69.0,7.47077
7.0,24.0,69.0,7.47077
24.0,9.0,38.0,-0.10238174
9.0,24.0,38.0,-0.10238174
24.0,9.0,39.0,2.11398
9.0,24.0,39.0,2.11398
24.0,9.0,40.0,-33.990715
9.0,24.0,40.0,-33.990715
24.0,9.0,41.0,-0.5002545
9.0,24.0,41.0,-0.5002545
24.0,9.0,42.0,-2.6954572
9.0,24.0,42.0,-2.6954572
24.0,9.0,43.0,-0.47118747
9.0,24.0,43.0,-0.47118747
24.0,9.0,44.0,-1.4723932
9.0,24.0,44.0,-1.4723932
24.0,9.0,45.0,-8.649058
9.0,24.0,45.0,-8.649058
24.0,9.0,46.0,-4.6028457
9.0,24.0,46.0,-4.6028457
24.0,9.0,47.0,9.885835
9.0,24.0,47.0,9.885835
24.0,9.0,48.0,-6.002482
9.0,24.0,48.0,-6.002482
24.0,9.0,49.0,6.353204
9.0,24.0,49.0,6.353204
24.0,9.0,50.0,5.9096313
9.0,24.0,50.0,5.9096313
24.0,9.0,51.0,-22.645245
9.0,24.0,51.0,-22.645245
24.0,9.0,52.0,-11.353622
9.0,24.0,52.0,-11.353622
24.0,9.0,53.0,12.551868
9.0,24.0,53.0,12.551868
24.0,9.0,54.0,-6.5802984
9.0,24.0,54.0,-6.5802984
24.0,9.0,55.0,-5.06037
9.0,24.0,55.0,-5.06037
24.0,9.0,56.0,5.005409
9.0,24.0,56.0,5.005409
24.0,9.0,57.0,5.008852
9.0,24.0,57.0,5.008852
24.0,9.0,58.0,-12.135677
9.0,24.0,58.0,-12.135677
24.0,9.0,59.0,3.6405954
9.0,24.0,59.0,3.6405954
24.0,9.0,60.0,-14.447438
9.0,24.0,60.0,-14.447438
24.0,9.0,61.0,-13.005215
9.0,24.0,61.0,-13.005215
24.0,9.0,62.0,0.27939978
9.0,24.0,62.0,0.27939978
24.0,9.0,63.0,-26.92909
9.0,24.0,63.0,-26.92909
24.0,9.0,64.0,-7.7679563
9.0,24.0,64.0,-7.7679563
24.0,9.0,65.0,-2.7233655
9.0,24.0,65.0,-2.7233655
24.0,9.0,66.0,26.60539
9.0,24.0,66.0,26.60539
24.0,9.0,67.0,-1.1861603
9.0,24.0,67.0,-1.1861603
24.0,9.0,68.0,5.584013
9.0,24.0,68.0,5.584013
24.0,9.0,69.0,9.710092
9.0,24.0,69.0,9.710092
24.0,10.0,38.0,19.246761
10.0,24.0,38.0,19.246761
24.0,10.0,39.0,9.684698
10.0,24.0,39.0,9.684698
24.0,10.0,40.0,-11.455826
10.0,24.0,40.0,-11.455826
24.0,10.0,41.0,13.694858
10.0,24.0,41.0,13.694858
24.0,10.0,42.0,15.571226
10.0,24.0,42.0,15.571226
24.0,10.0,43.0,-5.448376
10.0,24.0,43.0,-5.448376
24.0,10.0,44.0,14.227723
10.0,24.0,44.0,14.227723
24.0,10.0,45.0,0.72845155
10.0,24.0,45.0,0.72845155
24.0,10.0,46.0,26.124464
10.0,24.0,46.0,26.124464
24.0,10.0,47.0,10.5950775
10.0,24.0,47.0,10.5950775
24.0,10.0,48.0,-109.59293
10.0,24.0,48.0,-109.59293
24.0,10.0,49.0,5.47532
10.0,24.0,49.0,5.47532
24.0,10.0,50.0,16.461447
10.0,24.0,50.0,16.461447
24.0,10.0,51.0,1.3977846
10.0,24.0,51.0,1.3977846
24.0,10.0,52.0,-1.4149722
10.0,24.0,52.0,-1.4149722
24.0,10.0,53.0,15.747974
10.0,24.0,53.0,15.747974
24.0,10.0,54.0,-8.183363
10.0,24.0,54.0,-8.183363
24.0,10.0,55.0,9.108119
10.0,24.0,55.0,9.108119
24.0,10.0,56.0,-0.67262626
10.0,24.0,56.0,-0.67262626
24.0,10.0,57.0,11.838492
10.0,24.0,57.0,11.838492
24.0,10.0,58.0,-7.2538843
10.0,24.0,58.0,-7.2538843
24.0,10.0,59.0,11.478982
10.0,24.0,59.0,11.478982
24.0,10.0,60.0,2.6618829
10.0,24.0,60.0,2.6618829
24.0,10.0,61.0,-4.042857
10.0,24.0,61.0,-4.042857
24.0,10.0,62.0,14.364407
10.0,24.0,62.0,14.364407
24.0,10.0,63.0,-13.931569
10.0,24.0,63.0,-13.931569
24.0,10.0,64.0,-0.30932462
10.0,24.0,64.0,-0.30932462
24.0,10.0,65.0,14.424671
10.0,24.0,65.0,14.424671
24.0,10.0,66.0,30.690672
10.0,24.0,66.0,30.690672
24.0,10.0,67.0,17.033442
10.0,24.0,67.0,17.033442
24.0,10.0,68.0,17.504208
10.0,24.0,68.0,17.504208
24.0,10.0,69.0,21.70074
10.0,24.0,69.0,21.70074
24.0,11.0,38.0,-3.7686043
11.0,24.0,38.0,-3.7686043
24.0,11.0,39.0,-1.0020336
11.0,24.0,39.0,-1.0020336
24.0,11.0,40.0,-22.04634
11.0,24.0,40.0,-22.04634
24.0,11.0,41.0,-3.1006067
11.0,24.0,41.0,-3.1006067
24.0,11.0,42.0,0.3200692
11.0,24.0,42.0,0.3200692
24.0,11.0,43.0,13.472096
11.0,24.0,43.0,13.472096
24.0,11.0,44.0,0.2127477
11.0,24.0,44.0,0.2127477
24.0,11.0,45.0,-12.156322
11.0,24.0,45.0,-12.156322
24.0,11.0,46.0,5.3540206
11.0,24.0,46.0,5.3540206
24.0,11.0,47.0,2.3364005
11.0,24.0,47.0,2.3364005
24.0,11.0,48.0,-8.263567
11.0,24.0,48.0,-8.263567
24.0,11.0,49.0,-3.1555483
11.0,24.0,49.0,-3.1555483
24.0,11.0,50.0,3.36144
11.0,24.0,50.0,3.36144
24.0,11.0,51.0,-12.024159
11.0,24.0,51.0,-12.024159
24.0,11.0,52.0,1.974721
11.0,24.0,52.0,1.974721
24.0,11.0,53.0,6.041609
11.0,24.0,53.0,6.041609
24.0,11.0,54.0,-9.858594
11.0,24.0,54.0,-9.858594
24.0,11.0,55.0,1.5522138
11.0,24.0,55.0,1.5522138
24.0,11.0,56.0,-1.793928
11.0,24.0,56.0,-1.793928
24.0,11.0,57.0,3.0906134
11.0,24.0,57.0,3.0906134
24.0,11.0,58.0,-7.7495255
11.0,24.0,58.0,-7.7495255
24.0,11.0,59.0,-5.064122
11.0,24.0,59.0,-5.064122
24.0,11.0,60.0,-16.471874
11.0,24.0,60.0,-16.471874
24.0,11.0,61.0,-3.0529387
11.0,24.0,61.0,-3.0529387
24.0,11.0,62.0,4.103089
11.0,24.0,62.0,4.103089
24.0,11.0,63.0,-17.46277
11.0,24.0,63.0,-17.46277
24.0,11.0,64.0,6.3226137
11.0,24.0,64.0,6.3226137
24.0,11.0,65.0,-1.4785748
11.0,24.0,65.0,-1.4785748
24.0,11.0,66.0,1.1594912
11.0,24.0,66.0,1.1594912
24.0,11.0,67.0,-9.732036
11.0,24.0,67.0,-9.732036
24.0,11.0,68.0,9.140687
11.0,24.0,68.0,9.140687
24.0,11.0,69.0,9.327426
11.0,24.0,69.0,9.327426
24.0,12.0,38.0,6.5846944
12.0,24.0,38.0,6.5846944
24.0,12.0,39.0,-0.75040394
12.0,24.0,39.0,-0.75040394
24.0,12.0,40.0,-12.073753
12.0,24.0,40.0,-12.073753
24.0,12.0,41.0,-3.2228262
12.0,24.0,41.0,-3.2228262
24.0,12.0,42.0,3.5678654
12.0,24.0,42.0,3.5678654
24.0,12.0,43.0,-1.4771602
12.0,24.0,43.0,-1.4771602
24.0,12.0,44.0,9.263076
12.0,24.0,44.0,9.263076
24.0,12.0,45.0,1.1648189
12.0,24.0,45.0,1.1648189
24.0,12.0,46.0,3.9438477
12.0,24.0,46.0,3.9438477
24.0,12.0,47.0,10.868633
12.0,24.0,47.0,10.868633
24.0,12.0,48.0,-61.50342
12.0,24.0,48.0,-61.50342
24.0,12.0,49.0,-2.2203488
12.0,24.0,49.0,-2.2203488
24.0,12.0,50.0,7.6099687
12.0,24.0,50.0,7.6099687
24.0,12.0,51.0,0.36154372
12.0,24.0,51.0,0.36154372
24.0,12.0,52.0,-4.0708327
12.0,24.0,52.0,-4.0708327
24.0,12.0,53.0,-7.5433083
12.0,24.0,53.0,-7.5433083
24.0,12.0,54.0,-6.328734
12.0,24.0,54.0,-6.328734
24.0,12.0,55.0,0.6213693
12.0,24.0,55.0,0.6213693
24.0,12.0,56.0,-6.26815
12.0,24.0,56.0,-6.26815
24.0,12.0,57.0,5.8278275
12.0,24.0,57.0,5.8278275
24.0,12.0,58.0,5.166805
12.0,24.0,58.0,5.166805
24.0,12.0,59.0,-8.872833
12.0,24.0,59.0,-8.872833
24.0,12.0,60.0,-1.6322237
12.0,24.0,60.0,-1.6322237
24.0,12.0,61.0,-1.0369534
12.0,24.0,61.0,-1.0369534
24.0,12.0,62.0,8.902631
12.0,24.0,62.0,8.902631
24.0,12.0,63.0,-14.937276
12.0,24.0,63.0,-14.937276
24.0,12.0,64.0,7.054917
12.0,24.0,64.0,7.054917
24.0,12.0,65.0,7.016761
12.0,24.0,65.0,7.016761
24.0,12.0,66.0,6.1473403
12.0,24.0,66.0,6.1473403
24.0,12.0,67.0,1.6780457
12.0,24.0,67.0,1.6780457
24.0,12.0,68.0,-0.5469994
12.0,24.0,68.0,-0.5469994
24.0,12.0,69.0,3.5848796
12.0,24.0,69.0,3.5848796
24.0,13.0,38.0,16.247852
13.0,24.0,38.0,16.247852
24.0,13.0,39.0,7.477158
13.0,24.0,39.0,7.477158
24.0,13.0,40.0,-9.16992
13.0,24.0,40.0,-9.16992
24.0,13.0,41.0,8.356568
13.0,24.0,41.0,8.356568
24.0,13.0,42.0,10.094565
13.0,24.0,42.0,10.094565
24.0,13.0,43.0,18.420536
13.0,24.0,43.0,18.420536
24.0,13.0,44.0,15.937334
13.0,24.0,44.0,15.937334
24.0,13.0,45.0,-3.7288961
13.0,24.0,45.0,-3.7288961
24.0,13.0,46.0,22.88168
13.0,24.0,46.0,22.88168
24.0,13.0,47.0,9.77276
13.0,24.0,47.0,9.77276
24.0,13.0,48.0,-72.784546
13.0,24.0,48.0,-72.784546
24.0,13.0,49.0,5.0672607
13.0,24.0,49.0,5.0672607
24.0,13.0,50.0,21.079897
13.0,24.0,50.0,21.079897
24.0,13.0,51.0,5.9882355
13.0,24.0,51.0,5.9882355
24.0,13.0,52.0,9.12286
13.0,24.0,52.0,9.12286
24.0,13.0,53.0,10.745147
13.0,24.0,53.0,10.745147
24.0,13.0,54.0,-12.59156
13.0,24.0,54.0,-12.59156
24.0,13.0,55.0,9.573365
13.0,24.0,55.0,9.573365
24.0,13.0,56.0,0.040258177
13.0,24.0,56.0,0.040258177
24.0,13.0,57.0,-4.0431485
13.0,24.0,57.0,-4.0431485
24.0,13.0,58.0,-2.9552248
13.0,24.0,58.0,-2.9552248
24.0,13.0,59.0,2.0519035
13.0,24.0,59.0,2.0519035
24.0,13.0,60.0,7.6070585
13.0,24.0,60.0,7.6070585
24.0,13.0,61.0,1.2805324
13.0,24.0,61.0,1.2805324
24.0,13.0,62.0,16.36952
13.0,24.0,62.0,16.36952
24.0,13.0,63.0,-19.352665
13.0,24.0,63.0,-19.352665
24.0,13.0,64.0,24.812408
13.0,24.0,64.0,24.812408
24.0,13.0,65.0,8.36705
13.0,24.0,65.0,8.36705
24.0,13.0,66.0,11.344619
13.0,24.0,66.0,11.344619
24.0,13.0,67.0,9.664879
13.0,24.0,67.0,9.664879
24.0,13.0,68.0,25.1342
13.0,24.0,68.0,25.1342
24.0,13.0,69.0,11.682659
13.0,24.0,69.0,11.682659
24.0,14.0,38.0,61.69914
14.0,24.0,38.0,61.69914
24.0,14.0,38.0,93.22194
14.0,24.0,38.0,93.22194
24.0,14.0,39.0,20.587685
14.0,24.0,39.0,20.587685
24.0,14.0,40.0,-3.444199
14.0,24.0,40.0,-3.444199
24.0,14.0,40.0,50.84727
14.0,24.0,40.0,50.84727
24.0,14.0,41.0,30.469172
14.0,24.0,41.0,30.469172
24.0,14.0,41.0,65.24467
14.0,24.0,41.0,65.24467
24.0,14.0,42.0,20.292398
14.0,24.0,42.0,20.292398
24.0,14.0,42.0,44.818737
14.0,24.0,42.0,44.818737
24.0,14.0,43.0,33.634865
14.0,24.0,43.0,33.634865
24.0,14.0,43.0,31.252064
14.0,24.0,43.0,31.252064
24.0,14.0,44.0,2.9985769
14.0,24.0,44.0,2.9985769
24.0,14.0,44.0,-6.028013
14.0,24.0,44.0,-6.028013
24.0,14.0,45.0,12.328175
14.0,24.0,45.0,12.328175
24.0,14.0,45.0,49.100563
14.0,24.0,45.0,49.100563
24.0,14.0,46.0,49.19594
14.0,24.0,46.0,49.19594
24.0,14.0,47.0,62.705982
14.0,24.0,47.0,62.705982
24.0,14.0,47.0,86.431145
14.0,24.0,47.0,86.431145
24.0,14.0,48.0,33.93724
14.0,24.0,48.0,33.93724
24.0,14.0,49.0,10.334566
14.0,24.0,49.0,10.334566
24.0,14.0,49.0,25.407642
14.0,24.0,49.0,25.407642
24.0,14.0,50.0,29.176208
14.0,24.0,50.0,29.176208
24.0,14.0,51.0,3.7489517
14.0,24.0,51.0,3.7489517
24.0,14.0,52.0,46.33918
14.0,24.0,52.0,46.33918
24.0,14.0,52.0,67.44391
14.0,24.0,52.0,67.44391
24.0,14.0,53.0,4.552051
14.0,24.0,53.0,4.552051
24.0,14.0,53.0,32.150646
14.0,24.0,53.0,32.150646
24.0,14.0,54.0,-1.5038823
14.0,24.0,54.0,-1.5038823
24.0,14.0,54.0,18.858936
14.0,24.0,54.0,18.858936
24.0,14.0,55.0,38.50278
14.0,24.0,55.0,38.50278
24.0,14.0,56.0,26.356426
14.0,24.0,56.0,26.356426
24.0,14.0,57.0,3.3516078
14.0,24.0,57.0,3.3516078
24.0,14.0,58.0,30.60043
14.0,24.0,58.0,30.60043
24.0,14.0,59.0,33.798477
14.0,24.0,59.0,33.798477
24.0,14.0,59.0,51.36617
14.0,24.0,59.0,51.36617
24.0,14.0,60.0,-4.11471
14.0,24.0,60.0,-4.11471
24.0,14.0,61.0,-0.8428112
14.0,24.0,61.0,-0.8428112
24.0,14.0,62.0,28.454552
14.0,24.0,62.0,28.454552
24.0,14.0,63.0,-19.356848
14.0,24.0,63.0,-19.356848
24.0,14.0,64.0,39.914356
14.0,24.0,64.0,39.914356
24.0,14.0,65.0,53.866024
14.0,24.0,65.0,53.866024
24.0,14.0,65.0,78.33961
14.0,24.0,65.0,78.33961
24.0,14.0,66.0,35.904858
14.0,24.0,66.0,35.904858
24.0,14.0,67.0,20.99779
14.0,24.0,67.0,20.99779
24.0,14.0,68.0,48.007122
14.0,24.0,68.0,48.007122
24.0,14.0,69.0,46.030792
14.0,24.0,69.0,46.030792
24.0,15.0,38.0,8.201511
15.0,24.0,38.0,8.201511
24.0,15.0,39.0,10.61553
15.0,24.0,39.0,10.61553
24.0,15.0,40.0,-16.620602
15.0,24.0,40.0,-16.620602
24.0,15.0,41.0,17.964735
15.0,24.0,41.0,17.964735
24.0,15.0,42.0,16.127487
15.0,24.0,42.0,16.127487
24.0,15.0,43.0,21.283176
15.0,24.0,43.0,21.283176
24.0,15.0,44.0,14.061904
15.0,24.0,44.0,14.061904
24.0,15.0,45.0,-2.9446046
15.0,24.0,45.0,-2.9446046
24.0,15.0,46.0,9.515781
15.0,24.0,46.0,9.515781
24.0,15.0,47.0,1.25333
15.0,24.0,47.0,1.25333
24.0,15.0,48.0,19.00901
15.0,24.0,48.0,19.00901
24.0,15.0,49.0,7.479853
15.0,24.0,49.0,7.479853
24.0,15.0,50.0,17.87141
15.0,24.0,50.0,17.87141
24.0,15.0,51.0,2.6175086
15.0,24.0,51.0,2.6175086
24.0,15.0,52.0,8.4668665
15.0,24.0,52.0,8.4668665
24.0,15.0,53.0,14.166274
15.0,24.0,53.0,14.166274
24.0,15.0,54.0,-4.7269607
15.0,24.0,54.0,-4.7269607
24.0,15.0,55.0,8.998756
15.0,24.0,55.0,8.998756
24.0,15.0,56.0,15.601924
15.0,24.0,56.0,15.601924
24.0,15.0,57.0,26.734571
15.0,24.0,57.0,26.734571
24.0,15.0,58.0,3.0680728
15.0,24.0,58.0,3.0680728
24.0,15.0,59.0,-0.906325
15.0,24.0,59.0,-0.906325
24.0,15.0,60.0,6.7432346
15.0,24.0,60.0,6.7432346
24.0,15.0,61.0,-3.6238546
15.0,24.0,61.0,-3.6238546
24.0,15.0,62.0,5.939806
15.0,24.0,62.0,5.939806
24.0,15.0,63.0,-18.786686
15.0,24.0,63.0,-18.786686
24.0,15.0,64.0,11.487954
15.0,24.0,64.0,11.487954
24.0,15.0,65.0,8.187213
15.0,24.0,65.0,8.187213
24.0,15.0,66.0,18.369015
15.0,24.0,66.0,18.369015
24.0,15.0,67.0,7.122397
15.0,24.0,67.0,7.122397
24.0,15.0,68.0,0.75796616
15.0,24.0,68.0,0.75796616
24.0,15.0,69.0,13.139219
15.0,24.0,69.0,13.139219
24.0,16.0,38.0,-15.014879
16.0,24.0,38.0,-15.014879
24.0,16.0,39.0,-4.1220403
16.0,24.0,39.0,-4.1220403
24.0,16.0,40.0,-9.56947
16.0,24.0,40.0,-9.56947
24.0,16.0,41.0,-2.7283163
16.0,24.0,41.0,-2.7283163
24.0,16.0,42.0,-1.8575431
16.0,24.0,42.0,-1.8575431
24.0,16.0,43.0,-10.150394
16.0,24.0,43.0,-10.150394
24.0,16.0,44.0,-5.783337
16.0,24.0,44.0,-5.783337
24.0,16.0,45.0,-15.568511
16.0,24.0,45.0,-15.568511
24.0,16.0,46.0,-1.6432533
16.0,24.0,46.0,-1.6432533
24.0,16.0,47.0,-6.007662
16.0,24.0,47.0,-6.007662
24.0,16.0,48.0,-8.80293
16.0,24.0,48.0,-8.80293
24.0,16.0,49.0,-10.476917
16.0,24.0,49.0,-10.476917
24.0,16.0,50.0,-5.9136543
16.0,24.0,50.0,-5.9136543
24.0,16.0,51.0,-7.1984844
16.0,24.0,51.0,-7.1984844
24.0,16.0,52.0,-15.27522
16.0,24.0,52.0,-15.27522
24.0,16.0,53.0,-6.312209
16.0,24.0,53.0,-6.312209
24.0,16.0,54.0,-13.326176
16.0,24.0,54.0,-13.326176
24.0,16.0,55.0,-7.9167943
16.0,24.0,55.0,-7.9167943
24.0,16.0,56.0,-8.539046
16.0,24.0,56.0,-8.539046
24.0,16.0,57.0,-4.7173257
16.0,24.0,57.0,-4.7173257
24.0,16.0,58.0,-31.326849
16.0,24.0,58.0,-31.326849
24.0,16.0,59.0,-5.7580185
16.0,24.0,59.0,-5.7580185
24.0,16.0,60.0,-14.62202
16.0,24.0,60.0,-14.62202
24.0,16.0,61.0,-9.0143795
16.0,24.0,61.0,-9.0143795
24.0,16.0,62.0,-5.2919393
16.0,24.0,62.0,-5.2919393
24.0,16.0,63.0,-20.096493
16.0,24.0,63.0,-20.096493
24.0,16.0,64.0,-10.277289
16.0,24.0,64.0,-10.277289
24.0,16.0,65.0,-5.832302
16.0,24.0,65.0,-5.832302
24.0,16.0,66.0,0.27429274
16.0,24.0,66.0,0.27429274
24.0,16.0,67.0,-11.983071
16.0,24.0,67.0,-11.983071
24.0,16.0,68.0,-6.6806006
16.0,24.0,68.0,-6.6806006
24.0,16.0,69.0,-12.98853
16.0,24.0,69.0,-12.98853
24.0,17.0,38.0,-2.4779875
17.0,24.0,38.0,-2.4779875
24.0,17.0,39.0,-0.24956271
17.0,24.0,39.0,-0.24956271
24.0,17.0,40.0,-8.207622
17.0,24.0,40.0,-8.207622
24.0,17.0,41.0,0.7889417
17.0,24.0,41.0,0.7889417
24.0,17.0,42.0,-0.422698
17.0,24.0,42.0,-0.422698
24.0,17.0,43.0,3.9194276
17.0,24.0,43.0,3.9194276
24.0,17.0,44.0,2.8991613
17.0,24.0,44.0,2.8991613
24.0,17.0,45.0,-12.3922205
17.0,24.0,45.0,-12.3922205
24.0,17.0,46.0,1.7369082
17.0,24.0,46.0,1.7369082
24.0,17.0,47.0,0.76857775
17.0,24.0,47.0,0.76857775
24.0,17.0,48.0,-8.498742
17.0,24.0,48.0,-8.498742
24.0,17.0,49.0,-4.2425876
17.0,24.0,49.0,-4.2425876
24.0,17.0,50.0,4.1860423
17.0,24.0,50.0,4.1860423
24.0,17.0,51.0,-8.787126
17.0,24.0,51.0,-8.787126
24.0,17.0,52.0,1.6271522
17.0,24.0,52.0,1.6271522
24.0,17.0,53.0,1.5831506
17.0,24.0,53.0,1.5831506
24.0,17.0,54.0,-8.306714
17.0,24.0,54.0,-8.306714
24.0,17.0,55.0,-7.465749
17.0,24.0,55.0,-7.465749
24.0,17.0,56.0,0.7044339
17.0,24.0,56.0,0.7044339
24.0,17.0,57.0,0.037856124
17.0,24.0,57.0,0.037856124
24.0,17.0,58.0,-8.499852
17.0,24.0,58.0,-8.499852
24.0,17.0,59.0,-3.8703065
17.0,24.0,59.0,-3.8703065
24.0,17.0,60.0,-10.732973
17.0,24.0,60.0,-10.732973
24.0,17.0,61.0,-1.1155424
17.0,24.0,61.0,-1.1155424
24.0,17.0,62.0,9.638251
17.0,24.0,62.0,9.638251
24.0,17.0,63.0,-14.022904
17.0,24.0,63.0,-14.022904
24.0,17.0,64.0,-4.228909
17.0,24.0,64.0,-4.228909
24.0,17.0,65.0,-1.3375348
17.0,24.0,65.0,-1.3375348
24.0,17.0,66.0,1.3548099
17.0,24.0,66.0,1.3548099
24.0,17.0,67.0,-10.597095
17.0,24.0,67.0,-10.597095
24.0,17.0,68.0,5.2682524
17.0,24.0,68.0,5.2682524
24.0,17.0,69.0,-3.7327983
17.0,24.0,69.0,-3.7327983
24.0,18.0,38.0,9.552104
18.0,24.0,38.0,9.552104
24.0,18.0,39.0,0.11019096
18.0,24.0,39.0,0.11019096
24.0,18.0,40.0,-28.106232
18.0,24.0,40.0,-28.106232
24.0,18.0,41.0,4.082238
18.0,24.0,41.0,4.082238
24.0,18.0,42.0,2.0222898
18.0,24.0,42.0,2.0222898
24.0,18.0,43.0,9.131775
18.0,24.0,43.0,9.131775
24.0,18.0,44.0,3.020847
18.0,24.0,44.0,3.020847
24.0,18.0,45.0,-14.068063
18.0,24.0,45.0,-14.068063
24.0,18.0,46.0,-4.0968223
18.0,24.0,46.0,-4.0968223
24.0,18.0,47.0,4.6227903
18.0,24.0,47.0,4.6227903
24.0,18.0,48.0,7.2955375
18.0,24.0,48.0,7.2955375
24.0,18.0,49.0,-0.7630868
18.0,24.0,49.0,-0.7630868
24.0,18.0,50.0,6.821467
18.0,24.0,50.0,6.821467
24.0,18.0,51.0,-1.8922253
18.0,24.0,51.0,-1.8922253
24.0,18.0,52.0,-0.33291575
18.0,24.0,52.0,-0.33291575
24.0,18.0,53.0,3.6036959
18.0,24.0,53.0,3.6036959
24.0,18.0,54.0,-9.582933
18.0,24.0,54.0,-9.582933
24.0,18.0,55.0,4.0348577
18.0,24.0,55.0,4.0348577
24.0,18.0,56.0,12.151169
18.0,24.0,56.0,12.151169
24.0,18.0,57.0,6.6892796
18.0,24.0,57.0,6.6892796
24.0,18.0,58.0,-12.452577
18.0,24.0,58.0,-12.452577
24.0,18.0,59.0,1.1380785
18.0,24.0,59.0,1.1380785
24.0,18.0,60.0,-10.979959
18.0,24.0,60.0,-10.979959
24.0,18.0,61.0,-11.117186
18.0,24.0,61.0,-11.117186
24.0,18.0,62.0,-4.169325
18.0,24.0,62.0,-4.169325
24.0,18.0,63.0,-20.632603
18.0,24.0,63.0,-20.632603
24.0,18.0,64.0,-0.57727605
18.0,24.0,64.0,-0.57727605
24.0,18.0,65.0,4.3904963
18.0,24.0,65.0,4.3904963
24.0,18.0,66.0,-6.30804
18.0,24.0,66.0,-6.30804
24.0,18.0,67.0,4.7243347
18.0,24.0,67.0,4.7243347
24.0,18.0,68.0,11.906297
18.0,24.0,68.0,11.906297
24.0,18.0,69.0,6.6434393
18.0,24.0,69.0,6.6434393
8.0,0.0,38.0,6.1419773
0.0,8.0,38.0,6.1419773
8.0,0.0,39.0,10.30143
0.0,8.0,39.0,10.30143
8.0,0.0,40.0,8.937276
0.0,8.0,40.0,8.937276
8.0,0.0,41.0,13.130362
0.0,8.0,41.0,13.130362
8.0,0.0,42.0,1.7480497
0.0,8.0,42.0,1.7480497
8.0,0.0,43.0,4.1437683
0.0,8.0,43.0,4.1437683
8.0,0.0,44.0,-6.633144
0.0,8.0,44.0,-6.633144
8.0,0.0,45.0,0.23292857
0.0,8.0,45.0,0.23292857
8.0,0.0,46.0,-5.051855
0.0,8.0,46.0,-5.051855
8.0,0.0,47.0,6.22427
0.0,8.0,47.0,6.22427
8.0,0.0,48.0,13.7111025
0.0,8.0,48.0,13.7111025
8.0,0.0,49.0,1.0531918
0.0,8.0,49.0,1.0531918
8.0,0.0,50.0,4.102493
0.0,8.0,50.0,4.102493
8.0,0.0,51.0,-1.8959748
0.0,8.0,51.0,-1.8959748
8.0,0.0,52.0,0.026691275
0.0,8.0,52.0,0.026691275
8.0,0.0,53.0,10.567556
0.0,8.0,53.0,10.567556
8.0,0.0,54.0,3.4910975
0.0,8.0,54.0,3.4910975
8.0,0.0,55.0,0.26889175
0.0,8.0,55.0,0.26889175
8.0,0.0,56.0,5.697254
0.0,8.0,56.0,5.697254
8.0,0.0,57.0,14.974786
0.0,8.0,57.0,14.974786
8.0,0.0,58.0,-4.000462
0.0,8.0,58.0,-4.000462
8.0,0.0,59.0,2.2839415
0.0,8.0,59.0,2.2839415
8.0,0.0,60.0,3.2497592
0.0,8.0,60.0,3.2497592
8.0,0.0,61.0,-3.6840513
0.0,8.0,61.0,-3.6840513
8.0,0.0,62.0,7.895871
0.0,8.0,62.0,7.895871
8.0,0.0,63.0,-1.0667832
0.0,8.0,63.0,-1.0667832
8.0,0.0,64.0,4.8493094
0.0,8.0,64.0,4.8493094
8.0,0.0,65.0,-3.519163
0.0,8.0,65.0,-3.519163
8.0,0.0,66.0,1.6472752
0.0,8.0,66.0,1.6472752
8.0,0.0,67.0,-17.306509
0.0,8.0,67.0,-17.306509
8.0,0.0,68.0,11.330851
0.0,8.0,68.0,11.330851
8.0,0.0,69.0,10.065493
0.0,8.0,69.0,10.065493
8.0,1.0,38.0,22.095917
1.0,8.0,38.0,22.095917
8.0,1.0,38.0,-10.010958
1.0,8.0,38.0,-10.010958
8.0,1.0,39.0,17.096033
1.0,8.0,39.0,17.096033
8.0,1.0,40.0,16.009008
1.0,8.0,40.0,16.009008
8.0,1.0,40.0,10.479825
1.0,8.0,40.0,10.479825
8.0,1.0,41.0,8.056933
1.0,8.0,41.0,8.056933
8.0,1.0,41.0,-16.976284
1.0,8.0,41.0,-16.976284
8.0,1.0,42.0,11.561887
1.0,8.0,42.0,11.561887
8.0,1.0,42.0,12.846191
1.0,8.0,42.0,12.846191
8.0,1.0,43.0,22.497377
1.0,8.0,43.0,22.497377
8.0,1.0,43.0,-11.535487
1.0,8.0,43.0,-11.535487
8.0,1.0,44.0,9.169169
1.0,8.0,44.0,9.169169
8.0,1.0,44.0,9.486134
1.0,8.0,44.0,9.486134
8.0,1.0,45.0,14.911925
1.0,8.0,45.0,14.911925
8.0,1.0,45.0,15.658649
1.0,8.0,45.0,15.658649
8.0,1.0,46.0,15.283475
1.0,8.0,46.0,15.283475
8.0,1.0,47.0,18.707396
1.0,8.0,47.0,18.707396
8.0,1.0,47.0,0.06257084
1.0,8.0,47.0,0.06257084
8.0,1.0,48.0,8.562991
1.0,8.0,48.0,8.562991
8.0,1.0,49.0,12.445891
1.0,8.0,49.0,12.445891
8.0,1.0,49.0,-6.305212
1.0,8.0,49.0,-6.305212
8.0,1.0,50.0,13.134809
1.0,8.0,50.0,13.134809
8.0,1.0,51.0,5.630715
1.0,8.0,51.0,5.630715
8.0,1.0,52.0,11.493405
1.0,8.0,52.0,11.493405
8.0,1.0,52.0,-12.470941
1.0,8.0,52.0,-12.470941
8.0,1.0,53.0,4.9441433
1.0,8.0,53.0,4.9441433
8.0,1.0,53.0,-5.0216246
1.0,8.0,53.0,-5.0216246
8.0,1.0,54.0,5.355936
1.0,8.0,54.0,5.355936
8.0,1.0,54.0,8.075811
1.0,8.0,54.0,8.075811
8.0,1.0,55.0,15.617513
1.0,8.0,55.0,15.617513
8.0,1.0,56.0,16.348288
1.0,8.0,56.0,16.348288
8.0,1.0,57.0,5.1610126
1.0,8.0,57.0,5.1610126
8.0,1.0,58.0,6.516498
1.0,8.0,58.0,6.516498
8.0,1.0,59.0,21.338297
1.0,8.0,59.0,21.338297
8.0,1.0,59.0,-23.877485
1.0,8.0,59.0,-23.877485
8.0,1.0,60.0,8.544055
1.0,8.0,60.0,8.544055
8.0,1.0,61.0,13.305149
1.0,8.0,61.0,13.305149
8.0,1.0,62.0,5.8088303
1.0,8.0,62.0,5.8088303
8.0,1.0,63.0,11.562179
1.0,8.0,63.0,11.562179
8.0,1.0,64.0,19.479284
1.0,8.0,64.0,19.479284
8.0,1.0,65.0,10.0099325
1.0,8.0,65.0,10.0099325
8.0,1.0,65.0,2.853244
1.0,8.0,65.0,2.853244
8.0,1.0,66.0,7.2761955
1.0,8.0,66.0,7.2761955
8.0,1.0,67.0,-7.370102
1.0,8.0,67.0,-7.370102
8.0,1.0,68.0,16.981749
1.0,8.0,68.0,16.981749
8.0,1.0,69.0,7.66884
1.0,8.0,69.0,7.66884
8.0,2.0,38.0,33.03466
2.0,8.0,38.0,33.03466
8.0,2.0,39.0,17.316126
2.0,8.0,39.0,17.316126
8.0,2.0,40.0,49.116776
2.0,8.0,40.0,49.116776
8.0,2.0,41.0,34.300846
2.0,8.0,41.0,34.300846
8.0,2.0,42.0,32.16481
2.0,8.0,42.0,32.16481
8.0,2.0,43.0,28.505808
2.0,8.0,43.0,28.505808
8.0,2.0,44.0,25.428871
2.0,8.0,44.0,25.428871
8.0,2.0,45.0,31.5144
2.0,8.0,45.0,31.5144
8.0,2.0,46.0,35.970684
2.0,8.0,46.0,35.970684
8.0,2.0,47.0,43.25883
2.0,8.0,47.0,43.25883
8.0,2.0,48.0,73.090126
2.0,8.0,48.0,73.090126
8.0,2.0,49.0,23.249506
2.0,8.0,49.0,23.249506
8.0,2.0,50.0,30.498426
2.0,8.0,50.0,30.498426
8.0,2.0,51.0,25.049828
2.0,8.0,51.0,25.049828
8.0,2.0,52.0,35.86062
2.0,8.0,52.0,35.86062
8.0,2.0,53.0,34.398586
2.0,8.0,53.0,34.398586
8.0,2.0,54.0,16.846544
2.0,8.0,54.0,16.846544
8.0,2.0,55.0,32.733242
2.0,8.0,55.0,32.733242
8.0,2.0,56.0,28.51699
2.0,8.0,56.0,28.51699
8.0,2.0,57.0,31.176971
2.0,8.0,57.0,31.176971
8.0,2.0,58.0,11.814497
2.0,8.0,58.0,11.814497
8.0,2.0,59.0,36.415928
2.0,8.0,59.0,36.415928
8.0,2.0,60.0,39.137367
2.0,8.0,60.0,39.137367
8.0,2.0,61.0,16.795008
2.0,8.0,61.0,16.795008
8.0,2.0,62.0,29.386515
2.0,8.0,62.0,29.386515
8.0,2.0,63.0,31.133825
2.0,8.0,63.0,31.133825
8.0,2.0,64.0,20.793959
2.0,8.0,64.0,20.793959
8.0,2.0,65.0,29.769644
2.0,8.0,65.0,29.769644
8.0,2.0,66.0,28.354506
2.0,8.0,66.0,28.354506
8.0,2.0,67.0,100.71688
2.0,8.0,67.0,100.71688
8.0,2.0,68.0,29.139915
2.0,8.0,68.0,29.139915
8.0,2.0,69.0,36.204056
2.0,8.0,69.0,36.204056
8.0,3.0,38.0,6.1744304
3.0,8.0,38.0,6.1744304
8.0,3.0,39.0,-8.253868
3.0,8.0,39.0,-8.253868
8.0,3.0,40.0,13.161033
3.0,8.0,40.0,13.161033
8.0,3.0,41.0,5.0199437
3.0,8.0,41.0,5.0199437
8.0,3.0,42.0,-17.397913
3.0,8.0,42.0,-17.397913
8.0,3.0,43.0,-4.390515
3.0,8.0,43.0,-4.390515
8.0,3.0,44.0,-8.119466
3.0,8.0,44.0,-8.119466
8.0,3.0,45.0,-3.9865997
3.0,8.0,45.0,-3.9865997
8.0,3.0,46.0,-9.582783
3.0,8.0,46.0,-9.582783
8.0,3.0,47.0,-9.474012
3.0,8.0,47.0,-9.474012
8.0,3.0,48.0,-9.209168
3.0,8.0,48.0,-9.209168
8.0,3.0,49.0,6.896125
3.0,8.0,49.0,6.896125
8.0,3.0,50.0,-8.072416
3.0,8.0,50.0,-8.072416
8.0,3.0,51.0,19.18122
3.0,8.0,51.0,19.18122
8.0,3.0,52.0,-15.045943
3.0,8.0,52.0,-15.045943
8.0,3.0,53.0,-10.989463
3.0,8.0,53.0,-10.989463
8.0,3.0,54.0,-3.7971432
3.0,8.0,54.0,-3.7971432
8.0,3.0,55.0,-17.425133
3.0,8.0,55.0,-17.425133
8.0,3.0,56.0,-2.0715508
3.0,8.0,56.0,-2.0715508
8.0,3.0,57.0,3.0134826
3.0,8.0,57.0,3.0134826
8.0,3.0,58.0,-25.812506
3.0,8.0,58.0,-25.812506
8.0,3.0,59.0,-8.500739
3.0,8.0,59.0,-8.500739
8.0,3.0,60.0,12.487653
3.0,8.0,60.0,12.487653
8.0,3.0,61.0,-6.784123
3.0,8.0,61.0,-6.784123
8.0,3.0,62.0,-3.756661
3.0,8.0,62.0,-3.756661
8.0,3.0,63.0,-13.399406
3.0,8.0,63.0,-13.399406
8.0,3.0,64.0,-8.054565
3.0,8.0,64.0,-8.054565
8.0,3.0,65.0,-2.3664079
3.0,8.0,65.0,-2.3664079
8.0,3.0,66.0,-2.1727483
3.0,8.0,66.0,-2.1727483
8.0,3.0,67.0,-18.885998
3.0,8.0,67.0,-18.885998
8.0,3.0,68.0,-13.140789
3.0,8.0,68.0,-13.140789
8.0,3.0,69.0,-6.3170247
3.0,8.0,69.0,-6.3170247
8.0,4.0,38.0,38.946815
4.0,8.0,38.0,38.946815
8.0,4.0,39.0,57.536026
4.0,8.0,39.0,57.536026
8.0,4.0,40.0,44.02755
4.0,8.0,40.0,44.02755
8.0,4.0,41.0,46.502934
4.0,8.0,41.0,46.502934
8.0,4.0,42.0,6.1468806
4.0,8.0,42.0,6.1468806
8.0,4.0,43.0,46.22507
4.0,8.0,43.0,46.22507
8.0,4.0,44.0,26.790815
4.0,8.0,44.0,26.790815
8.0,4.0,45.0,15.029616
4.0,8.0,45.0,15.029616
8.0,4.0,46.0,-5.227809
4.0,8.0,46.0,-5.227809
8.0,4.0,47.0,54.361553
4.0,8.0,47.0,54.361553
8.0,4.0,48.0,21.076038
4.0,8.0,48.0,21.076038
8.0,4.0,49.0,46.915237
4.0,8.0,49.0,46.915237
8.0,4.0,50.0,27.775904
4.0,8.0,50.0,27.775904
8.0,4.0,51.0,68.3487
4.0,8.0,51.0,68.3487
8.0,4.0,52.0,35.695847
4.0,8.0,52.0,35.695847
8.0,4.0,53.0,-59.852146
4.0,8.0,53.0,-59.852146
8.0,4.0,54.0,-58.212452
4.0,8.0,54.0,-58.212452
8.0,4.0,55.0,53.287357
4.0,8.0,55.0,53.287357
8.0,4.0,56.0,19.176722
4.0,8.0,56.0,19.176722
8.0,4.0,57.0,15.002444
4.0,8.0,57.0,15.002444
8.0,4.0,58.0,49.663723
4.0,8.0,58.0,49.663723
8.0,4.0,59.0,39.442272
4.0,8.0,59.0,39.442272
8.0,4.0,60.0,38.199364
4.0,8.0,60.0,38.199364
8.0,4.0,61.0,21.604881
4.0,8.0,61.0,21.604881
8.0,4.0,62.0,-5.0808225
4.0,8.0,62.0,-5.0808225
8.0,4.0,63.0,33.59498
4.0,8.0,63.0,33.59498
8.0,4.0,64.0,13.9500265
4.0,8.0,64.0,13.9500265
8.0,4.0,65.0,44.95754
4.0,8.0,65.0,44.95754
8.0,4.0,66.0,22.684765
4.0,8.0,66.0,22.684765
8.0,4.0,67.0,31.759827
4.0,8.0,67.0,31.759827
8.0,4.0,68.0,42.354797
4.0,8.0,68.0,42.354797
8.0,4.0,69.0,11.0779295
4.0,8.0,69.0,11.0779295
8.0,5.0,38.0,12.742484
5.0,8.0,38.0,12.742484
8.0,5.0,39.0,3.731504
5.0,8.0,39.0,3.731504
8.0,5.0,40.0,17.889418
5.0,8.0,40.0,17.889418
8.0,5.0,41.0,9.663466
5.0,8.0,41.0,9.663466
8.0,5.0,42.0,6.0194097
5.0,8.0,42.0,6.0194097
8.0,5.0,43.0,2.3150315
5.0,8.0,43.0,2.3150315
8.0,5.0,44.0,6.051634
5.0,8.0,44.0,6.051634
8.0,5.0,45.0,6.25873
5.0,8.0,45.0,6.25873
8.0,5.0,46.0,1.6331943
5.0,8.0,46.0,1.6331943
8.0,5.0,47.0,15.27617
5.0,8.0,47.0,15.27617
8.0,5.0,48.0,21.333916
5.0,8.0,48.0,21.333916
8.0,5.0,49.0,5.4033113
5.0,8.0,49.0,5.4033113
8.0,5.0,50.0,6.5591817
5.0,8.0,50.0,6.5591817
8.0,5.0,51.0,-7.1651354
5.0,8.0,51.0,-7.1651354
8.0,5.0,52.0,7.1316133
5.0,8.0,52.0,7.1316133
8.0,5.0,53.0,10.485277
5.0,8.0,53.0,10.485277
8.0,5.0,54.0,4.720221
5.0,8.0,54.0,4.720221
8.0,5.0,55.0,5.9754543
5.0,8.0,55.0,5.9754543
8.0,5.0,56.0,9.035003
5.0,8.0,56.0,9.035003
8.0,5.0,57.0,6.6074114
5.0,8.0,57.0,6.6074114
8.0,5.0,58.0,-5.1574807
5.0,8.0,58.0,-5.1574807
8.0,5.0,59.0,-4.0813074
5.0,8.0,59.0,-4.0813074
8.0,5.0,60.0,8.958382
5.0,8.0,60.0,8.958382
8.0,5.0,61.0,2.4080236
5.0,8.0,61.0,2.4080236
8.0,5.0,62.0,1.5012894
5.0,8.0,62.0,1.5012894
8.0,5.0,63.0,-0.46707812
5.0,8.0,63.0,-0.46707812
8.0,5.0,64.0,7.3807373
5.0,8.0,64.0,7.3807373
8.0,5.0,65.0,0.8823567
5.0,8.0,65.0,0.8823567
8.0,5.0,66.0,-3.599935
5.0,8.0,66.0,-3.599935
8.0,5.0,67.0,-11.030317
5.0,8.0,67.0,-11.030317
8.0,5.0,68.0,10.315651
5.0,8.0,68.0,10.315651
8.0,5.0,69.0,4.854821
5.0,8.0,69.0,4.854821
8.0,6.0,38.0,9.962881
6.0,8.0,38.0,9.962881
8.0,6.0,39.0,15.52535
6.0,8.0,39.0,15.52535
8.0,6.0,40.0,24.82051
6.0,8.0,40.0,24.82051
8.0,6.0,41.0,12.809756
6.0,8.0,41.0,12.809756
8.0,6.0,42.0,12.298827
6.0,8.0,42.0,12.298827
8.0,6.0,43.0,21.370268
6.0,8.0,43.0,21.370268
8.0,6.0,44.0,7.085241
6.0,8.0,44.0,7.085241
8.0,6.0,45.0,7.1341653
6.0,8.0,45.0,7.1341653
8.0,6.0,46.0,8.936543
6.0,8.0,46.0,8.936543
8.0,6.0,47.0,23.675426
6.0,8.0,47.0,23.675426
8.0,6.0,48.0,16.600676
6.0,8.0,48.0,16.600676
8.0,6.0,49.0,24.546343
6.0,8.0,49.0,24.546343
8.0,6.0,50.0,8.131044
6.0,8.0,50.0,8.131044
8.0,6.0,51.0,-9.949131
6.0,8.0,51.0,-9.949131
8.0,6.0,52.0,9.886888
6.0,8.0,52.0,9.886888
8.0,6.0,53.0,15.928559
6.0,8.0,53.0,15.928559
8.0,6.0,54.0,12.219172
6.0,8.0,54.0,12.219172
8.0,6.0,55.0,14.090916
6.0,8.0,55.0,14.090916
8.0,6.0,56.0,27.069479
6.0,8.0,56.0,27.069479
8.0,6.0,57.0,4.304197
6.0,8.0,57.0,4.304197
8.0,6.0,58.0,-13.120739
6.0,8.0,58.0,-13.120739
8.0,6.0,59.0,17.682213
6.0,8.0,59.0,17.682213
8.0,6.0,60.0,8.143858
6.0,8.0,60.0,8.143858
8.0,6.0,61.0,7.45958
6.0,8.0,61.0,7.45958
8.0,6.0,62.0,17.972223
6.0,8.0,62.0,17.972223
8.0,6.0,63.0,22.78486
6.0,8.0,63.0,22.78486
8.0,6.0,64.0,16.933258
6.0,8.0,64.0,16.933258
8.0,6.0,65.0,-6.6794724
6.0,8.0,65.0,-6.6794724
8.0,6.0,66.0,23.827066
6.0,8.0,66.0,23.827066
8.0,6.0,67.0,-12.123868
6.0,8.0,67.0,-12.123868
8.0,6.0,68.0,16.367819
6.0,8.0,68.0,16.367819
8.0,6.0,69.0,24.008001
6.0,8.0,69.0,24.008001
8.0,23.0,38.0,24.943913
23.0,8.0,38.0,24.943913
8.0,23.0,39.0,7.9909635
23.0,8.0,39.0,7.9909635
8.0,23.0,40.0,9.82031
23.0,8.0,40.0,9.82031
8.0,23.0,41.0,-1.8164958
23.0,8.0,41.0,-1.8164958
8.0,23.0,42.0,4.006174
23.0,8.0,42.0,4.006174
8.0,23.0,43.0,-4.461219
23.0,8.0,43.0,-4.461219
8.0,23.0,44.0,-11.783853
23.0,8.0,44.0,-11.783853
8.0,23.0,45.0,-2.5129995
23.0,8.0,45.0,-2.5129995
8.0,23.0,46.0,9.66066
23.0,8.0,46.0,9.66066
8.0,23.0,47.0,17.971745
23.0,8.0,47.0,17.971745
8.0,23.0,48.0,18.45377
23.0,8.0,48.0,18.45377
8.0,23.0,49.0,6.9462667
23.0,8.0,49.0,6.9462667
8.0,23.0,50.0,12.859307
23.0,8.0,50.0,12.859307
8.0,23.0,51.0,-16.578783
23.0,8.0,51.0,-16.578783
8.0,23.0,52.0,4.949836
23.0,8.0,52.0,4.949836
8.0,23.0,53.0,4.3909655
23.0,8.0,53.0,4.3909655
8.0,23.0,54.0,4.029315
23.0,8.0,54.0,4.029315
8.0,23.0,55.0,4.225679
23.0,8.0,55.0,4.225679
8.0,23.0,56.0,12.798645
23.0,8.0,56.0,12.798645
8.0,23.0,57.0,6.713482
23.0,8.0,57.0,6.713482
8.0,23.0,58.0,-28.47273
23.0,8.0,58.0,-28.47273
8.0,23.0,59.0,-11.518648
23.0,8.0,59.0,-11.518648
8.0,23.0,60.0,9.173311
23.0,8.0,60.0,9.173311
8.0,23.0,61.0,2.7351522
23.0,8.0,61.0,2.7351522
8.0,23.0,62.0,7.704948
23.0,8.0,62.0,7.704948
8.0,23.0,63.0,-6.163905
23.0,8.0,63.0,-6.163905
8.0,23.0,64.0,7.024362
23.0,8.0,64.0,7.024362
8.0,23.0,65.0,3.8166716
23.0,8.0,65.0,3.8166716
8.0,23.0,66.0,3.7406826
23.0,8.0,66.0,3.7406826
8.0,23.0,67.0,0.28686878
23.0,8.0,67.0,0.28686878
8.0,23.0,68.0,-1.262162
23.0,8.0,68.0,-1.262162
8.0,23.0,69.0,5.1923857
23.0,8.0,69.0,5.1923857
8.0,7.0,38.0,25.810797
7.0,8.0,38.0,25.810797
8.0,7.0,39.0,16.5648
7.0,8.0,39.0,16.5648
8.0,7.0,40.0,28.833586
7.0,8.0,40.0,28.833586
8.0,7.0,41.0,30.837572
7.0,8.0,41.0,30.837572
8.0,7.0,42.0,5.790182
7.0,8.0,42.0,5.790182
8.0,7.0,43.0,13.182165
7.0,8.0,43.0,13.182165
8.0,7.0,44.0,12.98184
7.0,8.0,44.0,12.98184
8.0,7.0,45.0,23.55892
7.0,8.0,45.0,23.55892
8.0,7.0,46.0,19.803743
7.0,8.0,46.0,19.803743
8.0,7.0,47.0,9.306165
7.0,8.0,47.0,9.306165
8.0,7.0,48.0,32.369076
7.0,8.0,48.0,32.369076
8.0,7.0,49.0,10.493892
7.0,8.0,49.0,10.493892
8.0,7.0,50.0,18.299915
7.0,8.0,50.0,18.299915
8.0,7.0,51.0,9.57777
7.0,8.0,51.0,9.57777
8.0,7.0,52.0,13.096134
7.0,8.0,52.0,13.096134
8.0,7.0,53.0,13.819942
7.0,8.0,53.0,13.819942
8.0,7.0,54.0,5.258979
7.0,8.0,54.0,5.258979
8.0,7.0,55.0,13.497404
7.0,8.0,55.0,13.497404
8.0,7.0,56.0,13.257491
7.0,8.0,56.0,13.257491
8.0,7.0,57.0,9.309965
7.0,8.0,57.0,9.309965
8.0,7.0,58.0,-22.32258
7.0,8.0,58.0,-22.32258
8.0,7.0,59.0,21.315203
7.0,8.0,59.0,21.315203
8.0,7.0,60.0,30.507046
7.0,8.0,60.0,30.507046
8.0,7.0,61.0,14.702265
7.0,8.0,61.0,14.702265
8.0,7.0,62.0,6.2110896
7.0,8.0,62.0,6.2110896
8.0,7.0,63.0,21.7564
7.0,8.0,63.0,21.7564
8.0,7.0,64.0,15.707326
7.0,8.0,64.0,15.707326
8.0,7.0,65.0,21.087162
7.0,8.0,65.0,21.087162
8.0,7.0,66.0,18.812819
7.0,8.0,66.0,18.812819
8.0,7.0,67.0,-3.74942
7.0,8.0,67.0,-3.74942
8.0,7.0,68.0,35.07443
7.0,8.0,68.0,35.07443
8.0,7.0,69.0,16.236607
7.0,8.0,69.0,16.236607
8.0,24.0,38.0,10.351478
24.0,8.0,38.0,10.351478
8.0,24.0,39.0,-0.13597211
24.0,8.0,39.0,-0.13597211
8.0,24.0,40.0,-10.280183
24.0,8.0,40.0,-10.280183
8.0,24.0,41.0,1.3854475
24.0,8.0,41.0,1.3854475
8.0,24.0,42.0,12.03448
24.0,8.0,42.0,12.03448
8.0,24.0,43.0,-10.043811
24.0,8.0,43.0,-10.043811
8.0,24.0,44.0,7.5486746
24.0,8.0,44.0,7.5486746
8.0,24.0,45.0,-3.1695697
24.0,8.0,45.0,-3.1695697
8.0,24.0,46.0,2.717809
24.0,8.0,46.0,2.717809
8.0,24.0,47.0,13.260399
24.0,8.0,47.0,13.260399
8.0,24.0,48.0,1.9886179
24.0,8.0,48.0,1.9886179
8.0,24.0,49.0,-0.09483571
24.0,8.0,49.0,-0.09483571
8.0,24.0,50.0,4.059274
24.0,8.0,50.0,4.059274
8.0,24.0,51.0,-6.7100053
24.0,8.0,51.0,-6.7100053
8.0,24.0,52.0,-4.3362308
24.0,8.0,52.0,-4.3362308
8.0,24.0,53.0,-1.596155
24.0,8.0,53.0,-1.596155
8.0,24.0,54.0,-9.931812
24.0,8.0,54.0,-9.931812
8.0,24.0,55.0,1.4349263
24.0,8.0,55.0,1.4349263
8.0,24.0,56.0,4.325712
24.0,8.0,56.0,4.325712
8.0,24.0,57.0,3.0953507
24.0,8.0,57.0,3.0953507
8.0,24.0,58.0,-17.404642
24.0,8.0,58.0,-17.404642
8.0,24.0,59.0,-1.6589496
24.0,8.0,59.0,-1.6589496
8.0,24.0,60.0,-0.49508592
24.0,8.0,60.0,-0.49508592
8.0,24.0,61.0,-0.63938016
24.0,8.0,61.0,-0.63938016
8.0,24.0,62.0,3.9016054
24.0,8.0,62.0,3.9016054
8.0,24.0,63.0,-14.534481
24.0,8.0,63.0,-14.534481
8.0,24.0,64.0,-3.771803
24.0,8.0,64.0,-3.771803
8.0,24.0,65.0,6.0106974
24.0,8.0,65.0,6.0106974
8.0,24.0,66.0,7.024351
24.0,8.0,66.0,7.024351
8.0,24.0,67.0,-8.518441
24.0,8.0,67.0,-8.518441
8.0,24.0,68.0,5.444302
24.0,8.0,68.0,5.444302
8.0,24.0,69.0,2.1541224
24.0,8.0,69.0,2.1541224
8.0,9.0,38.0,15.567887
9.0,8.0,38.0,15.567887
8.0,9.0,39.0,15.932578
9.0,8.0,39.0,15.932578
8.0,9.0,40.0,21.214434
9.0,8.0,40.0,21.214434
8.0,9.0,41.0,7.6266694
9.0,8.0,41.0,7.6266694
8.0,9.0,42.0,7.5009894
9.0,8.0,42.0,7.5009894
8.0,9.0,43.0,9.978296
9.0,8.0,43.0,9.978296
8.0,9.0,44.0,13.241636
9.0,8.0,44.0,13.241636
8.0,9.0,45.0,1.6272693
9.0,8.0,45.0,1.6272693
8.0,9.0,46.0,11.889892
9.0,8.0,46.0,11.889892
8.0,9.0,47.0,19.836021
9.0,8.0,47.0,19.836021
8.0,9.0,48.0,21.523169
9.0,8.0,48.0,21.523169
8.0,9.0,49.0,25.767576
9.0,8.0,49.0,25.767576
8.0,9.0,50.0,12.101093
9.0,8.0,50.0,12.101093
8.0,9.0,51.0,-1.6355331
9.0,8.0,51.0,-1.6355331
8.0,9.0,52.0,9.693335
9.0,8.0,52.0,9.693335
8.0,9.0,53.0,10.485393
9.0,8.0,53.0,10.485393
8.0,9.0,54.0,19.48751
9.0,8.0,54.0,19.48751
8.0,9.0,55.0,4.653538
9.0,8.0,55.0,4.653538
8.0,9.0,56.0,19.592197
9.0,8.0,56.0,19.592197
8.0,9.0,57.0,17.271238
9.0,8.0,57.0,17.271238
8.0,9.0,58.0,-10.819882
9.0,8.0,58.0,-10.819882
8.0,9.0,59.0,22.202732
9.0,8.0,59.0,22.202732
8.0,9.0,60.0,16.455473
9.0,8.0,60.0,16.455473
8.0,9.0,61.0,18.554773
9.0,8.0,61.0,18.554773
8.0,9.0,62.0,19.879477
9.0,8.0,62.0,19.879477
8.0,9.0,63.0,17.80707
9.0,8.0,63.0,17.80707
8.0,9.0,64.0,16.973248
9.0,8.0,64.0,16.973248
8.0,9.0,65.0,4.194756
9.0,8.0,65.0,4.194756
8.0,9.0,66.0,11.807666
9.0,8.0,66.0,11.807666
8.0,9.0,67.0,8.823787
9.0,8.0,67.0,8.823787
8.0,9.0,68.0,19.474245
9.0,8.0,68.0,19.474245
8.0,9.0,69.0,20.800276
9.0,8.0,69.0,20.800276
8.0,10.0,38.0,27.858969
10.0,8.0,38.0,27.858969
8.0,10.0,39.0,35.525295
10.0,8.0,39.0,35.525295
8.0,10.0,40.0,32.163536
10.0,8.0,40.0,32.163536
8.0,10.0,41.0,33.542847
10.0,8.0,41.0,33.542847
8.0,10.0,42.0,26.243193
10.0,8.0,42.0,26.243193
8.0,10.0,43.0,7.0579276
10.0,8.0,43.0,7.0579276
8.0,10.0,44.0,10.146455
10.0,8.0,44.0,10.146455
8.0,10.0,45.0,11.479933
10.0,8.0,45.0,11.479933
8.0,10.0,46.0,13.451456
10.0,8.0,46.0,13.451456
8.0,10.0,47.0,38.463657
10.0,8.0,47.0,38.463657
8.0,10.0,48.0,20.232334
10.0,8.0,48.0,20.232334
8.0,10.0,49.0,23.914764
10.0,8.0,49.0,23.914764
8.0,10.0,50.0,10.170378
10.0,8.0,50.0,10.170378
8.0,10.0,51.0,9.098358
10.0,8.0,51.0,9.098358
8.0,10.0,52.0,27.038689
10.0,8.0,52.0,27.038689
8.0,10.0,53.0,26.114965
10.0,8.0,53.0,26.114965
8.0,10.0,54.0,18.666916
10.0,8.0,54.0,18.666916
8.0,10.0,55.0,26.639215
10.0,8.0,55.0,26.639215
8.0,10.0,56.0,16.402306
10.0,8.0,56.0,16.402306
8.0,10.0,57.0,23.458958
10.0,8.0,57.0,23.458958
8.0,10.0,58.0,-3.7973812
10.0,8.0,58.0,-3.7973812
8.0,10.0,59.0,27.626719
10.0,8.0,59.0,27.626719
8.0,10.0,60.0,24.910084
10.0,8.0,60.0,24.910084
8.0,10.0,61.0,19.08221
10.0,8.0,61.0,19.08221
8.0,10.0,62.0,24.57444
10.0,8.0,62.0,24.57444
8.0,10.0,63.0,25.497404
10.0,8.0,63.0,25.497404
8.0,10.0,64.0,28.722164
10.0,8.0,64.0,28.722164
8.0,10.0,65.0,16.89228
10.0,8.0,65.0,16.89228
8.0,10.0,66.0,12.620065
10.0,8.0,66.0,12.620065
8.0,10.0,67.0,14.588802
10.0,8.0,67.0,14.588802
8.0,10.0,68.0,21.639544
10.0,8.0,68.0,21.639544
8.0,10.0,69.0,18.111765
10.0,8.0,69.0,18.111765
8.0,11.0,38.0,32.170334
11.0,8.0,38.0,32.170334
8.0,11.0,39.0,7.2979045
11.0,8.0,39.0,7.2979045
8.0,11.0,40.0,3.4091399
11.0,8.0,40.0,3.4091399
8.0,11.0,41.0,13.312272
11.0,8.0,41.0,13.312272
8.0,11.0,42.0,9.833242
11.0,8.0,42.0,9.833242
8.0,11.0,43.0,12.491225
11.0,8.0,43.0,12.491225
8.0,11.0,44.0,8.843804
11.0,8.0,44.0,8.843804
8.0,11.0,45.0,7.579419
11.0,8.0,45.0,7.579419
8.0,11.0,46.0,-53.481773
11.0,8.0,46.0,-53.481773
8.0,11.0,47.0,12.305326
11.0,8.0,47.0,12.305326
8.0,11.0,48.0,-73.611465
11.0,8.0,48.0,-73.611465
8.0,11.0,49.0,4.5484066
11.0,8.0,49.0,4.5484066
8.0,11.0,50.0,15.785387
11.0,8.0,50.0,15.785387
8.0,11.0,51.0,-12.672666
11.0,8.0,51.0,-12.672666
8.0,11.0,52.0,4.782593
11.0,8.0,52.0,4.782593
8.0,11.0,53.0,17.035278
11.0,8.0,53.0,17.035278
8.0,11.0,54.0,0.787614
11.0,8.0,54.0,0.787614
8.0,11.0,55.0,9.384783
11.0,8.0,55.0,9.384783
8.0,11.0,56.0,21.244335
11.0,8.0,56.0,21.244335
8.0,11.0,57.0,14.342792
11.0,8.0,57.0,14.342792
8.0,11.0,58.0,8.570328
11.0,8.0,58.0,8.570328
8.0,11.0,59.0,6.486181
11.0,8.0,59.0,6.486181
8.0,11.0,60.0,14.959149
11.0,8.0,60.0,14.959149
8.0,11.0,61.0,11.293227
11.0,8.0,61.0,11.293227
8.0,11.0,62.0,7.932431
11.0,8.0,62.0,7.932431
8.0,11.0,63.0,3.1994994
11.0,8.0,63.0,3.1994994
8.0,11.0,64.0,17.595486
11.0,8.0,64.0,17.595486
8.0,11.0,65.0,6.5047145
11.0,8.0,65.0,6.5047145
8.0,11.0,66.0,-43.413345
11.0,8.0,66.0,-43.413345
8.0,11.0,67.0,4.694846
11.0,8.0,67.0,4.694846
8.0,11.0,68.0,10.985437
11.0,8.0,68.0,10.985437
8.0,11.0,69.0,13.815384
11.0,8.0,69.0,13.815384
8.0,12.0,38.0,25.402763
12.0,8.0,38.0,25.402763
8.0,12.0,39.0,17.976166
12.0,8.0,39.0,17.976166
8.0,12.0,40.0,27.48519
12.0,8.0,40.0,27.48519
8.0,12.0,41.0,31.116623
12.0,8.0,41.0,31.116623
8.0,12.0,42.0,-44.636307
12.0,8.0,42.0,-44.636307
8.0,12.0,43.0,-8.015259
12.0,8.0,43.0,-8.015259
8.0,12.0,44.0,7.6221204
12.0,8.0,44.0,7.6221204
8.0,12.0,45.0,11.635482
12.0,8.0,45.0,11.635482
8.0,12.0,46.0,4.764449
12.0,8.0,46.0,4.764449
8.0,12.0,47.0,23.463482
12.0,8.0,47.0,23.463482
8.0,12.0,48.0,-48.41905
12.0,8.0,48.0,-48.41905
8.0,12.0,49.0,2.4206223
12.0,8.0,49.0,2.4206223
8.0,12.0,50.0,7.653259
12.0,8.0,50.0,7.653259
8.0,12.0,51.0,9.860061
12.0,8.0,51.0,9.860061
8.0,12.0,52.0,3.4886563
12.0,8.0,52.0,3.4886563
8.0,12.0,53.0,0.07467344
12.0,8.0,53.0,0.07467344
8.0,12.0,54.0,-0.014129706
12.0,8.0,54.0,-0.014129706
8.0,12.0,55.0,1.9150481
12.0,8.0,55.0,1.9150481
8.0,12.0,56.0,19.269407
12.0,8.0,56.0,19.269407
8.0,12.0,57.0,14.620693
12.0,8.0,57.0,14.620693
8.0,12.0,58.0,-9.869983
12.0,8.0,58.0,-9.869983
8.0,12.0,59.0,42.369213
12.0,8.0,59.0,42.369213
8.0,12.0,60.0,18.47403
12.0,8.0,60.0,18.47403
8.0,12.0,61.0,2.0350246
12.0,8.0,61.0,2.0350246
8.0,12.0,62.0,23.143518
12.0,8.0,62.0,23.143518
8.0,12.0,63.0,1.1419746
12.0,8.0,63.0,1.1419746
8.0,12.0,64.0,16.094069
12.0,8.0,64.0,16.094069
8.0,12.0,65.0,22.668674
12.0,8.0,65.0,22.668674
8.0,12.0,66.0,17.895624
12.0,8.0,66.0,17.895624
8.0,12.0,67.0,-9.01263
12.0,8.0,67.0,-9.01263
8.0,12.0,68.0,4.916498
12.0,8.0,68.0,4.916498
8.0,12.0,69.0,-5.5009356
12.0,8.0,69.0,-5.5009356
8.0,13.0,38.0,58.875847
13.0,8.0,38.0,58.875847
8.0,13.0,38.0,34.033188
13.0,8.0,38.0,34.033188
8.0,13.0,39.0,38.882607
13.0,8.0,39.0,38.882607
8.0,13.0,40.0,35.955414
13.0,8.0,40.0,35.955414
8.0,13.0,40.0,34.634644
13.0,8.0,40.0,34.634644
8.0,13.0,41.0,47.274498
13.0,8.0,41.0,47.274498
8.0,13.0,41.0,22.027725
13.0,8.0,41.0,22.027725
8.0,13.0,42.0,15.860469
13.0,8.0,42.0,15.860469
8.0,13.0,42.0,8.557828
13.0,8.0,42.0,8.557828
8.0,13.0,43.0,61.5286
13.0,8.0,43.0,61.5286
8.0,13.0,43.0,28.998077
13.0,8.0,43.0,28.998077
8.0,13.0,44.0,29.250305
13.0,8.0,44.0,29.250305
8.0,13.0,44.0,26.71179
13.0,8.0,44.0,26.71179
8.0,13.0,45.0,9.141901
13.0,8.0,45.0,9.141901
8.0,13.0,45.0,11.344274
13.0,8.0,45.0,11.344274
8.0,13.0,46.0,40.54201
13.0,8.0,46.0,40.54201
8.0,13.0,47.0,42.17496
13.0,8.0,47.0,42.17496
8.0,13.0,47.0,42.528378
13.0,8.0,47.0,42.528378
8.0,13.0,48.0,54.394608
13.0,8.0,48.0,54.394608
8.0,13.0,49.0,29.338215
13.0,8.0,49.0,29.338215
8.0,13.0,49.0,27.452099
13.0,8.0,49.0,27.452099
8.0,13.0,50.0,34.19422
13.0,8.0,50.0,34.19422
8.0,13.0,51.0,44.806553
13.0,8.0,51.0,44.806553
8.0,13.0,52.0,38.25945
13.0,8.0,52.0,38.25945
8.0,13.0,52.0,45.475906
13.0,8.0,52.0,45.475906
8.0,13.0,53.0,47.631496
13.0,8.0,53.0,47.631496
8.0,13.0,53.0,32.350235
13.0,8.0,53.0,32.350235
8.0,13.0,54.0,33.115234
13.0,8.0,54.0,33.115234
8.0,13.0,54.0,17.090008
13.0,8.0,54.0,17.090008
8.0,13.0,55.0,43.73505
13.0,8.0,55.0,43.73505
8.0,13.0,56.0,47.65134
13.0,8.0,56.0,47.65134
8.0,13.0,57.0,35.903908
13.0,8.0,57.0,35.903908
8.0,13.0,58.0,39.053165
13.0,8.0,58.0,39.053165
8.0,13.0,59.0,31.676641
13.0,8.0,59.0,31.676641
8.0,13.0,59.0,21.054691
13.0,8.0,59.0,21.054691
8.0,13.0,60.0,45.657707
13.0,8.0,60.0,45.657707
8.0,13.0,61.0,31.639019
13.0,8.0,61.0,31.639019
8.0,13.0,62.0,41.24719
13.0,8.0,62.0,41.24719
8.0,13.0,63.0,30.665913
13.0,8.0,63.0,30.665913
8.0,13.0,64.0,48.442997
13.0,8.0,64.0,48.442997
8.0,13.0,65.0,28.729515
13.0,8.0,65.0,28.729515
8.0,13.0,65.0,16.992395
13.0,8.0,65.0,16.992395
8.0,13.0,66.0,30.858517
13.0,8.0,66.0,30.858517
8.0,13.0,67.0,40.04916
13.0,8.0,67.0,40.04916
8.0,13.0,68.0,39.925697
13.0,8.0,68.0,39.925697
8.0,13.0,69.0,51.97186
13.0,8.0,69.0,51.97186
8.0,14.0,38.0,34.404335
14.0,8.0,38.0,34.404335
8.0,14.0,39.0,20.980646
14.0,8.0,39.0,20.980646
8.0,14.0,40.0,23.177078
14.0,8.0,40.0,23.177078
8.0,14.0,41.0,10.897349
14.0,8.0,41.0,10.897349
8.0,14.0,42.0,15.815996
14.0,8.0,42.0,15.815996
8.0,14.0,43.0,7.9698663
14.0,8.0,43.0,7.9698663
8.0,14.0,44.0,18.643593
14.0,8.0,44.0,18.643593
8.0,14.0,45.0,5.4840746
14.0,8.0,45.0,5.4840746
8.0,14.0,46.0,-69.55298
14.0,8.0,46.0,-69.55298
8.0,14.0,47.0,18.068045
14.0,8.0,47.0,18.068045
8.0,14.0,48.0,-69.916885
14.0,8.0,48.0,-69.916885
8.0,14.0,49.0,11.795164
14.0,8.0,49.0,11.795164
8.0,14.0,50.0,9.44203
14.0,8.0,50.0,9.44203
8.0,14.0,51.0,1.6600398
14.0,8.0,51.0,1.6600398
8.0,14.0,52.0,-0.68581235
14.0,8.0,52.0,-0.68581235
8.0,14.0,53.0,-8.437759
14.0,8.0,53.0,-8.437759
8.0,14.0,54.0,3.458854
14.0,8.0,54.0,3.458854
8.0,14.0,55.0,9.232733
14.0,8.0,55.0,9.232733
8.0,14.0,56.0,15.696396
14.0,8.0,56.0,15.696396
8.0,14.0,57.0,18.359922
14.0,8.0,57.0,18.359922
8.0,14.0,58.0,-20.138948
14.0,8.0,58.0,-20.138948
8.0,14.0,59.0,11.883668
14.0,8.0,59.0,11.883668
8.0,14.0,60.0,22.01897
14.0,8.0,60.0,22.01897
8.0,14.0,61.0,0.91895014
14.0,8.0,61.0,0.91895014
8.0,14.0,62.0,9.285394
14.0,8.0,62.0,9.285394
8.0,14.0,63.0,-4.9311757
14.0,8.0,63.0,-4.9311757
8.0,14.0,64.0,3.3696074
14.0,8.0,64.0,3.3696074
8.0,14.0,65.0,4.9088187
14.0,8.0,65.0,4.9088187
8.0,14.0,66.0,-87.12752
14.0,8.0,66.0,-87.12752
8.0,14.0,67.0,-3.4989357
14.0,8.0,67.0,-3.4989357
8.0,14.0,68.0,8.461904
14.0,8.0,68.0,8.461904
8.0,14.0,69.0,12.552027
14.0,8.0,69.0,12.552027
8.0,20.0,38.0,0.35193136
20.0,8.0,38.0,0.35193136
8.0,20.0,39.0,-1.6174638
20.0,8.0,39.0,-1.6174638
8.0,20.0,40.0,1.964046
20.0,8.0,40.0,1.964046
8.0,20.0,41.0,3.1421118
20.0,8.0,41.0,3.1421118
8.0,20.0,42.0,5.5849996
20.0,8.0,42.0,5.5849996
8.0,20.0,43.0,-9.476912
20.0,8.0,43.0,-9.476912
8.0,20.0,44.0,-15.662972
20.0,8.0,44.0,-15.662972
8.0,20.0,45.0,9.313508
20.0,8.0,45.0,9.313508
8.0,20.0,46.0,-6.6077037
20.0,8.0,46.0,-6.6077037
8.0,20.0,47.0,12.008338
20.0,8.0,47.0,12.008338
8.0,20.0,48.0,-47.541126
20.0,8.0,48.0,-47.541126
8.0,20.0,49.0,-2.452649
20.0,8.0,49.0,-2.452649
8.0,20.0,50.0,-5.750766
20.0,8.0,50.0,-5.750766
8.0,20.0,51.0,2.8429933
20.0,8.0,51.0,2.8429933
8.0,20.0,52.0,4.4379582
20.0,8.0,52.0,4.4379582
8.0,20.0,53.0,7.8474965
20.0,8.0,53.0,7.8474965
8.0,20.0,54.0,-0.42824626
20.0,8.0,54.0,-0.42824626
8.0,20.0,55.0,4.1457176
20.0,8.0,55.0,4.1457176
8.0,20.0,56.0,14.121552
20.0,8.0,56.0,14.121552
8.0,20.0,57.0,-9.179728
20.0,8.0,57.0,-9.179728
8.0,20.0,58.0,-19.176601
20.0,8.0,58.0,-19.176601
8.0,20.0,59.0,-15.597622
20.0,8.0,59.0,-15.597622
8.0,20.0,60.0,1.9119682
20.0,8.0,60.0,1.9119682
8.0,20.0,61.0,-1.7670697
20.0,8.0,61.0,-1.7670697
8.0,20.0,62.0,1.4900682
20.0,8.0,62.0,1.4900682
8.0,20.0,63.0,0.39506856
20.0,8.0,63.0,0.39506856
8.0,20.0,64.0,3.5284436
20.0,8.0,64.0,3.5284436
8.0,20.0,65.0,1.9426744
20.0,8.0,65.0,1.9426744
8.0,20.0,66.0,-7.3280687
20.0,8.0,66.0,-7.3280687
8.0,20.0,67.0,-22.10313
20.0,8.0,67.0,-22.10313
8.0,20.0,68.0,-12.0154295
20.0,8.0,68.0,-12.0154295
8.0,20.0,69.0,13.102876
20.0,8.0,69.0,13.102876
8.0,15.0,38.0,9.094502
15.0,8.0,38.0,9.094502
8.0,15.0,39.0,32.49093
15.0,8.0,39.0,32.49093
8.0,15.0,40.0,18.098658
15.0,8.0,40.0,18.098658
8.0,15.0,41.0,23.754408
15.0,8.0,41.0,23.754408
8.0,15.0,42.0,-0.0997048
15.0,8.0,42.0,-0.0997048
8.0,15.0,43.0,13.496511
15.0,8.0,43.0,13.496511
8.0,15.0,44.0,25.065914
15.0,8.0,44.0,25.065914
8.0,15.0,45.0,27.138203
15.0,8.0,45.0,27.138203
8.0,15.0,46.0,29.576628
15.0,8.0,46.0,29.576628
8.0,15.0,47.0,25.213884
15.0,8.0,47.0,25.213884
8.0,15.0,48.0,13.119459
15.0,8.0,48.0,13.119459
8.0,15.0,49.0,12.830249
15.0,8.0,49.0,12.830249
8.0,15.0,50.0,16.361507
15.0,8.0,50.0,16.361507
8.0,15.0,51.0,19.53292
15.0,8.0,51.0,19.53292
8.0,15.0,52.0,4.4052043
15.0,8.0,52.0,4.4052043
8.0,15.0,53.0,34.993984
15.0,8.0,53.0,34.993984
8.0,15.0,54.0,12.205743
15.0,8.0,54.0,12.205743
8.0,15.0,55.0,11.727004
15.0,8.0,55.0,11.727004
8.0,15.0,56.0,10.557795
15.0,8.0,56.0,10.557795
8.0,15.0,57.0,9.215368
15.0,8.0,57.0,9.215368
8.0,15.0,58.0,-17.283222
15.0,8.0,58.0,-17.283222
8.0,15.0,59.0,15.279904
15.0,8.0,59.0,15.279904
8.0,15.0,60.0,28.600908
15.0,8.0,60.0,28.600908
8.0,15.0,61.0,17.535116
15.0,8.0,61.0,17.535116
8.0,15.0,62.0,25.394405
15.0,8.0,62.0,25.394405
8.0,15.0,63.0,15.834889
15.0,8.0,63.0,15.834889
8.0,15.0,64.0,20.4209
15.0,8.0,64.0,20.4209
8.0,15.0,65.0,15.917607
15.0,8.0,65.0,15.917607
8.0,15.0,66.0,8.263865
15.0,8.0,66.0,8.263865
8.0,15.0,67.0,-14.863715
15.0,8.0,67.0,-14.863715
8.0,15.0,68.0,6.2413588
15.0,8.0,68.0,6.2413588
8.0,15.0,69.0,12.647666
15.0,8.0,69.0,12.647666
8.0,21.0,38.0,40.8106
21.0,8.0,38.0,40.8106
8.0,21.0,39.0,7.5110455
21.0,8.0,39.0,7.5110455
8.0,21.0,40.0,16.529976
21.0,8.0,40.0,16.529976
8.0,21.0,41.0,24.022072
21.0,8.0,41.0,24.022072
8.0,21.0,42.0,6.897947
21.0,8.0,42.0,6.897947
8.0,21.0,43.0,6.7500143
21.0,8.0,43.0,6.7500143
8.0,21.0,44.0,3.0641537
21.0,8.0,44.0,3.0641537
8.0,21.0,45.0,-0.8317321
21.0,8.0,45.0,-0.8317321
8.0,21.0,46.0,8.237317
21.0,8.0,46.0,8.237317
8.0,21.0,47.0,13.366721
21.0,8.0,47.0,13.366721
8.0,21.0,48.0,-0.85814905
21.0,8.0,48.0,-0.85814905
8.0,21.0,49.0,8.337981
21.0,8.0,49.0,8.337981
8.0,21.0,50.0,11.576215
21.0,8.0,50.0,11.576215
8.0,21.0,51.0,-1.3556255
21.0,8.0,51.0,-1.3556255
8.0,21.0,52.0,3.482712
21.0,8.0,52.0,3.482712
8.0,21.0,53.0,8.383842
21.0,8.0,53.0,8.383842
8.0,21.0,54.0,11.111542
21.0,8.0,54.0,11.111542
8.0,21.0,55.0,1.4118333
21.0,8.0,55.0,1.4118333
8.0,21.0,56.0,31.886543
21.0,8.0,56.0,31.886543
8.0,21.0,57.0,7.3603115
21.0,8.0,57.0,7.3603115
8.0,21.0,58.0,3.8838162
21.0,8.0,58.0,3.8838162
8.0,21.0,59.0,9.447733
21.0,8.0,59.0,9.447733
8.0,21.0,60.0,16.969734
21.0,8.0,60.0,16.969734
8.0,21.0,61.0,12.427215
21.0,8.0,61.0,12.427215
8.0,21.0,62.0,4.30309
21.0,8.0,62.0,4.30309
8.0,21.0,63.0,12.280299
21.0,8.0,63.0,12.280299
8.0,21.0,64.0,6.4019804
21.0,8.0,64.0,6.4019804
8.0,21.0,65.0,4.1952195
21.0,8.0,65.0,4.1952195
8.0,21.0,66.0,-0.022404537
21.0,8.0,66.0,-0.022404537
8.0,21.0,67.0,7.8162756
21.0,8.0,67.0,7.8162756
8.0,21.0,68.0,8.967483
21.0,8.0,68.0,8.967483
8.0,21.0,69.0,19.829706
21.0,8.0,69.0,19.829706
8.0,16.0,38.0,23.187458
16.0,8.0,38.0,23.187458
8.0,16.0,39.0,3.0328329
16.0,8.0,39.0,3.0328329
8.0,16.0,40.0,10.251822
16.0,8.0,40.0,10.251822
8.0,16.0,41.0,11.421911
16.0,8.0,41.0,11.421911
8.0,16.0,42.0,5.973086
16.0,8.0,42.0,5.973086
8.0,16.0,43.0,-1.1089265
16.0,8.0,43.0,-1.1089265
8.0,16.0,44.0,-1.0885038
16.0,8.0,44.0,-1.0885038
8.0,16.0,45.0,10.184681
16.0,8.0,45.0,10.184681
8.0,16.0,46.0,5.1808095
16.0,8.0,46.0,5.1808095
8.0,16.0,47.0,5.378074
16.0,8.0,47.0,5.378074
8.0,16.0,48.0,-2.5634887
16.0,8.0,48.0,-2.5634887
8.0,16.0,49.0,0.9417533
16.0,8.0,49.0,0.9417533
8.0,16.0,50.0,-10.223675
16.0,8.0,50.0,-10.223675
8.0,16.0,51.0,-25.169851
16.0,8.0,51.0,-25.169851
8.0,16.0,52.0,1.1584237
16.0,8.0,52.0,1.1584237
8.0,16.0,53.0,1.4565406
16.0,8.0,53.0,1.4565406
8.0,16.0,54.0,7.0133977
16.0,8.0,54.0,7.0133977
8.0,16.0,55.0,10.146437
16.0,8.0,55.0,10.146437
8.0,16.0,56.0,11.099654
16.0,8.0,56.0,11.099654
8.0,16.0,57.0,4.1551976
16.0,8.0,57.0,4.1551976
8.0,16.0,58.0,-21.136734
16.0,8.0,58.0,-21.136734
8.0,16.0,59.0,11.084683
16.0,8.0,59.0,11.084683
8.0,16.0,60.0,18.04488
16.0,8.0,60.0,18.04488
8.0,16.0,61.0,-7.1797094
16.0,8.0,61.0,-7.1797094
8.0,16.0,62.0,8.857971
16.0,8.0,62.0,8.857971
8.0,16.0,63.0,3.3519087
16.0,8.0,63.0,3.3519087
8.0,16.0,64.0,14.920261
16.0,8.0,64.0,14.920261
8.0,16.0,65.0,6.2787433
16.0,8.0,65.0,6.2787433
8.0,16.0,66.0,-2.2712333
16.0,8.0,66.0,-2.2712333
8.0,16.0,67.0,0.5309086
16.0,8.0,67.0,0.5309086
8.0,16.0,68.0,6.979756
16.0,8.0,68.0,6.979756
8.0,16.0,69.0,-5.1507573
16.0,8.0,69.0,-5.1507573
8.0,17.0,38.0,21.020588
17.0,8.0,38.0,21.020588
8.0,17.0,39.0,9.614375
17.0,8.0,39.0,9.614375
8.0,17.0,40.0,17.48684
17.0,8.0,40.0,17.48684
8.0,17.0,41.0,18.370247
17.0,8.0,41.0,18.370247
8.0,17.0,42.0,13.116838
17.0,8.0,42.0,13.116838
8.0,17.0,43.0,3.1509032
17.0,8.0,43.0,3.1509032
8.0,17.0,44.0,10.28488
17.0,8.0,44.0,10.28488
8.0,17.0,45.0,17.12725
17.0,8.0,45.0,17.12725
8.0,17.0,46.0,11.085403
17.0,8.0,46.0,11.085403
8.0,17.0,47.0,21.618587
17.0,8.0,47.0,21.618587
8.0,17.0,48.0,3.871155
17.0,8.0,48.0,3.871155
8.0,17.0,49.0,5.4430113
17.0,8.0,49.0,5.4430113
8.0,17.0,50.0,6.1046596
17.0,8.0,50.0,6.1046596
8.0,17.0,51.0,4.286659
17.0,8.0,51.0,4.286659
8.0,17.0,52.0,5.9999366
17.0,8.0,52.0,5.9999366
8.0,17.0,53.0,9.702263
17.0,8.0,53.0,9.702263
8.0,17.0,54.0,3.7935853
17.0,8.0,54.0,3.7935853
8.0,17.0,55.0,13.992988
17.0,8.0,55.0,13.992988
8.0,17.0,56.0,8.624383
17.0,8.0,56.0,8.624383
8.0,17.0,57.0,6.890184
17.0,8.0,57.0,6.890184
8.0,17.0,58.0,0.48353726
17.0,8.0,58.0,0.48353726
8.0,17.0,59.0,13.729305
17.0,8.0,59.0,13.729305
8.0,17.0,60.0,12.47006
17.0,8.0,60.0,12.47006
8.0,17.0,61.0,4.6984057
17.0,8.0,61.0,4.6984057
8.0,17.0,62.0,5.8007717
17.0,8.0,62.0,5.8007717
8.0,17.0,63.0,15.38344
17.0,8.0,63.0,15.38344
8.0,17.0,64.0,17.978842
17.0,8.0,64.0,17.978842
8.0,17.0,65.0,15.083412
17.0,8.0,65.0,15.083412
8.0,17.0,66.0,3.566307
17.0,8.0,66.0,3.566307
8.0,17.0,67.0,8.740402
17.0,8.0,67.0,8.740402
8.0,17.0,68.0,15.154403
17.0,8.0,68.0,15.154403
8.0,17.0,69.0,13.581039
17.0,8.0,69.0,13.581039
8.0,18.0,38.0,38.539074
18.0,8.0,38.0,38.539074
8.0,18.0,39.0,10.926891
18.0,8.0,39.0,10.926891
8.0,18.0,40.0,3.9346647
18.0,8.0,40.0,3.9346647
8.0,18.0,41.0,24.797842
18.0,8.0,41.0,24.797842
8.0,18.0,42.0,7.356979
18.0,8.0,42.0,7.356979
8.0,18.0,43.0,-20.43473
18.0,8.0,43.0,-20.43473
8.0,18.0,44.0,0.40184155
18.0,8.0,44.0,0.40184155
8.0,18.0,45.0,-9.155965
18.0,8.0,45.0,-9.155965
8.0,18.0,46.0,-1.6518801
18.0,8.0,46.0,-1.6518801
8.0,18.0,47.0,5.4357224
18.0,8.0,47.0,5.4357224
8.0,18.0,48.0,0.7917988
18.0,8.0,48.0,0.7917988
8.0,18.0,49.0,4.8675547
18.0,8.0,49.0,4.8675547
8.0,18.0,50.0,9.075991
18.0,8.0,50.0,9.075991
8.0,18.0,51.0,8.56759
18.0,8.0,51.0,8.56759
8.0,18.0,52.0,-13.715286
18.0,8.0,52.0,-13.715286
8.0,18.0,53.0,0.11302849
18.0,8.0,53.0,0.11302849
8.0,18.0,54.0,1.2453109
18.0,8.0,54.0,1.2453109
8.0,18.0,55.0,4.6046143
18.0,8.0,55.0,4.6046143
8.0,18.0,56.0,-3.6405733
18.0,8.0,56.0,-3.6405733
8.0,18.0,57.0,21.216454
18.0,8.0,57.0,21.216454
8.0,18.0,58.0,-9.799372
18.0,8.0,58.0,-9.799372
8.0,18.0,59.0,10.521653
18.0,8.0,59.0,10.521653
8.0,18.0,60.0,-9.799841
18.0,8.0,60.0,-9.799841
8.0,18.0,61.0,8.378533
18.0,8.0,61.0,8.378533
8.0,18.0,62.0,9.161664
18.0,8.0,62.0,9.161664
8.0,18.0,63.0,9.865264
18.0,8.0,63.0,9.865264
8.0,18.0,64.0,3.9413967
18.0,8.0,64.0,3.9413967
8.0,18.0,65.0,-7.623654
18.0,8.0,65.0,-7.623654
8.0,18.0,66.0,14.530723
18.0,8.0,66.0,14.530723
8.0,18.0,67.0,-31.68319
18.0,8.0,67.0,-31.68319
8.0,18.0,68.0,4.842579
18.0,8.0,68.0,4.842579
8.0,18.0,69.0,15.624156
18.0,8.0,69.0,15.624156
8.0,22.0,38.0,45.1032
22.0,8.0,38.0,45.1032
8.0,22.0,39.0,3.1658943
22.0,8.0,39.0,3.1658943
8.0,22.0,40.0,-36.317066
22.0,8.0,40.0,-36.317066
8.0,22.0,41.0,23.664343
22.0,8.0,41.0,23.664343
8.0,22.0,42.0,22.74006
22.0,8.0,42.0,22.74006
8.0,22.0,43.0,9.487418
22.0,8.0,43.0,9.487418
8.0,22.0,44.0,15.257432
22.0,8.0,44.0,15.257432
8.0,22.0,45.0,22.753433
22.0,8.0,45.0,22.753433
8.0,22.0,46.0,7.196669
22.0,8.0,46.0,7.196669
8.0,22.0,47.0,24.959187
22.0,8.0,47.0,24.959187
8.0,22.0,48.0,28.517138
22.0,8.0,48.0,28.517138
8.0,22.0,49.0,10.04656
22.0,8.0,49.0,10.04656
8.0,22.0,50.0,13.011944
22.0,8.0,50.0,13.011944
8.0,22.0,51.0,7.9265943
22.0,8.0,51.0,7.9265943
8.0,22.0,52.0,5.5485797
22.0,8.0,52.0,5.5485797
8.0,22.0,53.0,11.475442
22.0,8.0,53.0,11.475442
8.0,22.0,54.0,15.458404
22.0,8.0,54.0,15.458404
8.0,22.0,55.0,14.5394335
22.0,8.0,55.0,14.5394335
8.0,22.0,56.0,4.15996
22.0,8.0,56.0,4.15996
8.0,22.0,57.0,13.7156725
22.0,8.0,57.0,13.7156725
8.0,22.0,58.0,2.9952998
22.0,8.0,58.0,2.9952998
8.0,22.0,59.0,-0.070707
22.0,8.0,59.0,-0.070707
8.0,22.0,60.0,30.191324
22.0,8.0,60.0,30.191324
8.0,22.0,61.0,7.5165143
22.0,8.0,61.0,7.5165143
8.0,22.0,62.0,14.605317
22.0,8.0,62.0,14.605317
8.0,22.0,63.0,26.198185
22.0,8.0,63.0,26.198185
8.0,22.0,64.0,13.575007
22.0,8.0,64.0,13.575007
8.0,22.0,65.0,24.685238
22.0,8.0,65.0,24.685238
8.0,22.0,66.0,10.471919
22.0,8.0,66.0,10.471919
8.0,22.0,67.0,8.519656
22.0,8.0,67.0,8.519656
8.0,22.0,68.0,6.7369375
22.0,8.0,68.0,6.7369375
8.0,22.0,69.0,16.161348
22.0,8.0,69.0,16.161348
8.0,25.0,38.0,24.034641
25.0,8.0,38.0,24.034641
8.0,25.0,39.0,2.4579787
25.0,8.0,39.0,2.4579787
8.0,25.0,40.0,18.887627
25.0,8.0,40.0,18.887627
8.0,25.0,41.0,7.471599
25.0,8.0,41.0,7.471599
8.0,25.0,42.0,3.786008
25.0,8.0,42.0,3.786008
8.0,25.0,43.0,-18.487492
25.0,8.0,43.0,-18.487492
8.0,25.0,44.0,-3.1646435
25.0,8.0,44.0,-3.1646435
8.0,25.0,45.0,-5.409595
25.0,8.0,45.0,-5.409595
8.0,25.0,46.0,14.495172
25.0,8.0,46.0,14.495172
8.0,25.0,47.0,-6.116402
25.0,8.0,47.0,-6.116402
8.0,25.0,48.0,6.5120997
25.0,8.0,48.0,6.5120997
8.0,25.0,49.0,5.237041
25.0,8.0,49.0,5.237041
8.0,25.0,50.0,11.974167
25.0,8.0,50.0,11.974167
8.0,25.0,51.0,13.919601
25.0,8.0,51.0,13.919601
8.0,25.0,52.0,8.012918
25.0,8.0,52.0,8.012918
8.0,25.0,53.0,-27.188524
25.0,8.0,53.0,-27.188524
8.0,25.0,54.0,-101.71442
25.0,8.0,54.0,-101.71442
8.0,25.0,55.0,-10.91515
25.0,8.0,55.0,-10.91515
8.0,25.0,56.0,4.2837644
25.0,8.0,56.0,4.2837644
8.0,25.0,57.0,40.214172
25.0,8.0,57.0,40.214172
8.0,25.0,58.0,-34.130417
25.0,8.0,58.0,-34.130417
8.0,25.0,59.0,-6.174369
25.0,8.0,59.0,-6.174369
8.0,25.0,60.0,-5.890661
25.0,8.0,60.0,-5.890661
8.0,25.0,61.0,6.5675764
25.0,8.0,61.0,6.5675764
8.0,25.0,62.0,9.490453
25.0,8.0,62.0,9.490453
8.0,25.0,63.0,6.5337834
25.0,8.0,63.0,6.5337834
8.0,25.0,64.0,-7.0063925
25.0,8.0,64.0,-7.0063925
8.0,25.0,65.0,4.506492
25.0,8.0,65.0,4.506492
8.0,25.0,66.0,-9.958078
25.0,8.0,66.0,-9.958078
8.0,25.0,67.0,-8.709915
25.0,8.0,67.0,-8.709915
8.0,25.0,68.0,-0.6285598
25.0,8.0,68.0,-0.6285598
8.0,25.0,69.0,-8.700899
25.0,8.0,69.0,-8.700899
8.0,19.0,38.0,9.318096
19.0,8.0,38.0,9.318096
8.0,19.0,39.0,8.140211
19.0,8.0,39.0,8.140211
8.0,19.0,40.0,6.2591553
19.0,8.0,40.0,6.2591553
8.0,19.0,41.0,-32.708366
19.0,8.0,41.0,-32.708366
8.0,19.0,42.0,9.469482
19.0,8.0,42.0,9.469482
8.0,19.0,43.0,11.03268
19.0,8.0,43.0,11.03268
8.0,19.0,44.0,11.122287
19.0,8.0,44.0,11.122287
8.0,19.0,45.0,9.22124
19.0,8.0,45.0,9.22124
8.0,19.0,46.0,-1.1235769
19.0,8.0,46.0,-1.1235769
8.0,19.0,47.0,21.537094
19.0,8.0,47.0,21.537094
8.0,19.0,48.0,22.441092
19.0,8.0,48.0,22.441092
8.0,19.0,49.0,15.290453
19.0,8.0,49.0,15.290453
8.0,19.0,50.0,6.0138927
19.0,8.0,50.0,6.0138927
8.0,19.0,51.0,11.966649
19.0,8.0,51.0,11.966649
8.0,19.0,52.0,-1.7020969
19.0,8.0,52.0,-1.7020969
8.0,19.0,53.0,21.341925
19.0,8.0,53.0,21.341925
8.0,19.0,54.0,13.352941
19.0,8.0,54.0,13.352941
8.0,19.0,55.0,-0.9167794
19.0,8.0,55.0,-0.9167794
8.0,19.0,56.0,17.916895
19.0,8.0,56.0,17.916895
8.0,19.0,57.0,19.768538
19.0,8.0,57.0,19.768538
8.0,19.0,58.0,1.142708
19.0,8.0,58.0,1.142708
8.0,19.0,59.0,4.89775
19.0,8.0,59.0,4.89775
8.0,19.0,60.0,5.322551
19.0,8.0,60.0,5.322551
8.0,19.0,61.0,6.5822754
19.0,8.0,61.0,6.5822754
8.0,19.0,62.0,6.500428
19.0,8.0,62.0,6.500428
8.0,19.0,63.0,12.786768
19.0,8.0,63.0,12.786768
8.0,19.0,64.0,24.95581
19.0,8.0,64.0,24.95581
8.0,19.0,65.0,1.1239872
19.0,8.0,65.0,1.1239872
8.0,19.0,66.0,2.8270044
19.0,8.0,66.0,2.8270044
8.0,19.0,67.0,5.4896336
19.0,8.0,67.0,5.4896336
8.0,19.0,68.0,2.2857335
19.0,8.0,68.0,2.2857335
8.0,19.0,69.0,16.207973
19.0,8.0,69.0,16.207973
9.0,0.0,38.0,7.0327535
0.0,9.0,38.0,7.0327535
9.0,0.0,39.0,10.613149
0.0,9.0,39.0,10.613149
9.0,0.0,40.0,-6.035659
0.0,9.0,40.0,-6.035659
9.0,0.0,41.0,-26.003239
0.0,9.0,41.0,-26.003239
9.0,0.0,42.0,1.078604
0.0,9.0,42.0,1.078604
9.0,0.0,43.0,14.137312
0.0,9.0,43.0,14.137312
9.0,0.0,44.0,-7.943807
0.0,9.0,44.0,-7.943807
9.0,0.0,45.0,-1.095867
0.0,9.0,45.0,-1.095867
9.0,0.0,46.0,-0.46042877
0.0,9.0,46.0,-0.46042877
9.0,0.0,47.0,7.880888
0.0,9.0,47.0,7.880888
9.0,0.0,48.0,18.83755
0.0,9.0,48.0,18.83755
9.0,0.0,49.0,15.544876
0.0,9.0,49.0,15.544876
9.0,0.0,50.0,4.541351
0.0,9.0,50.0,4.541351
9.0,0.0,51.0,47.316666
0.0,9.0,51.0,47.316666
9.0,0.0,52.0,-5.201897
0.0,9.0,52.0,-5.201897
9.0,0.0,53.0,-4.884718
0.0,9.0,53.0,-4.884718
9.0,0.0,54.0,4.899594
0.0,9.0,54.0,4.899594
9.0,0.0,55.0,-5.8783984
0.0,9.0,55.0,-5.8783984
9.0,0.0,56.0,-6.9783287
0.0,9.0,56.0,-6.9783287
9.0,0.0,57.0,-13.161727
0.0,9.0,57.0,-13.161727
9.0,0.0,58.0,-0.012839196
0.0,9.0,58.0,-0.012839196
9.0,0.0,59.0,16.039608
0.0,9.0,59.0,16.039608
9.0,0.0,60.0,-4.0942636
0.0,9.0,60.0,-4.0942636
9.0,0.0,61.0,-10.376441
0.0,9.0,61.0,-10.376441
9.0,0.0,62.0,-9.090826
0.0,9.0,62.0,-9.090826
9.0,0.0,63.0,-2.8740036
0.0,9.0,63.0,-2.8740036
9.0,0.0,64.0,0.9194403
0.0,9.0,64.0,0.9194403
9.0,0.0,65.0,-9.000072
0.0,9.0,65.0,-9.000072
9.0,0.0,66.0,-8.342002
0.0,9.0,66.0,-8.342002
9.0,0.0,67.0,2.4950235
0.0,9.0,67.0,2.4950235
9.0,0.0,68.0,0.84603536
0.0,9.0,68.0,0.84603536
9.0,0.0,69.0,-10.661148
0.0,9.0,69.0,-10.661148
9.0,2.0,38.0,34.88357
2.0,9.0,38.0,34.88357
9.0,2.0,39.0,33.65392
2.0,9.0,39.0,33.65392
9.0,2.0,40.0,27.906706
2.0,9.0,40.0,27.906706
9.0,2.0,41.0,15.443555
2.0,9.0,41.0,15.443555
9.0,2.0,42.0,18.865189
2.0,9.0,42.0,18.865189
9.0,2.0,43.0,44.114048
2.0,9.0,43.0,44.114048
9.0,2.0,44.0,10.906284
2.0,9.0,44.0,10.906284
9.0,2.0,45.0,15.50442
2.0,9.0,45.0,15.50442
9.0,2.0,46.0,19.934078
2.0,9.0,46.0,19.934078
9.0,2.0,47.0,36.402782
2.0,9.0,47.0,36.402782
9.0,2.0,48.0,89.988396
2.0,9.0,48.0,89.988396
9.0,2.0,49.0,48.30622
2.0,9.0,49.0,48.30622
9.0,2.0,50.0,17.23134
2.0,9.0,50.0,17.23134
9.0,2.0,51.0,-17.075567
2.0,9.0,51.0,-17.075567
9.0,2.0,52.0,31.928019
2.0,9.0,52.0,31.928019
9.0,2.0,53.0,52.15446
2.0,9.0,53.0,52.15446
9.0,2.0,54.0,19.219885
2.0,9.0,54.0,19.219885
9.0,2.0,55.0,27.807562
2.0,9.0,55.0,27.807562
9.0,2.0,56.0,31.672937
2.0,9.0,56.0,31.672937
9.0,2.0,57.0,22.299507
2.0,9.0,57.0,22.299507
9.0,2.0,58.0,34.200756
2.0,9.0,58.0,34.200756
9.0,2.0,59.0,39.89703
2.0,9.0,59.0,39.89703
9.0,2.0,60.0,21.897661
2.0,9.0,60.0,21.897661
9.0,2.0,61.0,20.486006
2.0,9.0,61.0,20.486006
9.0,2.0,62.0,26.986294
2.0,9.0,62.0,26.986294
9.0,2.0,63.0,31.74558
2.0,9.0,63.0,31.74558
9.0,2.0,64.0,34.70685
2.0,9.0,64.0,34.70685
9.0,2.0,65.0,10.698945
2.0,9.0,65.0,10.698945
9.0,2.0,66.0,63.104134
2.0,9.0,66.0,63.104134
9.0,2.0,67.0,158.17232
2.0,9.0,67.0,158.17232
9.0,2.0,68.0,34.993404
2.0,9.0,68.0,34.993404
9.0,2.0,69.0,24.520761
2.0,9.0,69.0,24.520761
9.0,3.0,38.0,14.510438
3.0,9.0,38.0,14.510438
9.0,3.0,39.0,-12.134211
3.0,9.0,39.0,-12.134211
9.0,3.0,40.0,39.591267
3.0,9.0,40.0,39.591267
9.0,3.0,41.0,-22.92632
3.0,9.0,41.0,-22.92632
9.0,3.0,42.0,-1.1535022
3.0,9.0,42.0,-1.1535022
9.0,3.0,43.0,-5.2877445
3.0,9.0,43.0,-5.2877445
9.0,3.0,44.0,21.171434
3.0,9.0,44.0,21.171434
9.0,3.0,45.0,13.103184
3.0,9.0,45.0,13.103184
9.0,3.0,46.0,-3.6050103
3.0,9.0,46.0,-3.6050103
9.0,3.0,47.0,-12.786287
3.0,9.0,47.0,-12.786287
9.0,3.0,48.0,16.471077
3.0,9.0,48.0,16.471077
9.0,3.0,49.0,18.277885
3.0,9.0,49.0,18.277885
9.0,3.0,50.0,-5.4104376
3.0,9.0,50.0,-5.4104376
9.0,3.0,51.0,87.458496
3.0,9.0,51.0,87.458496
9.0,3.0,52.0,-8.691838
3.0,9.0,52.0,-8.691838
9.0,3.0,53.0,7.9367833
3.0,9.0,53.0,7.9367833
9.0,3.0,54.0,0.8032909
3.0,9.0,54.0,0.8032909
9.0,3.0,55.0,-29.875708
3.0,9.0,55.0,-29.875708
9.0,3.0,56.0,-6.239616
3.0,9.0,56.0,-6.239616
9.0,3.0,57.0,-7.7101407
3.0,9.0,57.0,-7.7101407
9.0,3.0,58.0,-8.079898
3.0,9.0,58.0,-8.079898
9.0,3.0,59.0,2.3909705
3.0,9.0,59.0,2.3909705
9.0,3.0,60.0,20.101181
3.0,9.0,60.0,20.101181
9.0,3.0,61.0,-6.2862973
3.0,9.0,61.0,-6.2862973
9.0,3.0,62.0,6.517021
3.0,9.0,62.0,6.517021
9.0,3.0,63.0,-10.953085
3.0,9.0,63.0,-10.953085
9.0,3.0,64.0,21.3965
3.0,9.0,64.0,21.3965
9.0,3.0,65.0,17.703852
3.0,9.0,65.0,17.703852
9.0,3.0,66.0,17.023664
3.0,9.0,66.0,17.023664
9.0,3.0,67.0,-31.403658
3.0,9.0,67.0,-31.403658
9.0,3.0,68.0,-6.720768
3.0,9.0,68.0,-6.720768
9.0,3.0,69.0,12.098753
3.0,9.0,69.0,12.098753
9.0,4.0,38.0,53.534424
4.0,9.0,38.0,53.534424
9.0,4.0,39.0,71.401436
4.0,9.0,39.0,71.401436
9.0,4.0,40.0,-13.989205
4.0,9.0,40.0,-13.989205
9.0,4.0,41.0,23.066614
4.0,9.0,41.0,23.066614
9.0,4.0,42.0,1.7753664
4.0,9.0,42.0,1.7753664
9.0,4.0,43.0,66.625465
4.0,9.0,43.0,66.625465
9.0,4.0,44.0,-1.37429
4.0,9.0,44.0,-1.37429
9.0,4.0,45.0,-31.342
4.0,9.0,45.0,-31.342
9.0,4.0,46.0,-39.721886
4.0,9.0,46.0,-39.721886
9.0,4.0,47.0,28.128885
4.0,9.0,47.0,28.128885
9.0,4.0,48.0,6.3966064
4.0,9.0,48.0,6.3966064
9.0,4.0,49.0,56.421623
4.0,9.0,49.0,56.421623
9.0,4.0,50.0,12.414884
4.0,9.0,50.0,12.414884
9.0,4.0,51.0,61.343025
4.0,9.0,51.0,61.343025
9.0,4.0,52.0,65.81116
4.0,9.0,52.0,65.81116
9.0,4.0,53.0,-29.731672
4.0,9.0,53.0,-29.731672
9.0,4.0,54.0,2.4947877
4.0,9.0,54.0,2.4947877
9.0,4.0,55.0,33.933647
4.0,9.0,55.0,33.933647
9.0,4.0,56.0,64.182556
4.0,9.0,56.0,64.182556
9.0,4.0,57.0,9.361981
4.0,9.0,57.0,9.361981
9.0,4.0,58.0,86.95134
4.0,9.0,58.0,86.95134
9.0,4.0,59.0,30.170536
4.0,9.0,59.0,30.170536
9.0,4.0,60.0,5.4848194
4.0,9.0,60.0,5.4848194
9.0,4.0,61.0,22.390814
4.0,9.0,61.0,22.390814
9.0,4.0,62.0,2.1655142
4.0,9.0,62.0,2.1655142
9.0,4.0,63.0,63.11186
4.0,9.0,63.0,63.11186
9.0,4.0,64.0,58.86215
4.0,9.0,64.0,58.86215
9.0,4.0,65.0,-1.5634714
4.0,9.0,65.0,-1.5634714
9.0,4.0,66.0,83.53454
4.0,9.0,66.0,83.53454
9.0,4.0,67.0,31.241266
4.0,9.0,67.0,31.241266
9.0,4.0,68.0,2.348881
4.0,9.0,68.0,2.348881
9.0,4.0,69.0,15.688992
4.0,9.0,69.0,15.688992
9.0,5.0,38.0,12.250202
5.0,9.0,38.0,12.250202
9.0,5.0,39.0,2.4540832
5.0,9.0,39.0,2.4540832
9.0,5.0,40.0,25.183533
5.0,9.0,40.0,25.183533
9.0,5.0,41.0,-10.586005
5.0,9.0,41.0,-10.586005
9.0,5.0,42.0,42.478836
5.0,9.0,42.0,42.478836
9.0,5.0,43.0,16.798212
5.0,9.0,43.0,16.798212
9.0,5.0,44.0,23.411594
5.0,9.0,44.0,23.411594
9.0,5.0,45.0,16.84124
5.0,9.0,45.0,16.84124
9.0,5.0,46.0,17.982737
5.0,9.0,46.0,17.982737
9.0,5.0,47.0,8.806779
5.0,9.0,47.0,8.806779
9.0,5.0,48.0,41.440712
5.0,9.0,48.0,41.440712
9.0,5.0,49.0,24.107748
5.0,9.0,49.0,24.107748
9.0,5.0,50.0,10.772996
5.0,9.0,50.0,10.772996
9.0,5.0,51.0,21.21903
5.0,9.0,51.0,21.21903
9.0,5.0,52.0,19.386898
5.0,9.0,52.0,19.386898
9.0,5.0,53.0,19.009733
5.0,9.0,53.0,19.009733
9.0,5.0,54.0,23.25698
5.0,9.0,54.0,23.25698
9.0,5.0,55.0,4.401834
5.0,9.0,55.0,4.401834
9.0,5.0,56.0,0.34347907
5.0,9.0,56.0,0.34347907
9.0,5.0,57.0,-3.290712
5.0,9.0,57.0,-3.290712
9.0,5.0,58.0,28.579245
5.0,9.0,58.0,28.579245
9.0,5.0,59.0,5.1331863
5.0,9.0,59.0,5.1331863
9.0,5.0,60.0,5.3423114
5.0,9.0,60.0,5.3423114
9.0,5.0,61.0,24.761297
5.0,9.0,61.0,24.761297
9.0,5.0,62.0,1.0912731
5.0,9.0,62.0,1.0912731
9.0,5.0,63.0,6.6133776
5.0,9.0,63.0,6.6133776
9.0,5.0,64.0,1.8509299
5.0,9.0,64.0,1.8509299
9.0,5.0,65.0,8.49871
5.0,9.0,65.0,8.49871
9.0,5.0,66.0,10.866828
5.0,9.0,66.0,10.866828
9.0,5.0,67.0,-4.3584566
5.0,9.0,67.0,-4.3584566
9.0,5.0,68.0,16.966091
5.0,9.0,68.0,16.966091
9.0,5.0,69.0,19.539366
5.0,9.0,69.0,19.539366
9.0,6.0,38.0,-1.7745489
6.0,9.0,38.0,-1.7745489
9.0,6.0,39.0,-0.34706438
6.0,9.0,39.0,-0.34706438
9.0,6.0,40.0,-3.204359
6.0,9.0,40.0,-3.204359
9.0,6.0,41.0,-19.72498
6.0,9.0,41.0,-19.72498
9.0,6.0,42.0,-10.1594305
6.0,9.0,42.0,-10.1594305
9.0,6.0,43.0,22.380384
6.0,9.0,43.0,22.380384
9.0,6.0,44.0,-13.644275
6.0,9.0,44.0,-13.644275
9.0,6.0,45.0,10.308353
6.0,9.0,45.0,10.308353
9.0,6.0,46.0,-15.05091
6.0,9.0,46.0,-15.05091
9.0,6.0,47.0,-2.2051146
6.0,9.0,47.0,-2.2051146
9.0,6.0,48.0,16.486782
6.0,9.0,48.0,16.486782
9.0,6.0,49.0,-4.6654754
6.0,9.0,49.0,-4.6654754
9.0,6.0,50.0,-16.168211
6.0,9.0,50.0,-16.168211
9.0,6.0,51.0,-189.48468
6.0,9.0,51.0,-189.48468
9.0,6.0,52.0,-7.657791
6.0,9.0,52.0,-7.657791
9.0,6.0,53.0,14.59748
6.0,9.0,53.0,14.59748
9.0,6.0,54.0,-11.443231
6.0,9.0,54.0,-11.443231
9.0,6.0,55.0,15.138605
6.0,9.0,55.0,15.138605
9.0,6.0,56.0,6.061188
6.0,9.0,56.0,6.061188
9.0,6.0,57.0,-12.998936
6.0,9.0,57.0,-12.998936
9.0,6.0,58.0,-9.026533
6.0,9.0,58.0,-9.026533
9.0,6.0,59.0,12.499876
6.0,9.0,59.0,12.499876
9.0,6.0,60.0,-12.150492
6.0,9.0,60.0,-12.150492
9.0,6.0,61.0,-3.108947
6.0,9.0,61.0,-3.108947
9.0,6.0,62.0,-3.9765024
6.0,9.0,62.0,-3.9765024
9.0,6.0,63.0,5.5536666
6.0,9.0,63.0,5.5536666
9.0,6.0,64.0,17.621706
6.0,9.0,64.0,17.621706
9.0,6.0,65.0,-16.446585
6.0,9.0,65.0,-16.446585
9.0,6.0,66.0,2.4138114
6.0,9.0,66.0,2.4138114
9.0,6.0,67.0,-14.777345
6.0,9.0,67.0,-14.777345
9.0,6.0,68.0,10.5990925
6.0,9.0,68.0,10.5990925
9.0,6.0,69.0,2.4828184
6.0,9.0,69.0,2.4828184
9.0,7.0,38.0,12.547477
7.0,9.0,38.0,12.547477
9.0,7.0,39.0,-3.912435
7.0,9.0,39.0,-3.912435
9.0,7.0,40.0,27.086582
7.0,9.0,40.0,27.086582
9.0,7.0,41.0,-3.180124
7.0,9.0,41.0,-3.180124
9.0,7.0,42.0,24.79401
7.0,9.0,42.0,24.79401
9.0,7.0,43.0,-14.111402
7.0,9.0,43.0,-14.111402
9.0,7.0,44.0,18.56869
7.0,9.0,44.0,18.56869
9.0,7.0,45.0,21.163591
7.0,9.0,45.0,21.163591
9.0,7.0,46.0,20.264593
7.0,9.0,46.0,20.264593
9.0,7.0,47.0,1.1492094
7.0,9.0,47.0,1.1492094
9.0,7.0,48.0,56.31335
7.0,9.0,48.0,56.31335
9.0,7.0,49.0,13.608464
7.0,9.0,49.0,13.608464
9.0,7.0,50.0,22.689892
7.0,9.0,50.0,22.689892
9.0,7.0,51.0,0.3541044
7.0,9.0,51.0,0.3541044
9.0,7.0,52.0,16.776773
7.0,9.0,52.0,16.776773
9.0,7.0,53.0,17.837692
7.0,9.0,53.0,17.837692
9.0,7.0,54.0,-2.922767
7.0,9.0,54.0,-2.922767
9.0,7.0,55.0,4.3922973
7.0,9.0,55.0,4.3922973
9.0,7.0,56.0,1.1588
7.0,9.0,56.0,1.1588
9.0,7.0,57.0,-0.3027564
7.0,9.0,57.0,-0.3027564
9.0,7.0,58.0,20.645346
7.0,9.0,58.0,20.645346
9.0,7.0,59.0,9.716866
7.0,9.0,59.0,9.716866
9.0,7.0,60.0,13.589701
7.0,9.0,60.0,13.589701
9.0,7.0,61.0,-12.921586
7.0,9.0,61.0,-12.921586
9.0,7.0,62.0,8.471225
7.0,9.0,62.0,8.471225
9.0,7.0,63.0,29.111628
7.0,9.0,63.0,29.111628
9.0,7.0,64.0,11.850915
7.0,9.0,64.0,11.850915
9.0,7.0,65.0,-5.0161915
7.0,9.0,65.0,-5.0161915
9.0,7.0,66.0,21.714293
7.0,9.0,66.0,21.714293
9.0,7.0,67.0,-31.475866
7.0,9.0,67.0,-31.475866
9.0,7.0,68.0,14.613207
7.0,9.0,68.0,14.613207
9.0,7.0,69.0,21.868755
7.0,9.0,69.0,21.868755
9.0,10.0,38.0,33.935364
10.0,9.0,38.0,33.935364
9.0,10.0,38.0,49.618572
10.0,9.0,38.0,49.618572
9.0,10.0,39.0,24.290323
10.0,9.0,39.0,24.290323
9.0,10.0,40.0,14.327817
10.0,9.0,40.0,14.327817
9.0,10.0,40.0,42.106903
10.0,9.0,40.0,42.106903
9.0,10.0,41.0,-25.856222
10.0,9.0,41.0,-25.856222
9.0,10.0,41.0,21.327524
10.0,9.0,41.0,21.327524
9.0,10.0,42.0,9.44596
10.0,9.0,42.0,9.44596
9.0,10.0,42.0,-11.301219
10.0,9.0,42.0,-11.301219
9.0,10.0,43.0,40.569065
10.0,9.0,43.0,40.569065
9.0,10.0,43.0,17.540758
10.0,9.0,43.0,17.540758
9.0,10.0,44.0,10.043165
10.0,9.0,44.0,10.043165
9.0,10.0,44.0,17.978983
10.0,9.0,44.0,17.978983
9.0,10.0,45.0,25.5868
10.0,9.0,45.0,25.5868
9.0,10.0,45.0,14.158837
10.0,9.0,45.0,14.158837
9.0,10.0,46.0,25.96216
10.0,9.0,46.0,25.96216
9.0,10.0,47.0,41.10956
10.0,9.0,47.0,41.10956
9.0,10.0,47.0,37.836037
10.0,9.0,47.0,37.836037
9.0,10.0,48.0,-11.991203
10.0,9.0,48.0,-11.991203
9.0,10.0,49.0,40.185013
10.0,9.0,49.0,40.185013
9.0,10.0,49.0,36.439213
10.0,9.0,49.0,36.439213
9.0,10.0,50.0,9.837091
10.0,9.0,50.0,9.837091
9.0,10.0,51.0,71.62214
10.0,9.0,51.0,71.62214
9.0,10.0,52.0,44.039192
10.0,9.0,52.0,44.039192
9.0,10.0,52.0,39.072113
10.0,9.0,52.0,39.072113
9.0,10.0,53.0,61.65647
10.0,9.0,53.0,61.65647
9.0,10.0,53.0,41.48263
10.0,9.0,53.0,41.48263
9.0,10.0,54.0,7.038489
10.0,9.0,54.0,7.038489
9.0,10.0,54.0,-16.97159
10.0,9.0,54.0,-16.97159
9.0,10.0,55.0,-1.9443023
10.0,9.0,55.0,-1.9443023
9.0,10.0,56.0,40.163757
10.0,9.0,56.0,40.163757
9.0,10.0,57.0,15.261172
10.0,9.0,57.0,15.261172
9.0,10.0,58.0,29.123875
10.0,9.0,58.0,29.123875
9.0,10.0,59.0,33.84755
10.0,9.0,59.0,33.84755
9.0,10.0,59.0,29.045074
10.0,9.0,59.0,29.045074
9.0,10.0,60.0,18.85245
10.0,9.0,60.0,18.85245
9.0,10.0,61.0,11.435506
10.0,9.0,61.0,11.435506
9.0,10.0,62.0,26.694935
10.0,9.0,62.0,26.694935
9.0,10.0,63.0,43.18514
10.0,9.0,63.0,43.18514
9.0,10.0,64.0,51.862514
10.0,9.0,64.0,51.862514
9.0,10.0,65.0,0.43257743
10.0,9.0,65.0,0.43257743
9.0,10.0,65.0,-12.241794
10.0,9.0,65.0,-12.241794
9.0,10.0,66.0,68.73102
10.0,9.0,66.0,68.73102
9.0,10.0,67.0,-3.2483537
10.0,9.0,67.0,-3.2483537
9.0,10.0,68.0,15.982074
10.0,9.0,68.0,15.982074
9.0,10.0,69.0,14.149411
10.0,9.0,69.0,14.149411
9.0,11.0,38.0,17.424604
11.0,9.0,38.0,17.424604
9.0,11.0,39.0,14.448804
11.0,9.0,39.0,14.448804
9.0,11.0,40.0,14.058997
11.0,9.0,40.0,14.058997
9.0,11.0,41.0,-10.02338
11.0,9.0,41.0,-10.02338
9.0,11.0,42.0,3.0415606
11.0,9.0,42.0,3.0415606
9.0,11.0,43.0,19.699718
11.0,9.0,43.0,19.699718
9.0,11.0,44.0,11.548803
11.0,9.0,44.0,11.548803
9.0,11.0,45.0,21.525026
11.0,9.0,45.0,21.525026
9.0,11.0,46.0,17.518719
11.0,9.0,46.0,17.518719
9.0,11.0,47.0,22.5355
11.0,9.0,47.0,22.5355
9.0,11.0,48.0,-47.05011
11.0,9.0,48.0,-47.05011
9.0,11.0,49.0,31.111582
11.0,9.0,49.0,31.111582
9.0,11.0,50.0,12.109699
11.0,9.0,50.0,12.109699
9.0,11.0,51.0,20.78015
11.0,9.0,51.0,20.78015
9.0,11.0,52.0,2.5865502
11.0,9.0,52.0,2.5865502
9.0,11.0,53.0,16.53584
11.0,9.0,53.0,16.53584
9.0,11.0,54.0,-2.082029
11.0,9.0,54.0,-2.082029
9.0,11.0,55.0,2.090692
11.0,9.0,55.0,2.090692
9.0,11.0,56.0,17.85793
11.0,9.0,56.0,17.85793
9.0,11.0,57.0,-6.2915373
11.0,9.0,57.0,-6.2915373
9.0,11.0,58.0,24.494461
11.0,9.0,58.0,24.494461
9.0,11.0,59.0,24.537798
11.0,9.0,59.0,24.537798
9.0,11.0,60.0,14.1480255
11.0,9.0,60.0,14.1480255
9.0,11.0,61.0,11.366264
11.0,9.0,61.0,11.366264
9.0,11.0,62.0,22.908024
11.0,9.0,62.0,22.908024
9.0,11.0,63.0,10.604132
11.0,9.0,63.0,10.604132
9.0,11.0,64.0,5.5347896
11.0,9.0,64.0,5.5347896
9.0,11.0,65.0,12.6369
11.0,9.0,65.0,12.6369
9.0,11.0,66.0,34.01556
11.0,9.0,66.0,34.01556
9.0,11.0,67.0,-6.963796
11.0,9.0,67.0,-6.963796
9.0,11.0,68.0,9.691623
11.0,9.0,68.0,9.691623
9.0,11.0,69.0,25.016386
11.0,9.0,69.0,25.016386
9.0,12.0,38.0,-0.59418005
12.0,9.0,38.0,-0.59418005
9.0,12.0,39.0,6.9477167
12.0,9.0,39.0,6.9477167
9.0,12.0,40.0,21.566994
12.0,9.0,40.0,21.566994
9.0,12.0,41.0,-16.34035
12.0,9.0,41.0,-16.34035
9.0,12.0,42.0,5.406109
12.0,9.0,42.0,5.406109
9.0,12.0,43.0,9.320468
12.0,9.0,43.0,9.320468
9.0,12.0,44.0,14.503607
12.0,9.0,44.0,14.503607
9.0,12.0,45.0,10.560962
12.0,9.0,45.0,10.560962
9.0,12.0,46.0,10.99248
12.0,9.0,46.0,10.99248
9.0,12.0,47.0,12.734565
12.0,9.0,47.0,12.734565
9.0,12.0,48.0,-33.05689
12.0,9.0,48.0,-33.05689
9.0,12.0,49.0,28.431355
12.0,9.0,49.0,28.431355
9.0,12.0,50.0,4.8656664
12.0,9.0,50.0,4.8656664
9.0,12.0,51.0,36.97077
12.0,9.0,51.0,36.97077
9.0,12.0,52.0,8.64766
12.0,9.0,52.0,8.64766
9.0,12.0,53.0,-11.369721
12.0,9.0,53.0,-11.369721
9.0,12.0,54.0,8.9079
12.0,9.0,54.0,8.9079
9.0,12.0,55.0,-16.942991
12.0,9.0,55.0,-16.942991
9.0,12.0,56.0,10.70294
12.0,9.0,56.0,10.70294
9.0,12.0,57.0,5.6989975
12.0,9.0,57.0,5.6989975
9.0,12.0,58.0,18.137323
12.0,9.0,58.0,18.137323
9.0,12.0,59.0,18.929222
12.0,9.0,59.0,18.929222
9.0,12.0,60.0,7.169866
12.0,9.0,60.0,7.169866
9.0,12.0,61.0,1.7029008
12.0,9.0,61.0,1.7029008
9.0,12.0,62.0,16.999365
12.0,9.0,62.0,16.999365
9.0,12.0,63.0,14.478256
12.0,9.0,63.0,14.478256
9.0,12.0,64.0,11.719299
12.0,9.0,64.0,11.719299
9.0,12.0,65.0,3.453767
12.0,9.0,65.0,3.453767
9.0,12.0,66.0,4.209116
12.0,9.0,66.0,4.209116
9.0,12.0,67.0,-2.863805
12.0,9.0,67.0,-2.863805
9.0,12.0,68.0,20.362988
12.0,9.0,68.0,20.362988
9.0,12.0,69.0,15.967015
12.0,9.0,69.0,15.967015
9.0,13.0,38.0,32.537067
13.0,9.0,38.0,32.537067
9.0,13.0,39.0,26.212864
13.0,9.0,39.0,26.212864
9.0,13.0,40.0,28.586477
13.0,9.0,40.0,28.586477
9.0,13.0,41.0,-11.109615
13.0,9.0,41.0,-11.109615
9.0,13.0,42.0,23.901337
13.0,9.0,42.0,23.901337
9.0,13.0,43.0,52.340473
13.0,9.0,43.0,52.340473
9.0,13.0,44.0,21.940058
13.0,9.0,44.0,21.940058
9.0,13.0,45.0,19.760754
13.0,9.0,45.0,19.760754
9.0,13.0,46.0,11.4805765
13.0,9.0,46.0,11.4805765
9.0,13.0,47.0,21.74208
13.0,9.0,47.0,21.74208
9.0,13.0,48.0,9.727808
13.0,9.0,48.0,9.727808
9.0,13.0,49.0,58.28508
13.0,9.0,49.0,58.28508
9.0,13.0,50.0,10.034296
13.0,9.0,50.0,10.034296
9.0,13.0,51.0,92.85066
13.0,9.0,51.0,92.85066
9.0,13.0,52.0,26.937721
13.0,9.0,52.0,26.937721
9.0,13.0,53.0,32.83084
13.0,9.0,53.0,32.83084
9.0,13.0,54.0,6.251808
13.0,9.0,54.0,6.251808
9.0,13.0,55.0,-1.0263537
13.0,9.0,55.0,-1.0263537
9.0,13.0,56.0,38.726532
13.0,9.0,56.0,38.726532
9.0,13.0,57.0,14.78529
13.0,9.0,57.0,14.78529
9.0,13.0,58.0,36.35032
13.0,9.0,58.0,36.35032
9.0,13.0,59.0,23.704243
13.0,9.0,59.0,23.704243
9.0,13.0,60.0,19.643389
13.0,9.0,60.0,19.643389
9.0,13.0,61.0,22.031803
13.0,9.0,61.0,22.031803
9.0,13.0,62.0,45.520435
13.0,9.0,62.0,45.520435
9.0,13.0,63.0,19.32533
13.0,9.0,63.0,19.32533
9.0,13.0,64.0,58.01792
13.0,9.0,64.0,58.01792
9.0,13.0,65.0,3.0925555
13.0,9.0,65.0,3.0925555
9.0,13.0,66.0,44.544773
13.0,9.0,66.0,44.544773
9.0,13.0,67.0,15.358156
13.0,9.0,67.0,15.358156
9.0,13.0,68.0,20.786453
13.0,9.0,68.0,20.786453
9.0,13.0,69.0,14.617611
13.0,9.0,69.0,14.617611
9.0,14.0,38.0,22.634552
14.0,9.0,38.0,22.634552
9.0,14.0,39.0,12.343124
14.0,9.0,39.0,12.343124
9.0,14.0,40.0,21.860622
14.0,9.0,40.0,21.860622
9.0,14.0,41.0,-9.156674
14.0,9.0,41.0,-9.156674
9.0,14.0,42.0,12.618999
14.0,9.0,42.0,12.618999
9.0,14.0,43.0,25.355927
14.0,9.0,43.0,25.355927
9.0,14.0,44.0,-7.608237
14.0,9.0,44.0,-7.608237
9.0,14.0,45.0,15.866339
14.0,9.0,45.0,15.866339
9.0,14.0,46.0,18.118937
14.0,9.0,46.0,18.118937
9.0,14.0,47.0,13.309184
14.0,9.0,47.0,13.309184
9.0,14.0,48.0,10.751035
14.0,9.0,48.0,10.751035
9.0,14.0,49.0,34.52903
14.0,9.0,49.0,34.52903
9.0,14.0,50.0,7.8003707
14.0,9.0,50.0,7.8003707
9.0,14.0,51.0,11.046911
14.0,9.0,51.0,11.046911
9.0,14.0,52.0,7.8953767
14.0,9.0,52.0,7.8953767
9.0,14.0,53.0,-11.518258
14.0,9.0,53.0,-11.518258
9.0,14.0,54.0,7.67173
14.0,9.0,54.0,7.67173
9.0,14.0,55.0,-18.891819
14.0,9.0,55.0,-18.891819
9.0,14.0,56.0,27.522127
14.0,9.0,56.0,27.522127
9.0,14.0,57.0,-1.354825
14.0,9.0,57.0,-1.354825
9.0,14.0,58.0,20.777622
14.0,9.0,58.0,20.777622
9.0,14.0,59.0,24.298866
14.0,9.0,59.0,24.298866
9.0,14.0,60.0,5.9333534
14.0,9.0,60.0,5.9333534
9.0,14.0,61.0,5.4246216
14.0,9.0,61.0,5.4246216
9.0,14.0,62.0,14.945128
14.0,9.0,62.0,14.945128
9.0,14.0,63.0,2.1889448
14.0,9.0,63.0,2.1889448
9.0,14.0,64.0,2.8199658
14.0,9.0,64.0,2.8199658
9.0,14.0,65.0,-4.4204464
14.0,9.0,65.0,-4.4204464
9.0,14.0,66.0,7.3649316
14.0,9.0,66.0,7.3649316
9.0,14.0,67.0,-62.111763
14.0,9.0,67.0,-62.111763
9.0,14.0,68.0,5.700608
14.0,9.0,68.0,5.700608
9.0,14.0,69.0,12.207848
14.0,9.0,69.0,12.207848
9.0,20.0,38.0,-0.9222426
20.0,9.0,38.0,-0.9222426
9.0,20.0,39.0,-27.866598
20.0,9.0,39.0,-27.866598
9.0,20.0,40.0,-11.825638
20.0,9.0,40.0,-11.825638
9.0,20.0,41.0,-24.069723
20.0,9.0,41.0,-24.069723
9.0,20.0,42.0,-16.944088
20.0,9.0,42.0,-16.944088
9.0,20.0,43.0,-6.261719
20.0,9.0,43.0,-6.261719
9.0,20.0,44.0,-14.813503
20.0,9.0,44.0,-14.813503
9.0,20.0,45.0,-6.2182665
20.0,9.0,45.0,-6.2182665
9.0,20.0,46.0,-23.568275
20.0,9.0,46.0,-23.568275
9.0,20.0,47.0,-16.53905
20.0,9.0,47.0,-16.53905
9.0,20.0,48.0,0.14871098
20.0,9.0,48.0,0.14871098
9.0,20.0,49.0,-2.9304817
20.0,9.0,49.0,-2.9304817
9.0,20.0,50.0,-21.41579
20.0,9.0,50.0,-21.41579
9.0,20.0,51.0,-6.8654666
20.0,9.0,51.0,-6.8654666
9.0,20.0,52.0,-5.8254137
20.0,9.0,52.0,-5.8254137
9.0,20.0,53.0,-17.188082
20.0,9.0,53.0,-17.188082
9.0,20.0,54.0,-25.856613
20.0,9.0,54.0,-25.856613
9.0,20.0,55.0,-20.509363
20.0,9.0,55.0,-20.509363
9.0,20.0,56.0,1.4357519
20.0,9.0,56.0,1.4357519
9.0,20.0,57.0,-23.257603
20.0,9.0,57.0,-23.257603
9.0,20.0,58.0,14.853916
20.0,9.0,58.0,14.853916
9.0,20.0,59.0,-40.352615
20.0,9.0,59.0,-40.352615
9.0,20.0,60.0,-12.66019
20.0,9.0,60.0,-12.66019
9.0,20.0,61.0,-35.882748
20.0,9.0,61.0,-35.882748
9.0,20.0,62.0,-7.6178775
20.0,9.0,62.0,-7.6178775
9.0,20.0,63.0,-0.004049673
20.0,9.0,63.0,-0.004049673
9.0,20.0,64.0,-2.6736395
20.0,9.0,64.0,-2.6736395
9.0,20.0,65.0,-17.78016
20.0,9.0,65.0,-17.78016
9.0,20.0,66.0,-2.7160628
20.0,9.0,66.0,-2.7160628
9.0,20.0,67.0,-11.319245
20.0,9.0,67.0,-11.319245
9.0,20.0,68.0,-25.94666
20.0,9.0,68.0,-25.94666
9.0,20.0,69.0,-12.20687
20.0,9.0,69.0,-12.20687
9.0,15.0,38.0,44.539597
15.0,9.0,38.0,44.539597
9.0,15.0,39.0,26.59765
15.0,9.0,39.0,26.59765
9.0,15.0,40.0,25.87015
15.0,9.0,40.0,25.87015
9.0,15.0,41.0,11.351199
15.0,9.0,41.0,11.351199
9.0,15.0,42.0,6.974734
15.0,9.0,42.0,6.974734
9.0,15.0,43.0,25.512054
15.0,9.0,43.0,25.512054
9.0,15.0,44.0,5.368023
15.0,9.0,44.0,5.368023
9.0,15.0,45.0,1.0499042
15.0,9.0,45.0,1.0499042
9.0,15.0,46.0,24.01548
15.0,9.0,46.0,24.01548
9.0,15.0,47.0,29.513988
15.0,9.0,47.0,29.513988
9.0,15.0,48.0,16.471945
15.0,9.0,48.0,16.471945
9.0,15.0,49.0,62.695816
15.0,9.0,49.0,62.695816
9.0,15.0,50.0,8.107683
15.0,9.0,50.0,8.107683
9.0,15.0,51.0,-3.2490737
15.0,9.0,51.0,-3.2490737
9.0,15.0,52.0,15.98143
15.0,9.0,52.0,15.98143
9.0,15.0,53.0,74.07495
15.0,9.0,53.0,74.07495
9.0,15.0,54.0,11.768766
15.0,9.0,54.0,11.768766
9.0,15.0,55.0,-2.6668904
15.0,9.0,55.0,-2.6668904
9.0,15.0,56.0,17.050943
15.0,9.0,56.0,17.050943
9.0,15.0,57.0,13.729627
15.0,9.0,57.0,13.729627
9.0,15.0,58.0,45.112892
15.0,9.0,58.0,45.112892
9.0,15.0,59.0,31.311626
15.0,9.0,59.0,31.311626
9.0,15.0,60.0,30.03786
15.0,9.0,60.0,30.03786
9.0,15.0,61.0,10.196341
15.0,9.0,61.0,10.196341
9.0,15.0,62.0,1.3324993
15.0,9.0,62.0,1.3324993
9.0,15.0,63.0,33.27908
15.0,9.0,63.0,33.27908
9.0,15.0,64.0,8.121401
15.0,9.0,64.0,8.121401
9.0,15.0,65.0,-0.3081356
15.0,9.0,65.0,-0.3081356
9.0,15.0,66.0,59.25734
15.0,9.0,66.0,59.25734
9.0,15.0,67.0,58.830055
15.0,9.0,67.0,58.830055
9.0,15.0,68.0,12.873692
15.0,9.0,68.0,12.873692
9.0,15.0,69.0,6.1994796
15.0,9.0,69.0,6.1994796
9.0,21.0,38.0,22.203243
21.0,9.0,38.0,22.203243
9.0,21.0,39.0,42.909298
21.0,9.0,39.0,42.909298
9.0,21.0,40.0,26.189764
21.0,9.0,40.0,26.189764
9.0,21.0,41.0,-12.796611
21.0,9.0,41.0,-12.796611
9.0,21.0,42.0,6.9266105
21.0,9.0,42.0,6.9266105
9.0,21.0,43.0,22.560513
21.0,9.0,43.0,22.560513
9.0,21.0,44.0,23.92402
21.0,9.0,44.0,23.92402
9.0,21.0,45.0,32.233257
21.0,9.0,45.0,32.233257
9.0,21.0,46.0,13.519544
21.0,9.0,46.0,13.519544
9.0,21.0,47.0,21.36732
21.0,9.0,47.0,21.36732
9.0,21.0,48.0,11.040284
21.0,9.0,48.0,11.040284
9.0,21.0,49.0,25.47653
21.0,9.0,49.0,25.47653
9.0,21.0,50.0,20.01337
21.0,9.0,50.0,20.01337
9.0,21.0,51.0,62.621033
21.0,9.0,51.0,62.621033
9.0,21.0,52.0,17.090757
21.0,9.0,52.0,17.090757
9.0,21.0,53.0,35.75041
21.0,9.0,53.0,35.75041
9.0,21.0,54.0,58.04697
21.0,9.0,54.0,58.04697
9.0,21.0,55.0,-7.039712
21.0,9.0,55.0,-7.039712
9.0,21.0,56.0,15.195186
21.0,9.0,56.0,15.195186
9.0,21.0,57.0,-19.571829
21.0,9.0,57.0,-19.571829
9.0,21.0,58.0,46.086163
21.0,9.0,58.0,46.086163
9.0,21.0,59.0,55.624096
21.0,9.0,59.0,55.624096
9.0,21.0,60.0,5.16596
21.0,9.0,60.0,5.16596
9.0,21.0,61.0,54.418503
21.0,9.0,61.0,54.418503
9.0,21.0,62.0,2.1363926
21.0,9.0,62.0,2.1363926
9.0,21.0,63.0,25.455795
21.0,9.0,63.0,25.455795
9.0,21.0,64.0,26.408678
21.0,9.0,64.0,26.408678
9.0,21.0,65.0,19.413223
21.0,9.0,65.0,19.413223
9.0,21.0,66.0,45.44354
21.0,9.0,66.0,45.44354
9.0,21.0,67.0,2.2049596
21.0,9.0,67.0,2.2049596
9.0,21.0,68.0,13.842626
21.0,9.0,68.0,13.842626
9.0,21.0,69.0,34.147972
21.0,9.0,69.0,34.147972
9.0,16.0,38.0,18.299189
16.0,9.0,38.0,18.299189
9.0,16.0,39.0,5.648966
16.0,9.0,39.0,5.648966
9.0,16.0,40.0,18.304333
16.0,9.0,40.0,18.304333
9.0,16.0,41.0,9.327134
16.0,9.0,41.0,9.327134
9.0,16.0,42.0,-4.304597
16.0,9.0,42.0,-4.304597
9.0,16.0,43.0,3.8402653
16.0,9.0,43.0,3.8402653
9.0,16.0,44.0,15.187582
16.0,9.0,44.0,15.187582
9.0,16.0,45.0,19.276167
16.0,9.0,45.0,19.276167
9.0,16.0,46.0,15.301555
16.0,9.0,46.0,15.301555
9.0,16.0,47.0,-4.305863
16.0,9.0,47.0,-4.305863
9.0,16.0,48.0,-6.138303
16.0,9.0,48.0,-6.138303
9.0,16.0,49.0,-1.2538033
16.0,9.0,49.0,-1.2538033
9.0,16.0,50.0,4.0920024
16.0,9.0,50.0,4.0920024
9.0,16.0,51.0,-23.174927
16.0,9.0,51.0,-23.174927
9.0,16.0,52.0,19.422726
16.0,9.0,52.0,19.422726
9.0,16.0,53.0,14.884851
16.0,9.0,53.0,14.884851
9.0,16.0,54.0,3.8512156
16.0,9.0,54.0,3.8512156
9.0,16.0,55.0,16.404211
16.0,9.0,55.0,16.404211
9.0,16.0,56.0,7.982785
16.0,9.0,56.0,7.982785
9.0,16.0,57.0,6.903925
16.0,9.0,57.0,6.903925
9.0,16.0,58.0,-6.433
16.0,9.0,58.0,-6.433
9.0,16.0,59.0,15.035404
16.0,9.0,59.0,15.035404
9.0,16.0,60.0,15.527471
16.0,9.0,60.0,15.527471
9.0,16.0,61.0,4.4385567
16.0,9.0,61.0,4.4385567
9.0,16.0,62.0,14.238296
16.0,9.0,62.0,14.238296
9.0,16.0,63.0,-2.1883337
16.0,9.0,63.0,-2.1883337
9.0,16.0,64.0,26.966873
16.0,9.0,64.0,26.966873
9.0,16.0,65.0,11.8372345
16.0,9.0,65.0,11.8372345
9.0,16.0,66.0,17.132719
16.0,9.0,66.0,17.132719
9.0,16.0,67.0,1.8593634
16.0,9.0,67.0,1.8593634
9.0,16.0,68.0,20.099407
16.0,9.0,68.0,20.099407
9.0,16.0,69.0,11.7621565
16.0,9.0,69.0,11.7621565
9.0,22.0,38.0,22.043509
22.0,9.0,38.0,22.043509
9.0,22.0,39.0,10.4911585
22.0,9.0,39.0,10.4911585
9.0,22.0,40.0,-1.7659352
22.0,9.0,40.0,-1.7659352
9.0,22.0,41.0,2.6517034
22.0,9.0,41.0,2.6517034
9.0,22.0,42.0,-11.522468
22.0,9.0,42.0,-11.522468
9.0,22.0,43.0,6.873562
22.0,9.0,43.0,6.873562
9.0,22.0,44.0,3.0082488
22.0,9.0,44.0,3.0082488
9.0,22.0,45.0,-7.2256503
22.0,9.0,45.0,-7.2256503
9.0,22.0,46.0,10.131373
22.0,9.0,46.0,10.131373
9.0,22.0,47.0,-12.565243
22.0,9.0,47.0,-12.565243
9.0,22.0,48.0,1.6341724
22.0,9.0,48.0,1.6341724
9.0,22.0,49.0,26.61683
22.0,9.0,49.0,26.61683
9.0,22.0,50.0,-0.99427366
22.0,9.0,50.0,-0.99427366
9.0,22.0,51.0,4.2295284
22.0,9.0,51.0,4.2295284
9.0,22.0,52.0,14.0043745
22.0,9.0,52.0,14.0043745
9.0,22.0,53.0,20.962515
22.0,9.0,53.0,20.962515
9.0,22.0,54.0,23.14219
22.0,9.0,54.0,23.14219
9.0,22.0,55.0,-2.3058572
22.0,9.0,55.0,-2.3058572
9.0,22.0,56.0,7.131753
22.0,9.0,56.0,7.131753
9.0,22.0,57.0,-12.15201
22.0,9.0,57.0,-12.15201
9.0,22.0,58.0,-13.405072
22.0,9.0,58.0,-13.405072
9.0,22.0,59.0,3.5278854
22.0,9.0,59.0,3.5278854
9.0,22.0,60.0,15.973485
22.0,9.0,60.0,15.973485
9.0,22.0,61.0,9.194465
22.0,9.0,61.0,9.194465
9.0,22.0,62.0,5.9429965
22.0,9.0,62.0,5.9429965
9.0,22.0,63.0,12.214679
22.0,9.0,63.0,12.214679
9.0,22.0,64.0,-10.917614
22.0,9.0,64.0,-10.917614
9.0,22.0,65.0,14.100491
22.0,9.0,65.0,14.100491
9.0,22.0,66.0,15.937319
22.0,9.0,66.0,15.937319
9.0,22.0,67.0,-5.7385397
22.0,9.0,67.0,-5.7385397
9.0,22.0,68.0,0.28854984
22.0,9.0,68.0,0.28854984
9.0,22.0,69.0,17.90068
22.0,9.0,69.0,17.90068
31.0,0.0,38.0,8.23601
0.0,31.0,38.0,8.23601
31.0,0.0,39.0,-0.38351664
0.0,31.0,39.0,-0.38351664
31.0,0.0,40.0,-9.092847
0.0,31.0,40.0,-9.092847
31.0,0.0,41.0,-11.719116
0.0,31.0,41.0,-11.719116
31.0,0.0,42.0,-1.6550014
0.0,31.0,42.0,-1.6550014
31.0,0.0,43.0,5.065807
0.0,31.0,43.0,5.065807
31.0,0.0,44.0,-11.18803
0.0,31.0,44.0,-11.18803
31.0,0.0,45.0,-0.4550751
0.0,31.0,45.0,-0.4550751
31.0,0.0,46.0,-7.006615
0.0,31.0,46.0,-7.006615
31.0,0.0,47.0,-2.8516905
0.0,31.0,47.0,-2.8516905
31.0,0.0,48.0,10.148302
0.0,31.0,48.0,10.148302
31.0,0.0,49.0,-5.3910537
0.0,31.0,49.0,-5.3910537
31.0,0.0,50.0,1.041212
0.0,31.0,50.0,1.041212
31.0,0.0,51.0,1.1316108
0.0,31.0,51.0,1.1316108
31.0,0.0,52.0,-7.3947077
0.0,31.0,52.0,-7.3947077
31.0,0.0,53.0,-5.356283
0.0,31.0,53.0,-5.356283
31.0,0.0,54.0,-3.1981153
0.0,31.0,54.0,-3.1981153
31.0,0.0,55.0,-2.9127083
0.0,31.0,55.0,-2.9127083
31.0,0.0,56.0,-0.10495244
0.0,31.0,56.0,-0.10495244
31.0,0.0,57.0,2.6110473
0.0,31.0,57.0,2.6110473
31.0,0.0,58.0,6.4249206
0.0,31.0,58.0,6.4249206
31.0,0.0,59.0,2.0127516
0.0,31.0,59.0,2.0127516
31.0,0.0,60.0,-4.946384
0.0,31.0,60.0,-4.946384
31.0,0.0,61.0,-10.68107
0.0,31.0,61.0,-10.68107
31.0,0.0,62.0,-3.0615463
0.0,31.0,62.0,-3.0615463
31.0,0.0,63.0,5.505512
0.0,31.0,63.0,5.505512
31.0,0.0,64.0,-1.5364738
0.0,31.0,64.0,-1.5364738
31.0,0.0,65.0,-3.009638
0.0,31.0,65.0,-3.009638
31.0,0.0,66.0,-24.120937
0.0,31.0,66.0,-24.120937
31.0,0.0,67.0,-24.071646
0.0,31.0,67.0,-24.071646
31.0,0.0,68.0,-8.285234
0.0,31.0,68.0,-8.285234
31.0,0.0,69.0,-11.924977
0.0,31.0,69.0,-11.924977
31.0,1.0,38.0,8.488618
1.0,31.0,38.0,8.488618
31.0,1.0,39.0,9.360688
1.0,31.0,39.0,9.360688
31.0,1.0,40.0,11.122357
1.0,31.0,40.0,11.122357
31.0,1.0,41.0,4.878225
1.0,31.0,41.0,4.878225
31.0,1.0,42.0,-0.98145586
1.0,31.0,42.0,-0.98145586
31.0,1.0,43.0,-9.763161
1.0,31.0,43.0,-9.763161
31.0,1.0,44.0,3.2202764
1.0,31.0,44.0,3.2202764
31.0,1.0,45.0,1.7117105
1.0,31.0,45.0,1.7117105
31.0,1.0,46.0,6.6387835
1.0,31.0,46.0,6.6387835
31.0,1.0,47.0,6.2176023
1.0,31.0,47.0,6.2176023
31.0,1.0,48.0,3.089119
1.0,31.0,48.0,3.089119
31.0,1.0,49.0,-0.8054925
1.0,31.0,49.0,-0.8054925
31.0,1.0,50.0,9.412426
1.0,31.0,50.0,9.412426
31.0,1.0,51.0,5.431691
1.0,31.0,51.0,5.431691
31.0,1.0,52.0,9.332098
1.0,31.0,52.0,9.332098
31.0,1.0,53.0,-0.81015956
1.0,31.0,53.0,-0.81015956
31.0,1.0,54.0,3.8630047
1.0,31.0,54.0,3.8630047
31.0,1.0,55.0,5.465548
1.0,31.0,55.0,5.465548
31.0,1.0,56.0,3.1750948
1.0,31.0,56.0,3.1750948
31.0,1.0,57.0,2.4330873
1.0,31.0,57.0,2.4330873
31.0,1.0,58.0,9.982772
1.0,31.0,58.0,9.982772
31.0,1.0,59.0,8.998542
1.0,31.0,59.0,8.998542
31.0,1.0,60.0,9.8188505
1.0,31.0,60.0,9.8188505
31.0,1.0,61.0,15.83062
1.0,31.0,61.0,15.83062
31.0,1.0,62.0,7.266521
1.0,31.0,62.0,7.266521
31.0,1.0,63.0,6.281584
1.0,31.0,63.0,6.281584
31.0,1.0,64.0,12.537148
1.0,31.0,64.0,12.537148
31.0,1.0,65.0,1.1245414
1.0,31.0,65.0,1.1245414
31.0,1.0,66.0,0.9776706
1.0,31.0,66.0,0.9776706
31.0,1.0,67.0,4.120915
1.0,31.0,67.0,4.120915
31.0,1.0,68.0,10.859509
1.0,31.0,68.0,10.859509
31.0,1.0,69.0,3.545247
1.0,31.0,69.0,3.545247
31.0,2.0,38.0,28.168886
2.0,31.0,38.0,28.168886
31.0,2.0,39.0,19.916624
2.0,31.0,39.0,19.916624
31.0,2.0,40.0,14.380981
2.0,31.0,40.0,14.380981
31.0,2.0,41.0,10.5782
2.0,31.0,41.0,10.5782
31.0,2.0,42.0,9.428957
2.0,31.0,42.0,9.428957
31.0,2.0,43.0,25.58003
2.0,31.0,43.0,25.58003
31.0,2.0,44.0,11.53375
2.0,31.0,44.0,11.53375
31.0,2.0,45.0,9.3876295
2.0,31.0,45.0,9.3876295
31.0,2.0,46.0,13.985676
2.0,31.0,46.0,13.985676
31.0,2.0,47.0,16.256042
2.0,31.0,47.0,16.256042
31.0,2.0,48.0,72.74055
2.0,31.0,48.0,72.74055
31.0,2.0,49.0,14.794469
2.0,31.0,49.0,14.794469
31.0,2.0,50.0,13.98428
2.0,31.0,50.0,13.98428
31.0,2.0,51.0,-0.16619678
2.0,31.0,51.0,-0.16619678
31.0,2.0,52.0,8.940866
2.0,31.0,52.0,8.940866
31.0,2.0,53.0,11.908607
2.0,31.0,53.0,11.908607
31.0,2.0,54.0,6.7819624
2.0,31.0,54.0,6.7819624
31.0,2.0,55.0,18.69292
2.0,31.0,55.0,18.69292
31.0,2.0,56.0,18.857256
2.0,31.0,56.0,18.857256
31.0,2.0,57.0,19.258572
2.0,31.0,57.0,19.258572
31.0,2.0,58.0,18.692484
2.0,31.0,58.0,18.692484
31.0,2.0,59.0,12.639399
2.0,31.0,59.0,12.639399
31.0,2.0,60.0,-0.105193146
2.0,31.0,60.0,-0.105193146
31.0,2.0,61.0,19.897623
2.0,31.0,61.0,19.897623
31.0,2.0,62.0,24.19832
2.0,31.0,62.0,24.19832
31.0,2.0,63.0,21.608461
2.0,31.0,63.0,21.608461
31.0,2.0,64.0,9.164379
2.0,31.0,64.0,9.164379
31.0,2.0,65.0,15.437409
2.0,31.0,65.0,15.437409
31.0,2.0,66.0,14.209559
2.0,31.0,66.0,14.209559
31.0,2.0,67.0,111.95944
2.0,31.0,67.0,111.95944
31.0,2.0,68.0,17.326382
2.0,31.0,68.0,17.326382
31.0,2.0,69.0,11.57517
2.0,31.0,69.0,11.57517
31.0,3.0,38.0,-20.466923
3.0,31.0,38.0,-20.466923
31.0,3.0,39.0,-16.410717
3.0,31.0,39.0,-16.410717
31.0,3.0,40.0,9.495895
3.0,31.0,40.0,9.495895
31.0,3.0,41.0,-16.531446
3.0,31.0,41.0,-16.531446
31.0,3.0,42.0,-32.638176
3.0,31.0,42.0,-32.638176
31.0,3.0,43.0,-6.762729
3.0,31.0,43.0,-6.762729
31.0,3.0,44.0,2.0228791
3.0,31.0,44.0,2.0228791
31.0,3.0,45.0,-3.26492
3.0,31.0,45.0,-3.26492
31.0,3.0,46.0,-7.950119
3.0,31.0,46.0,-7.950119
31.0,3.0,47.0,-18.448978
3.0,31.0,47.0,-18.448978
31.0,3.0,48.0,-8.489993
3.0,31.0,48.0,-8.489993
31.0,3.0,49.0,-3.9553747
3.0,31.0,49.0,-3.9553747
31.0,3.0,50.0,-4.6415257
3.0,31.0,50.0,-4.6415257
31.0,3.0,51.0,51.001373
3.0,31.0,51.0,51.001373
31.0,3.0,52.0,-31.132578
3.0,31.0,52.0,-31.132578
31.0,3.0,53.0,0.348994
3.0,31.0,53.0,0.348994
31.0,3.0,54.0,-7.7333403
3.0,31.0,54.0,-7.7333403
31.0,3.0,55.0,-17.21463
3.0,31.0,55.0,-17.21463
31.0,3.0,56.0,-16.086422
3.0,31.0,56.0,-16.086422
31.0,3.0,57.0,-4.328189
3.0,31.0,57.0,-4.328189
31.0,3.0,58.0,-1.1815618
3.0,31.0,58.0,-1.1815618
31.0,3.0,59.0,3.695951
3.0,31.0,59.0,3.695951
31.0,3.0,60.0,-19.692986
3.0,31.0,60.0,-19.692986
31.0,3.0,61.0,-6.2320743
3.0,31.0,61.0,-6.2320743
31.0,3.0,62.0,-8.589077
3.0,31.0,62.0,-8.589077
31.0,3.0,63.0,-8.973388
3.0,31.0,63.0,-8.973388
31.0,3.0,64.0,-14.753818
3.0,31.0,64.0,-14.753818
31.0,3.0,65.0,-5.089268
3.0,31.0,65.0,-5.089268
31.0,3.0,66.0,-4.4794044
3.0,31.0,66.0,-4.4794044
31.0,3.0,67.0,-8.762216
3.0,31.0,67.0,-8.762216
31.0,3.0,68.0,-9.218057
3.0,31.0,68.0,-9.218057
31.0,3.0,69.0,-18.127764
3.0,31.0,69.0,-18.127764
31.0,4.0,38.0,17.03147
4.0,31.0,38.0,17.03147
31.0,4.0,39.0,26.018959
4.0,31.0,39.0,26.018959
31.0,4.0,40.0,-5.2608857
4.0,31.0,40.0,-5.2608857
31.0,4.0,41.0,25.883547
4.0,31.0,41.0,25.883547
31.0,4.0,42.0,4.7256165
4.0,31.0,42.0,4.7256165
31.0,4.0,43.0,29.386501
4.0,31.0,43.0,29.386501
31.0,4.0,44.0,-8.047696
4.0,31.0,44.0,-8.047696
31.0,4.0,45.0,-31.910734
4.0,31.0,45.0,-31.910734
31.0,4.0,46.0,-38.91279
4.0,31.0,46.0,-38.91279
31.0,4.0,47.0,9.301433
4.0,31.0,47.0,9.301433
31.0,4.0,48.0,7.1092834
4.0,31.0,48.0,7.1092834
31.0,4.0,49.0,22.881912
4.0,31.0,49.0,22.881912
31.0,4.0,50.0,20.703634
4.0,31.0,50.0,20.703634
31.0,4.0,51.0,98.80382
4.0,31.0,51.0,98.80382
31.0,4.0,52.0,19.542593
4.0,31.0,52.0,19.542593
31.0,4.0,53.0,-65.7777
4.0,31.0,53.0,-65.7777
31.0,4.0,54.0,-7.9339676
4.0,31.0,54.0,-7.9339676
31.0,4.0,55.0,23.633623
4.0,31.0,55.0,23.633623
31.0,4.0,56.0,-1.189342
4.0,31.0,56.0,-1.189342
31.0,4.0,57.0,-3.987901
4.0,31.0,57.0,-3.987901
31.0,4.0,58.0,48.879753
4.0,31.0,58.0,48.879753
31.0,4.0,59.0,6.6692357
4.0,31.0,59.0,6.6692357
31.0,4.0,60.0,7.501148
4.0,31.0,60.0,7.501148
31.0,4.0,61.0,5.2683344
4.0,31.0,61.0,5.2683344
31.0,4.0,62.0,-24.725864
4.0,31.0,62.0,-24.725864
31.0,4.0,63.0,-1.1606666
4.0,31.0,63.0,-1.1606666
31.0,4.0,64.0,-7.6520467
4.0,31.0,64.0,-7.6520467
31.0,4.0,65.0,9.52379
4.0,31.0,65.0,9.52379
31.0,4.0,66.0,11.416924
4.0,31.0,66.0,11.416924
31.0,4.0,67.0,13.13203
4.0,31.0,67.0,13.13203
31.0,4.0,68.0,-0.70414734
4.0,31.0,68.0,-0.70414734
31.0,4.0,69.0,13.462812
4.0,31.0,69.0,13.462812
31.0,5.0,38.0,2.4158587
5.0,31.0,38.0,2.4158587
31.0,5.0,39.0,-1.6825724
5.0,31.0,39.0,-1.6825724
31.0,5.0,40.0,4.4015055
5.0,31.0,40.0,4.4015055
31.0,5.0,41.0,7.464713
5.0,31.0,41.0,7.464713
31.0,5.0,42.0,3.178195
5.0,31.0,42.0,3.178195
31.0,5.0,43.0,6.0960813
5.0,31.0,43.0,6.0960813
31.0,5.0,44.0,-7.595241
5.0,31.0,44.0,-7.595241
31.0,5.0,45.0,-5.771405
5.0,31.0,45.0,-5.771405
31.0,5.0,46.0,-7.736143
5.0,31.0,46.0,-7.736143
31.0,5.0,47.0,-3.8081515
5.0,31.0,47.0,-3.8081515
31.0,5.0,48.0,22.308987
5.0,31.0,48.0,22.308987
31.0,5.0,49.0,-4.7125483
5.0,31.0,49.0,-4.7125483
31.0,5.0,50.0,3.957477
5.0,31.0,50.0,3.957477
31.0,5.0,51.0,0.32704437
5.0,31.0,51.0,0.32704437
31.0,5.0,52.0,23.123987
5.0,31.0,52.0,23.123987
31.0,5.0,53.0,4.6033974
5.0,31.0,53.0,4.6033974
31.0,5.0,54.0,14.050699
5.0,31.0,54.0,14.050699
31.0,5.0,55.0,-4.5536485
5.0,31.0,55.0,-4.5536485
31.0,5.0,56.0,-9.829903
5.0,31.0,56.0,-9.829903
31.0,5.0,57.0,-14.517637
5.0,31.0,57.0,-14.517637
31.0,5.0,58.0,5.6596403
5.0,31.0,58.0,5.6596403
31.0,5.0,59.0,-3.4702992
5.0,31.0,59.0,-3.4702992
31.0,5.0,60.0,6.1633687
5.0,31.0,60.0,6.1633687
31.0,5.0,61.0,5.365155
5.0,31.0,61.0,5.365155
31.0,5.0,62.0,5.2694526
5.0,31.0,62.0,5.2694526
31.0,5.0,63.0,4.299959
5.0,31.0,63.0,4.299959
31.0,5.0,64.0,1.9798733
5.0,31.0,64.0,1.9798733
31.0,5.0,65.0,2.4463725
5.0,31.0,65.0,2.4463725
31.0,5.0,66.0,-6.6799064
5.0,31.0,66.0,-6.6799064
31.0,5.0,67.0,-6.443327
5.0,31.0,67.0,-6.443327
31.0,5.0,68.0,-12.574541
5.0,31.0,68.0,-12.574541
31.0,5.0,69.0,2.4641633
5.0,31.0,69.0,2.4641633
31.0,6.0,38.0,4.9388423
6.0,31.0,38.0,4.9388423
31.0,6.0,39.0,0.69790083
6.0,31.0,39.0,0.69790083
31.0,6.0,40.0,1.0174972
6.0,31.0,40.0,1.0174972
31.0,6.0,41.0,-2.0616493
6.0,31.0,41.0,-2.0616493
31.0,6.0,42.0,-2.2193227
6.0,31.0,42.0,-2.2193227
31.0,6.0,43.0,3.2730646
6.0,31.0,43.0,3.2730646
31.0,6.0,44.0,-7.6110444
6.0,31.0,44.0,-7.6110444
31.0,6.0,45.0,-1.2547561
6.0,31.0,45.0,-1.2547561
31.0,6.0,46.0,-3.4728603
6.0,31.0,46.0,-3.4728603
31.0,6.0,47.0,-2.7678773
6.0,31.0,47.0,-2.7678773
31.0,6.0,48.0,6.1176243
6.0,31.0,48.0,6.1176243
31.0,6.0,49.0,2.9179683
6.0,31.0,49.0,2.9179683
31.0,6.0,50.0,4.721767
6.0,31.0,50.0,4.721767
31.0,6.0,51.0,43.268906
6.0,31.0,51.0,43.268906
31.0,6.0,52.0,-12.140555
6.0,31.0,52.0,-12.140555
31.0,6.0,53.0,1.3676741
6.0,31.0,53.0,1.3676741
31.0,6.0,54.0,-10.739941
6.0,31.0,54.0,-10.739941
31.0,6.0,55.0,-5.7962785
6.0,31.0,55.0,-5.7962785
31.0,6.0,56.0,6.1857734
6.0,31.0,56.0,6.1857734
31.0,6.0,57.0,-9.942621
6.0,31.0,57.0,-9.942621
31.0,6.0,58.0,-14.025873
6.0,31.0,58.0,-14.025873
31.0,6.0,59.0,9.643513
6.0,31.0,59.0,9.643513
31.0,6.0,60.0,-12.16139
6.0,31.0,60.0,-12.16139
31.0,6.0,61.0,0.312663
6.0,31.0,61.0,0.312663
31.0,6.0,62.0,-6.1968665
6.0,31.0,62.0,-6.1968665
31.0,6.0,63.0,5.509104
6.0,31.0,63.0,5.509104
31.0,6.0,64.0,2.54666
6.0,31.0,64.0,2.54666
31.0,6.0,65.0,-7.555064
6.0,31.0,65.0,-7.555064
31.0,6.0,66.0,13.875538
6.0,31.0,66.0,13.875538
31.0,6.0,67.0,22.874973
6.0,31.0,67.0,22.874973
31.0,6.0,68.0,10.334446
6.0,31.0,68.0,10.334446
31.0,6.0,69.0,1.926979
6.0,31.0,69.0,1.926979
31.0,7.0,38.0,3.1267915
7.0,31.0,38.0,3.1267915
31.0,7.0,39.0,-11.484861
7.0,31.0,39.0,-11.484861
31.0,7.0,40.0,-3.0024097
7.0,31.0,40.0,-3.0024097
31.0,7.0,41.0,1.4855958
7.0,31.0,41.0,1.4855958
31.0,7.0,42.0,-3.700844
7.0,31.0,42.0,-3.700844
31.0,7.0,43.0,-6.7187567
7.0,31.0,43.0,-6.7187567
31.0,7.0,44.0,-14.919225
7.0,31.0,44.0,-14.919225
31.0,7.0,45.0,-0.56673425
7.0,31.0,45.0,-0.56673425
31.0,7.0,46.0,-13.939893
7.0,31.0,46.0,-13.939893
31.0,7.0,47.0,-10.551948
7.0,31.0,47.0,-10.551948
31.0,7.0,48.0,27.294107
7.0,31.0,48.0,27.294107
31.0,7.0,49.0,-14.012956
7.0,31.0,49.0,-14.012956
31.0,7.0,50.0,1.7188939
7.0,31.0,50.0,1.7188939
31.0,7.0,51.0,-1.274179
7.0,31.0,51.0,-1.274179
31.0,7.0,52.0,-8.876419
7.0,31.0,52.0,-8.876419
31.0,7.0,53.0,-11.343941
7.0,31.0,53.0,-11.343941
31.0,7.0,54.0,-14.9430485
7.0,31.0,54.0,-14.9430485
31.0,7.0,55.0,-4.3564568
7.0,31.0,55.0,-4.3564568
31.0,7.0,56.0,-36.35982
7.0,31.0,56.0,-36.35982
31.0,7.0,57.0,-16.800505
7.0,31.0,57.0,-16.800505
31.0,7.0,58.0,-10.030226
7.0,31.0,58.0,-10.030226
31.0,7.0,59.0,6.0622277
7.0,31.0,59.0,6.0622277
31.0,7.0,60.0,-10.922241
7.0,31.0,60.0,-10.922241
31.0,7.0,61.0,-18.335447
7.0,31.0,61.0,-18.335447
31.0,7.0,62.0,-4.32491
7.0,31.0,62.0,-4.32491
31.0,7.0,63.0,8.013831
7.0,31.0,63.0,8.013831
31.0,7.0,64.0,-15.065882
7.0,31.0,64.0,-15.065882
31.0,7.0,65.0,-12.738485
7.0,31.0,65.0,-12.738485
31.0,7.0,66.0,-13.008658
7.0,31.0,66.0,-13.008658
31.0,7.0,67.0,-8.033921
7.0,31.0,67.0,-8.033921
31.0,7.0,68.0,-12.09324
7.0,31.0,68.0,-12.09324
31.0,7.0,69.0,-15.404444
7.0,31.0,69.0,-15.404444
31.0,8.0,38.0,8.308231
8.0,31.0,38.0,8.308231
31.0,8.0,39.0,4.4586334
8.0,31.0,39.0,4.4586334
31.0,8.0,40.0,8.89529
8.0,31.0,40.0,8.89529
31.0,8.0,41.0,6.300371
8.0,31.0,41.0,6.300371
31.0,8.0,42.0,-0.64485884
8.0,31.0,42.0,-0.64485884
31.0,8.0,43.0,10.667335
8.0,31.0,43.0,10.667335
31.0,8.0,44.0,4.0801773
8.0,31.0,44.0,4.0801773
31.0,8.0,45.0,-4.4831896
8.0,31.0,45.0,-4.4831896
31.0,8.0,46.0,-0.5471477
8.0,31.0,46.0,-0.5471477
31.0,8.0,47.0,7.2657385
8.0,31.0,47.0,7.2657385
31.0,8.0,48.0,15.331595
8.0,31.0,48.0,15.331595
31.0,8.0,49.0,2.3514261
8.0,31.0,49.0,2.3514261
31.0,8.0,50.0,5.1459627
8.0,31.0,50.0,5.1459627
31.0,8.0,51.0,-9.647342
8.0,31.0,51.0,-9.647342
31.0,8.0,52.0,-4.9284315
8.0,31.0,52.0,-4.9284315
31.0,8.0,53.0,6.5307264
8.0,31.0,53.0,6.5307264
31.0,8.0,54.0,6.4958396
8.0,31.0,54.0,6.4958396
31.0,8.0,55.0,6.5326066
8.0,31.0,55.0,6.5326066
31.0,8.0,56.0,3.6157775
8.0,31.0,56.0,3.6157775
31.0,8.0,57.0,9.897607
8.0,31.0,57.0,9.897607
31.0,8.0,58.0,-6.8482122
8.0,31.0,58.0,-6.8482122
31.0,8.0,59.0,6.184798
8.0,31.0,59.0,6.184798
31.0,8.0,60.0,-6.4040313
8.0,31.0,60.0,-6.4040313
31.0,8.0,61.0,2.6454659
8.0,31.0,61.0,2.6454659
31.0,8.0,62.0,10.454525
8.0,31.0,62.0,10.454525
31.0,8.0,63.0,7.0076795
8.0,31.0,63.0,7.0076795
31.0,8.0,64.0,3.944853
8.0,31.0,64.0,3.944853
31.0,8.0,65.0,0.82284075
8.0,31.0,65.0,0.82284075
31.0,8.0,66.0,1.3807856
8.0,31.0,66.0,1.3807856
31.0,8.0,67.0,12.05778
8.0,31.0,67.0,12.05778
31.0,8.0,68.0,12.041483
8.0,31.0,68.0,12.041483
31.0,8.0,69.0,5.090804
8.0,31.0,69.0,5.090804
31.0,9.0,38.0,10.743287
9.0,31.0,38.0,10.743287
31.0,9.0,39.0,-2.174461
9.0,31.0,39.0,-2.174461
31.0,9.0,40.0,-5.6292176
9.0,31.0,40.0,-5.6292176
31.0,9.0,41.0,-13.574088
9.0,31.0,41.0,-13.574088
31.0,9.0,42.0,7.027328
9.0,31.0,42.0,7.027328
31.0,9.0,43.0,3.273731
9.0,31.0,43.0,3.273731
31.0,9.0,44.0,-8.4444
9.0,31.0,44.0,-8.4444
31.0,9.0,45.0,5.3064103
9.0,31.0,45.0,5.3064103
31.0,9.0,46.0,-2.1272974
9.0,31.0,46.0,-2.1272974
31.0,9.0,47.0,0.48733014
9.0,31.0,47.0,0.48733014
31.0,9.0,48.0,18.248278
9.0,31.0,48.0,18.248278
31.0,9.0,49.0,11.416344
9.0,31.0,49.0,11.416344
31.0,9.0,50.0,13.537909
9.0,31.0,50.0,13.537909
31.0,9.0,51.0,29.18261
9.0,31.0,51.0,29.18261
31.0,9.0,52.0,-9.445499
9.0,31.0,52.0,-9.445499
31.0,9.0,53.0,2.3810918
9.0,31.0,53.0,2.3810918
31.0,9.0,54.0,-8.834417
9.0,31.0,54.0,-8.834417
31.0,9.0,55.0,-7.110798
9.0,31.0,55.0,-7.110798
31.0,9.0,56.0,-1.5763869
9.0,31.0,56.0,-1.5763869
31.0,9.0,57.0,-13.897227
9.0,31.0,57.0,-13.897227
31.0,9.0,58.0,11.187698
9.0,31.0,58.0,11.187698
31.0,9.0,59.0,5.963667
9.0,31.0,59.0,5.963667
31.0,9.0,60.0,-3.2586503
9.0,31.0,60.0,-3.2586503
31.0,9.0,61.0,4.747904
9.0,31.0,61.0,4.747904
31.0,9.0,62.0,-4.1661096
9.0,31.0,62.0,-4.1661096
31.0,9.0,63.0,0.07797396
9.0,31.0,63.0,0.07797396
31.0,9.0,64.0,0.08845286
9.0,31.0,64.0,0.08845286
31.0,9.0,65.0,-6.5129166
9.0,31.0,65.0,-6.5129166
31.0,9.0,66.0,15.448904
9.0,31.0,66.0,15.448904
31.0,9.0,67.0,19.056526
9.0,31.0,67.0,19.056526
31.0,9.0,68.0,6.5133433
9.0,31.0,68.0,6.5133433
31.0,9.0,69.0,-4.9934893
9.0,31.0,69.0,-4.9934893
31.0,10.0,38.0,12.756674
10.0,31.0,38.0,12.756674
31.0,10.0,39.0,10.314304
10.0,31.0,39.0,10.314304
31.0,10.0,40.0,3.0450785
10.0,31.0,40.0,3.0450785
31.0,10.0,41.0,1.4697924
10.0,31.0,41.0,1.4697924
31.0,10.0,42.0,5.4715095
10.0,31.0,42.0,5.4715095
31.0,10.0,43.0,-6.0729976
10.0,31.0,43.0,-6.0729976
31.0,10.0,44.0,2.6337898
10.0,31.0,44.0,2.6337898
31.0,10.0,45.0,2.2197235
10.0,31.0,45.0,2.2197235
31.0,10.0,46.0,3.0408406
10.0,31.0,46.0,3.0408406
31.0,10.0,47.0,-0.45240414
10.0,31.0,47.0,-0.45240414
31.0,10.0,48.0,7.589512
10.0,31.0,48.0,7.589512
31.0,10.0,49.0,-4.8658915
10.0,31.0,49.0,-4.8658915
31.0,10.0,50.0,4.7716722
10.0,31.0,50.0,4.7716722
31.0,10.0,51.0,1.7777388
10.0,31.0,51.0,1.7777388
31.0,10.0,52.0,-1.6297148
10.0,31.0,52.0,-1.6297148
31.0,10.0,53.0,-2.1726735
10.0,31.0,53.0,-2.1726735
31.0,10.0,54.0,-1.2189476
10.0,31.0,54.0,-1.2189476
31.0,10.0,55.0,3.5956666
10.0,31.0,55.0,3.5956666
31.0,10.0,56.0,1.1819453
10.0,31.0,56.0,1.1819453
31.0,10.0,57.0,5.0345445
10.0,31.0,57.0,5.0345445
31.0,10.0,58.0,-4.9807234
10.0,31.0,58.0,-4.9807234
31.0,10.0,59.0,5.6750884
10.0,31.0,59.0,5.6750884
31.0,10.0,60.0,11.536772
10.0,31.0,60.0,11.536772
31.0,10.0,61.0,1.8376479
10.0,31.0,61.0,1.8376479
31.0,10.0,62.0,-6.278899
10.0,31.0,62.0,-6.278899
31.0,10.0,63.0,-0.23232795
10.0,31.0,63.0,-0.23232795
31.0,10.0,64.0,8.3862
10.0,31.0,64.0,8.3862
31.0,10.0,65.0,1.1664649
10.0,31.0,65.0,1.1664649
31.0,10.0,66.0,-7.802052
10.0,31.0,66.0,-7.802052
31.0,10.0,67.0,51.184166
10.0,31.0,67.0,51.184166
31.0,10.0,68.0,-3.48163
10.0,31.0,68.0,-3.48163
31.0,10.0,69.0,4.3636823
10.0,31.0,69.0,4.3636823
31.0,11.0,38.0,10.704063
11.0,31.0,38.0,10.704063
31.0,11.0,39.0,9.110077
11.0,31.0,39.0,9.110077
31.0,11.0,40.0,1.583877
11.0,31.0,40.0,1.583877
31.0,11.0,41.0,-3.7257879
11.0,31.0,41.0,-3.7257879
31.0,11.0,42.0,11.392574
11.0,31.0,42.0,11.392574
31.0,11.0,43.0,4.5409684
11.0,31.0,43.0,4.5409684
31.0,11.0,44.0,-0.8777138
11.0,31.0,44.0,-0.8777138
31.0,11.0,45.0,5.6853056
11.0,31.0,45.0,5.6853056
31.0,11.0,46.0,3.8369038
11.0,31.0,46.0,3.8369038
31.0,11.0,47.0,5.7086315
11.0,31.0,47.0,5.7086315
31.0,11.0,48.0,-2.614352
11.0,31.0,48.0,-2.614352
31.0,11.0,49.0,-7.3187637
11.0,31.0,49.0,-7.3187637
31.0,11.0,50.0,3.0155628
11.0,31.0,50.0,3.0155628
31.0,11.0,51.0,-5.3443737
11.0,31.0,51.0,-5.3443737
31.0,11.0,52.0,8.354084
11.0,31.0,52.0,8.354084
31.0,11.0,53.0,7.9307175
11.0,31.0,53.0,7.9307175
31.0,11.0,54.0,-1.6605295
11.0,31.0,54.0,-1.6605295
31.0,11.0,55.0,-0.7374041
11.0,31.0,55.0,-0.7374041
31.0,11.0,56.0,18.863153
11.0,31.0,56.0,18.863153
31.0,11.0,57.0,-0.97529215
11.0,31.0,57.0,-0.97529215
31.0,11.0,58.0,16.726442
11.0,31.0,58.0,16.726442
31.0,11.0,59.0,4.6094456
11.0,31.0,59.0,4.6094456
31.0,11.0,60.0,9.719114
11.0,31.0,60.0,9.719114
31.0,11.0,61.0,4.1255145
11.0,31.0,61.0,4.1255145
31.0,11.0,62.0,3.8184142
11.0,31.0,62.0,3.8184142
31.0,11.0,63.0,6.6687746
11.0,31.0,63.0,6.6687746
31.0,11.0,64.0,8.231518
11.0,31.0,64.0,8.231518
31.0,11.0,65.0,6.4357314
11.0,31.0,65.0,6.4357314
31.0,11.0,66.0,-14.777885
11.0,31.0,66.0,-14.777885
31.0,11.0,67.0,22.794693
11.0,31.0,67.0,22.794693
31.0,11.0,68.0,-11.739775
11.0,31.0,68.0,-11.739775
31.0,11.0,69.0,16.211096
11.0,31.0,69.0,16.211096
31.0,12.0,38.0,2.6047924
12.0,31.0,38.0,2.6047924
31.0,12.0,39.0,6.2457504
12.0,31.0,39.0,6.2457504
31.0,12.0,40.0,8.552383
12.0,31.0,40.0,8.552383
31.0,12.0,41.0,-3.7891734
12.0,31.0,41.0,-3.7891734
31.0,12.0,42.0,5.298727
12.0,31.0,42.0,5.298727
31.0,12.0,43.0,-2.737297
12.0,31.0,43.0,-2.737297
31.0,12.0,44.0,-0.29855445
12.0,31.0,44.0,-0.29855445
31.0,12.0,45.0,-0.5171991
12.0,31.0,45.0,-0.5171991
31.0,12.0,46.0,-1.6756058
12.0,31.0,46.0,-1.6756058
31.0,12.0,47.0,2.3782113
12.0,31.0,47.0,2.3782113
31.0,12.0,48.0,0.17724065
12.0,31.0,48.0,0.17724065
31.0,12.0,49.0,-8.198486
12.0,31.0,49.0,-8.198486
31.0,12.0,50.0,3.8713
12.0,31.0,50.0,3.8713
31.0,12.0,51.0,-2.618821
12.0,31.0,51.0,-2.618821
31.0,12.0,52.0,2.7779949
12.0,31.0,52.0,2.7779949
31.0,12.0,53.0,3.075654
12.0,31.0,53.0,3.075654
31.0,12.0,54.0,8.126112
12.0,31.0,54.0,8.126112
31.0,12.0,55.0,-1.070494
12.0,31.0,55.0,-1.070494
31.0,12.0,56.0,6.8207717
12.0,31.0,56.0,6.8207717
31.0,12.0,57.0,2.5589375
12.0,31.0,57.0,2.5589375
31.0,12.0,58.0,-9.998167
12.0,31.0,58.0,-9.998167
31.0,12.0,59.0,1.7617054
12.0,31.0,59.0,1.7617054
31.0,12.0,60.0,9.300047
12.0,31.0,60.0,9.300047
31.0,12.0,61.0,2.9889243
12.0,31.0,61.0,2.9889243
31.0,12.0,62.0,6.939655
12.0,31.0,62.0,6.939655
31.0,12.0,63.0,1.6547029
12.0,31.0,63.0,1.6547029
31.0,12.0,64.0,9.269124
12.0,31.0,64.0,9.269124
31.0,12.0,65.0,3.5015442
12.0,31.0,65.0,3.5015442
31.0,12.0,66.0,1.7552117
12.0,31.0,66.0,1.7552117
31.0,12.0,67.0,31.272314
12.0,31.0,67.0,31.272314
31.0,12.0,68.0,2.246895
12.0,31.0,68.0,2.246895
31.0,12.0,69.0,10.514584
12.0,31.0,69.0,10.514584
31.0,13.0,38.0,26.631514
13.0,31.0,38.0,26.631514
31.0,13.0,39.0,7.9036837
13.0,31.0,39.0,7.9036837
31.0,13.0,40.0,10.038768
13.0,31.0,40.0,10.038768
31.0,13.0,41.0,10.924736
13.0,31.0,41.0,10.924736
31.0,13.0,42.0,7.1307755
13.0,31.0,42.0,7.1307755
31.0,13.0,43.0,46.256367
13.0,31.0,43.0,46.256367
31.0,13.0,44.0,9.358636
13.0,31.0,44.0,9.358636
31.0,13.0,45.0,3.4164767
13.0,31.0,45.0,3.4164767
31.0,13.0,46.0,2.2294793
13.0,31.0,46.0,2.2294793
31.0,13.0,47.0,10.819885
13.0,31.0,47.0,10.819885
31.0,13.0,48.0,14.430787
13.0,31.0,48.0,14.430787
31.0,13.0,49.0,18.380205
13.0,31.0,49.0,18.380205
31.0,13.0,50.0,3.598025
13.0,31.0,50.0,3.598025
31.0,13.0,51.0,-2.5603623
13.0,31.0,51.0,-2.5603623
31.0,13.0,52.0,12.305891
13.0,31.0,52.0,12.305891
31.0,13.0,53.0,3.2140045
13.0,31.0,53.0,3.2140045
31.0,13.0,54.0,8.25717
13.0,31.0,54.0,8.25717
31.0,13.0,55.0,3.5027242
13.0,31.0,55.0,3.5027242
31.0,13.0,56.0,27.143173
13.0,31.0,56.0,27.143173
31.0,13.0,57.0,14.089703
13.0,31.0,57.0,14.089703
31.0,13.0,58.0,11.332295
13.0,31.0,58.0,11.332295
31.0,13.0,59.0,-1.8351499
13.0,31.0,59.0,-1.8351499
31.0,13.0,60.0,17.243593
13.0,31.0,60.0,17.243593
31.0,13.0,61.0,7.9629774
13.0,31.0,61.0,7.9629774
31.0,13.0,62.0,21.248402
13.0,31.0,62.0,21.248402
31.0,13.0,63.0,18.075096
13.0,31.0,63.0,18.075096
31.0,13.0,64.0,18.835133
13.0,31.0,64.0,18.835133
31.0,13.0,65.0,8.192451
13.0,31.0,65.0,8.192451
31.0,13.0,66.0,-1.7905862
13.0,31.0,66.0,-1.7905862
31.0,13.0,67.0,54.12675
13.0,31.0,67.0,54.12675
31.0,13.0,68.0,0.4537823
13.0,31.0,68.0,0.4537823
31.0,13.0,69.0,10.458637
13.0,31.0,69.0,10.458637
31.0,14.0,38.0,0.13398774
14.0,31.0,38.0,0.13398774
31.0,14.0,39.0,0.18768317
14.0,31.0,39.0,0.18768317
31.0,14.0,40.0,-1.4168166
14.0,31.0,40.0,-1.4168166
31.0,14.0,41.0,-9.757977
14.0,31.0,41.0,-9.757977
31.0,14.0,42.0,3.784653
14.0,31.0,42.0,3.784653
31.0,14.0,43.0,9.53088
14.0,31.0,43.0,9.53088
31.0,14.0,44.0,-7.4274597
14.0,31.0,44.0,-7.4274597
31.0,14.0,45.0,-0.009923036
14.0,31.0,45.0,-0.009923036
31.0,14.0,46.0,11.615128
14.0,31.0,46.0,11.615128
31.0,14.0,47.0,-1.3743024
14.0,31.0,47.0,-1.3743024
31.0,14.0,48.0,-2.4965558
14.0,31.0,48.0,-2.4965558
31.0,14.0,49.0,6.6534476
14.0,31.0,49.0,6.6534476
31.0,14.0,50.0,3.7991047
14.0,31.0,50.0,3.7991047
31.0,14.0,51.0,-38.456535
14.0,31.0,51.0,-38.456535
31.0,14.0,52.0,4.311544
14.0,31.0,52.0,4.311544
31.0,14.0,53.0,-9.791245
14.0,31.0,53.0,-9.791245
31.0,14.0,54.0,7.5084844
14.0,31.0,54.0,7.5084844
31.0,14.0,55.0,-6.449294
14.0,31.0,55.0,-6.449294
31.0,14.0,56.0,10.46093
14.0,31.0,56.0,10.46093
31.0,14.0,57.0,3.1360178
14.0,31.0,57.0,3.1360178
31.0,14.0,58.0,1.7897122
14.0,31.0,58.0,1.7897122
31.0,14.0,59.0,-2.0067937
14.0,31.0,59.0,-2.0067937
31.0,14.0,60.0,4.1115384
14.0,31.0,60.0,4.1115384
31.0,14.0,61.0,-2.3917367
14.0,31.0,61.0,-2.3917367
31.0,14.0,62.0,10.256415
14.0,31.0,62.0,10.256415
31.0,14.0,63.0,-0.7410669
14.0,31.0,63.0,-0.7410669
31.0,14.0,64.0,1.8490163
14.0,31.0,64.0,1.8490163
31.0,14.0,65.0,1.4393746
14.0,31.0,65.0,1.4393746
31.0,14.0,66.0,-10.642726
14.0,31.0,66.0,-10.642726
31.0,14.0,67.0,10.847485
14.0,31.0,67.0,10.847485
31.0,14.0,68.0,-3.8042061
14.0,31.0,68.0,-3.8042061
31.0,14.0,69.0,7.453821
14.0,31.0,69.0,7.453821
31.0,15.0,38.0,26.409477
15.0,31.0,38.0,26.409477
31.0,15.0,39.0,-5.0929446
15.0,31.0,39.0,-5.0929446
31.0,15.0,40.0,2.3624556
15.0,31.0,40.0,2.3624556
31.0,15.0,41.0,-4.9979916
15.0,31.0,41.0,-4.9979916
31.0,15.0,42.0,-2.5592175
15.0,31.0,42.0,-2.5592175
31.0,15.0,43.0,-15.34728
15.0,31.0,43.0,-15.34728
31.0,15.0,44.0,-7.096245
15.0,31.0,44.0,-7.096245
31.0,15.0,45.0,-8.546474
15.0,31.0,45.0,-8.546474
31.0,15.0,46.0,-3.810899
15.0,31.0,46.0,-3.810899
31.0,15.0,47.0,-9.460398
15.0,31.0,47.0,-9.460398
31.0,15.0,48.0,23.953253
15.0,31.0,48.0,23.953253
31.0,15.0,49.0,-15.738533
15.0,31.0,49.0,-15.738533
31.0,15.0,50.0,-8.098222
15.0,31.0,50.0,-8.098222
31.0,15.0,51.0,-1.7192196
15.0,31.0,51.0,-1.7192196
31.0,15.0,52.0,-6.6401396
15.0,31.0,52.0,-6.6401396
31.0,15.0,53.0,-1.9299884
15.0,31.0,53.0,-1.9299884
31.0,15.0,54.0,-12.912353
15.0,31.0,54.0,-12.912353
31.0,15.0,55.0,-0.74147177
15.0,31.0,55.0,-0.74147177
31.0,15.0,56.0,-19.053907
15.0,31.0,56.0,-19.053907
31.0,15.0,57.0,-9.623808
15.0,31.0,57.0,-9.623808
31.0,15.0,58.0,16.044247
15.0,31.0,58.0,16.044247
31.0,15.0,59.0,9.828297
15.0,31.0,59.0,9.828297
31.0,15.0,60.0,-11.427022
15.0,31.0,60.0,-11.427022
31.0,15.0,61.0,-9.780386
15.0,31.0,61.0,-9.780386
31.0,15.0,62.0,1.593603
15.0,31.0,62.0,1.593603
31.0,15.0,63.0,-4.7163873
15.0,31.0,63.0,-4.7163873
31.0,15.0,64.0,-7.435317
15.0,31.0,64.0,-7.435317
31.0,15.0,65.0,-7.7267375
15.0,31.0,65.0,-7.7267375
31.0,15.0,66.0,-16.385056
15.0,31.0,66.0,-16.385056
31.0,15.0,67.0,2.5696256
15.0,31.0,67.0,2.5696256
31.0,15.0,68.0,-8.753621
15.0,31.0,68.0,-8.753621
31.0,15.0,69.0,-11.270551
15.0,31.0,69.0,-11.270551
31.0,16.0,38.0,16.775602
16.0,31.0,38.0,16.775602
31.0,16.0,39.0,5.4001436
16.0,31.0,39.0,5.4001436
31.0,16.0,40.0,13.368034
16.0,31.0,40.0,13.368034
31.0,16.0,41.0,7.4736853
16.0,31.0,41.0,7.4736853
31.0,16.0,42.0,3.59404
16.0,31.0,42.0,3.59404
31.0,16.0,43.0,7.08983
16.0,31.0,43.0,7.08983
31.0,16.0,44.0,4.6534395
16.0,31.0,44.0,4.6534395
31.0,16.0,45.0,9.915258
16.0,31.0,45.0,9.915258
31.0,16.0,46.0,8.470108
16.0,31.0,46.0,8.470108
31.0,16.0,47.0,1.8433872
16.0,31.0,47.0,1.8433872
31.0,16.0,48.0,10.854491
16.0,31.0,48.0,10.854491
31.0,16.0,49.0,-3.2637494
16.0,31.0,49.0,-3.2637494
31.0,16.0,50.0,4.1117167
16.0,31.0,50.0,4.1117167
31.0,16.0,51.0,-9.139859
16.0,31.0,51.0,-9.139859
31.0,16.0,52.0,4.5595646
16.0,31.0,52.0,4.5595646
31.0,16.0,53.0,7.1859756
16.0,31.0,53.0,7.1859756
31.0,16.0,54.0,7.386729
16.0,31.0,54.0,7.386729
31.0,16.0,55.0,10.988048
16.0,31.0,55.0,10.988048
31.0,16.0,56.0,10.74443
16.0,31.0,56.0,10.74443
31.0,16.0,57.0,8.279522
16.0,31.0,57.0,8.279522
31.0,16.0,58.0,-5.966611
16.0,31.0,58.0,-5.966611
31.0,16.0,59.0,9.856902
16.0,31.0,59.0,9.856902
31.0,16.0,60.0,15.3276005
16.0,31.0,60.0,15.3276005
31.0,16.0,61.0,3.9814167
16.0,31.0,61.0,3.9814167
31.0,16.0,62.0,8.288801
16.0,31.0,62.0,8.288801
31.0,16.0,63.0,15.829748
16.0,31.0,63.0,15.829748
31.0,16.0,64.0,14.50827
16.0,31.0,64.0,14.50827
31.0,16.0,65.0,10.2259865
16.0,31.0,65.0,10.2259865
31.0,16.0,66.0,3.5655096
16.0,31.0,66.0,3.5655096
31.0,16.0,67.0,9.988872
16.0,31.0,67.0,9.988872
31.0,16.0,68.0,8.633892
16.0,31.0,68.0,8.633892
31.0,16.0,69.0,7.4470224
16.0,31.0,69.0,7.4470224
31.0,17.0,38.0,7.3881583
17.0,31.0,38.0,7.3881583
31.0,17.0,39.0,8.880945
17.0,31.0,39.0,8.880945
31.0,17.0,40.0,7.9781723
17.0,31.0,40.0,7.9781723
31.0,17.0,41.0,8.065551
17.0,31.0,41.0,8.065551
31.0,17.0,42.0,7.4348135
17.0,31.0,42.0,7.4348135
31.0,17.0,43.0,13.59884
17.0,31.0,43.0,13.59884
31.0,17.0,44.0,2.766622
17.0,31.0,44.0,2.766622
31.0,17.0,45.0,9.364537
17.0,31.0,45.0,9.364537
31.0,17.0,46.0,-0.32346064
17.0,31.0,46.0,-0.32346064
31.0,17.0,47.0,5.9333777
17.0,31.0,47.0,5.9333777
31.0,17.0,48.0,-0.048804224
17.0,31.0,48.0,-0.048804224
31.0,17.0,49.0,1.1998223
17.0,31.0,49.0,1.1998223
31.0,17.0,50.0,4.417638
17.0,31.0,50.0,4.417638
31.0,17.0,51.0,1.6428936
17.0,31.0,51.0,1.6428936
31.0,17.0,52.0,5.7220807
17.0,31.0,52.0,5.7220807
31.0,17.0,53.0,3.9722643
17.0,31.0,53.0,3.9722643
31.0,17.0,54.0,2.7910972
17.0,31.0,54.0,2.7910972
31.0,17.0,55.0,11.189713
17.0,31.0,55.0,11.189713
31.0,17.0,56.0,7.9697337
17.0,31.0,56.0,7.9697337
31.0,17.0,57.0,6.5052147
17.0,31.0,57.0,6.5052147
31.0,17.0,58.0,0.62120765
17.0,31.0,58.0,0.62120765
31.0,17.0,59.0,7.486968
17.0,31.0,59.0,7.486968
31.0,17.0,60.0,8.65049
17.0,31.0,60.0,8.65049
31.0,17.0,61.0,-3.5983956
17.0,31.0,61.0,-3.5983956
31.0,17.0,62.0,3.588776
17.0,31.0,62.0,3.588776
31.0,17.0,63.0,6.073863
17.0,31.0,63.0,6.073863
31.0,17.0,64.0,6.810232
17.0,31.0,64.0,6.810232
31.0,17.0,65.0,2.9344223
17.0,31.0,65.0,2.9344223
31.0,17.0,66.0,-7.6064014
17.0,31.0,66.0,-7.6064014
31.0,17.0,67.0,18.876225
17.0,31.0,67.0,18.876225
31.0,17.0,68.0,8.018641
17.0,31.0,68.0,8.018641
31.0,17.0,69.0,14.694033
17.0,31.0,69.0,14.694033
31.0,18.0,38.0,0.86606485
18.0,31.0,38.0,0.86606485
31.0,18.0,39.0,-5.308426
18.0,31.0,39.0,-5.308426
31.0,18.0,40.0,-3.7947621
18.0,31.0,40.0,-3.7947621
31.0,18.0,41.0,-5.5604744
18.0,31.0,41.0,-5.5604744
31.0,18.0,42.0,1.5944881
18.0,31.0,42.0,1.5944881
31.0,18.0,43.0,-30.51532
18.0,31.0,43.0,-30.51532
31.0,18.0,44.0,-2.1797278
18.0,31.0,44.0,-2.1797278
31.0,18.0,45.0,-5.325345
18.0,31.0,45.0,-5.325345
31.0,18.0,46.0,-10.420969
18.0,31.0,46.0,-10.420969
31.0,18.0,47.0,-1.3939872
18.0,31.0,47.0,-1.3939872
31.0,18.0,48.0,-4.155338
18.0,31.0,48.0,-4.155338
31.0,18.0,49.0,-5.9896693
18.0,31.0,49.0,-5.9896693
31.0,18.0,50.0,-2.0164273
18.0,31.0,50.0,-2.0164273
31.0,18.0,51.0,-5.188816
18.0,31.0,51.0,-5.188816
31.0,18.0,52.0,-9.075224
18.0,31.0,52.0,-9.075224
31.0,18.0,53.0,-3.0577588
18.0,31.0,53.0,-3.0577588
31.0,18.0,54.0,-7.064671
18.0,31.0,54.0,-7.064671
31.0,18.0,55.0,-1.7318894
18.0,31.0,55.0,-1.7318894
31.0,18.0,56.0,-19.315428
18.0,31.0,56.0,-19.315428
31.0,18.0,57.0,-2.2898288
18.0,31.0,57.0,-2.2898288
31.0,18.0,58.0,-10.2103
18.0,31.0,58.0,-10.2103
31.0,18.0,59.0,1.5816067
18.0,31.0,59.0,1.5816067
31.0,18.0,60.0,0.8273582
18.0,31.0,60.0,0.8273582
31.0,18.0,61.0,4.3319874
18.0,31.0,61.0,4.3319874
31.0,18.0,62.0,3.0917048
18.0,31.0,62.0,3.0917048
31.0,18.0,63.0,8.452271
18.0,31.0,63.0,8.452271
31.0,18.0,64.0,-14.101329
18.0,31.0,64.0,-14.101329
31.0,18.0,65.0,-0.72383565
18.0,31.0,65.0,-0.72383565
31.0,18.0,66.0,-15.556524
18.0,31.0,66.0,-15.556524
31.0,18.0,67.0,-2.0490608
18.0,31.0,67.0,-2.0490608
31.0,18.0,68.0,-5.5621667
18.0,31.0,68.0,-5.5621667
31.0,18.0,69.0,-11.694912
18.0,31.0,69.0,-11.694912
31.0,19.0,38.0,6.478403
19.0,31.0,38.0,6.478403
31.0,19.0,39.0,7.4376416
19.0,31.0,39.0,7.4376416
31.0,19.0,40.0,3.3526
19.0,31.0,40.0,3.3526
31.0,19.0,41.0,-17.147398
19.0,31.0,41.0,-17.147398
31.0,19.0,42.0,9.7371855
19.0,31.0,42.0,9.7371855
31.0,19.0,43.0,6.520263
19.0,31.0,43.0,6.520263
31.0,19.0,44.0,-4.6674027
19.0,31.0,44.0,-4.6674027
31.0,19.0,45.0,0.0779921
19.0,31.0,45.0,0.0779921
31.0,19.0,46.0,-2.7067351
19.0,31.0,46.0,-2.7067351
31.0,19.0,47.0,11.196661
19.0,31.0,47.0,11.196661
31.0,19.0,48.0,7.316171
19.0,31.0,48.0,7.316171
31.0,19.0,49.0,1.4562614
19.0,31.0,49.0,1.4562614
31.0,19.0,50.0,5.055631
19.0,31.0,50.0,5.055631
31.0,19.0,51.0,-1.8941039
19.0,31.0,51.0,-1.8941039
31.0,19.0,52.0,7.312361
19.0,31.0,52.0,7.312361
31.0,19.0,53.0,5.5460677
19.0,31.0,53.0,5.5460677
31.0,19.0,54.0,-5.7882442
19.0,31.0,54.0,-5.7882442
31.0,19.0,55.0,2.992298
19.0,31.0,55.0,2.992298
31.0,19.0,56.0,-15.827683
19.0,31.0,56.0,-15.827683
31.0,19.0,57.0,3.060698
19.0,31.0,57.0,3.060698
31.0,19.0,58.0,15.625263
19.0,31.0,58.0,15.625263
31.0,19.0,59.0,4.5734997
19.0,31.0,59.0,4.5734997
31.0,19.0,60.0,8.397471
19.0,31.0,60.0,8.397471
31.0,19.0,61.0,5.1361723
19.0,31.0,61.0,5.1361723
31.0,19.0,62.0,2.422809
19.0,31.0,62.0,2.422809
31.0,19.0,63.0,7.0879946
19.0,31.0,63.0,7.0879946
31.0,19.0,64.0,15.110475
19.0,31.0,64.0,15.110475
31.0,19.0,65.0,8.215289
19.0,31.0,65.0,8.215289
31.0,19.0,66.0,6.904532
19.0,31.0,66.0,6.904532
31.0,19.0,67.0,55.631104
19.0,31.0,67.0,55.631104
31.0,19.0,68.0,-1.4880016
19.0,31.0,68.0,-1.4880016
31.0,19.0,69.0,22.247396
19.0,31.0,69.0,22.247396
32.0,0.0,38.0,-20.926115
0.0,32.0,38.0,-20.926115
32.0,0.0,39.0,-4.2193675
0.0,32.0,39.0,-4.2193675
32.0,0.0,40.0,-7.5512233
0.0,32.0,40.0,-7.5512233
32.0,0.0,41.0,9.51493
0.0,32.0,41.0,9.51493
32.0,0.0,42.0,0.37121567
0.0,32.0,42.0,0.37121567
32.0,0.0,43.0,12.990671
0.0,32.0,43.0,12.990671
32.0,0.0,44.0,4.6353116
0.0,32.0,44.0,4.6353116
32.0,0.0,45.0,-21.651834
0.0,32.0,45.0,-21.651834
32.0,0.0,46.0,-0.032445274
0.0,32.0,46.0,-0.032445274
32.0,0.0,47.0,1.4487854
0.0,32.0,47.0,1.4487854
32.0,0.0,48.0,-14.941238
0.0,32.0,48.0,-14.941238
32.0,0.0,49.0,-15.095545
0.0,32.0,49.0,-15.095545
32.0,0.0,50.0,1.3542254
0.0,32.0,50.0,1.3542254
32.0,0.0,51.0,-10.423392
0.0,32.0,51.0,-10.423392
32.0,0.0,52.0,-8.966644
0.0,32.0,52.0,-8.966644
32.0,0.0,53.0,7.7999806
0.0,32.0,53.0,7.7999806
32.0,0.0,54.0,-7.564127
0.0,32.0,54.0,-7.564127
32.0,0.0,55.0,-5.0307374
0.0,32.0,55.0,-5.0307374
32.0,0.0,56.0,13.69877
0.0,32.0,56.0,13.69877
32.0,0.0,57.0,-5.954566
0.0,32.0,57.0,-5.954566
32.0,0.0,58.0,-22.7241
0.0,32.0,58.0,-22.7241
32.0,0.0,59.0,-13.328264
0.0,32.0,59.0,-13.328264
32.0,0.0,60.0,-19.581697
0.0,32.0,60.0,-19.581697
32.0,0.0,61.0,13.413496
0.0,32.0,61.0,13.413496
32.0,0.0,62.0,16.101038
0.0,32.0,62.0,16.101038
32.0,0.0,63.0,0.30217224
0.0,32.0,63.0,0.30217224
32.0,0.0,64.0,-0.40122044
0.0,32.0,64.0,-0.40122044
32.0,0.0,65.0,-7.447237
0.0,32.0,65.0,-7.447237
32.0,0.0,66.0,8.08089
0.0,32.0,66.0,8.08089
32.0,0.0,67.0,-31.86794
0.0,32.0,67.0,-31.86794
32.0,0.0,68.0,2.3546655
0.0,32.0,68.0,2.3546655
32.0,0.0,69.0,4.6150026
0.0,32.0,69.0,4.6150026
32.0,1.0,38.0,-15.7932
1.0,32.0,38.0,-15.7932
32.0,1.0,39.0,-3.64852
1.0,32.0,39.0,-3.64852
32.0,1.0,40.0,1.2196618
1.0,32.0,40.0,1.2196618
32.0,1.0,41.0,-10.274106
1.0,32.0,41.0,-10.274106
32.0,1.0,42.0,-16.893253
1.0,32.0,42.0,-16.893253
32.0,1.0,43.0,-7.479607
1.0,32.0,43.0,-7.479607
32.0,1.0,44.0,-2.6329052
1.0,32.0,44.0,-2.6329052
32.0,1.0,45.0,-20.04583
1.0,32.0,45.0,-20.04583
32.0,1.0,46.0,9.763865
1.0,32.0,46.0,9.763865
32.0,1.0,47.0,-19.627497
1.0,32.0,47.0,-19.627497
32.0,1.0,48.0,-25.206892
1.0,32.0,48.0,-25.206892
32.0,1.0,49.0,-3.9381728
1.0,32.0,49.0,-3.9381728
32.0,1.0,50.0,-4.057477
1.0,32.0,50.0,-4.057477
32.0,1.0,51.0,-14.684366
1.0,32.0,51.0,-14.684366
32.0,1.0,52.0,-5.786834
1.0,32.0,52.0,-5.786834
32.0,1.0,53.0,-1.4818624
1.0,32.0,53.0,-1.4818624
32.0,1.0,54.0,-17.973652
1.0,32.0,54.0,-17.973652
32.0,1.0,55.0,-18.275175
1.0,32.0,55.0,-18.275175
32.0,1.0,56.0,-6.0184603
1.0,32.0,56.0,-6.0184603
32.0,1.0,57.0,1.1793019
1.0,32.0,57.0,1.1793019
32.0,1.0,58.0,-22.90616
1.0,32.0,58.0,-22.90616
32.0,1.0,59.0,-18.000242
1.0,32.0,59.0,-18.000242
32.0,1.0,60.0,-16.788353
1.0,32.0,60.0,-16.788353
32.0,1.0,61.0,-9.006738
1.0,32.0,61.0,-9.006738
32.0,1.0,62.0,-9.6947975
1.0,32.0,62.0,-9.6947975
32.0,1.0,63.0,-13.505118
1.0,32.0,63.0,-13.505118
32.0,1.0,64.0,8.705296
1.0,32.0,64.0,8.705296
32.0,1.0,65.0,-15.172626
1.0,32.0,65.0,-15.172626
32.0,1.0,66.0,-13.106002
1.0,32.0,66.0,-13.106002
32.0,1.0,67.0,-13.499024
1.0,32.0,67.0,-13.499024
32.0,1.0,68.0,1.5393338
1.0,32.0,68.0,1.5393338
32.0,1.0,69.0,-27.392326
1.0,32.0,69.0,-27.392326
32.0,2.0,38.0,-38.01213
2.0,32.0,38.0,-38.01213
32.0,2.0,39.0,-16.82481
2.0,32.0,39.0,-16.82481
32.0,2.0,40.0,-25.61862
2.0,32.0,40.0,-25.61862
32.0,2.0,41.0,-8.94954
2.0,32.0,41.0,-8.94954
32.0,2.0,42.0,-6.803307
2.0,32.0,42.0,-6.803307
32.0,2.0,43.0,9.464035
2.0,32.0,43.0,9.464035
32.0,2.0,44.0,-12.191269
2.0,32.0,44.0,-12.191269
32.0,2.0,45.0,-41.02097
2.0,32.0,45.0,-41.02097
32.0,2.0,46.0,7.25756
2.0,32.0,46.0,7.25756
32.0,2.0,47.0,-6.0205336
2.0,32.0,47.0,-6.0205336
32.0,2.0,48.0,48.292503
2.0,32.0,48.0,48.292503
32.0,2.0,49.0,7.1755304
2.0,32.0,49.0,7.1755304
32.0,2.0,50.0,-13.4833765
2.0,32.0,50.0,-13.4833765
32.0,2.0,51.0,-23.315302
2.0,32.0,51.0,-23.315302
32.0,2.0,52.0,-6.2016478
2.0,32.0,52.0,-6.2016478
32.0,2.0,53.0,-11.091069
2.0,32.0,53.0,-11.091069
32.0,2.0,54.0,-31.966717
2.0,32.0,54.0,-31.966717
32.0,2.0,55.0,-8.972338
2.0,32.0,55.0,-8.972338
32.0,2.0,56.0,-14.677943
2.0,32.0,56.0,-14.677943
32.0,2.0,57.0,5.4436436
2.0,32.0,57.0,5.4436436
32.0,2.0,58.0,-35.28896
2.0,32.0,58.0,-35.28896
32.0,2.0,59.0,-32.962322
2.0,32.0,59.0,-32.962322
32.0,2.0,60.0,-28.045322
2.0,32.0,60.0,-28.045322
32.0,2.0,61.0,-30.638266
2.0,32.0,61.0,-30.638266
32.0,2.0,62.0,-3.8804495
2.0,32.0,62.0,-3.8804495
32.0,2.0,63.0,-19.011948
2.0,32.0,63.0,-19.011948
32.0,2.0,64.0,6.5415125
2.0,32.0,64.0,6.5415125
32.0,2.0,65.0,-19.462076
2.0,32.0,65.0,-19.462076
32.0,2.0,66.0,10.87162
2.0,32.0,66.0,10.87162
32.0,2.0,67.0,35.745834
2.0,32.0,67.0,35.745834
32.0,2.0,68.0,-6.285283
2.0,32.0,68.0,-6.285283
32.0,2.0,69.0,-30.579542
2.0,32.0,69.0,-30.579542
32.0,3.0,38.0,-28.033092
3.0,32.0,38.0,-28.033092
32.0,3.0,39.0,-16.772367
3.0,32.0,39.0,-16.772367
32.0,3.0,40.0,-16.895498
3.0,32.0,40.0,-16.895498
32.0,3.0,41.0,-8.33639
3.0,32.0,41.0,-8.33639
32.0,3.0,42.0,-28.063963
3.0,32.0,42.0,-28.063963
32.0,3.0,43.0,-2.6061678
3.0,32.0,43.0,-2.6061678
32.0,3.0,44.0,-29.024336
3.0,32.0,44.0,-29.024336
32.0,3.0,45.0,-22.530735
3.0,32.0,45.0,-22.530735
32.0,3.0,46.0,-5.982495
3.0,32.0,46.0,-5.982495
32.0,3.0,47.0,-16.27109
3.0,32.0,47.0,-16.27109
32.0,3.0,48.0,-31.935265
3.0,32.0,48.0,-31.935265
32.0,3.0,49.0,-0.27543765
3.0,32.0,49.0,-0.27543765
32.0,3.0,50.0,-5.5136795
3.0,32.0,50.0,-5.5136795
32.0,3.0,51.0,-7.967424
3.0,32.0,51.0,-7.967424
32.0,3.0,52.0,-28.290714
3.0,32.0,52.0,-28.290714
32.0,3.0,53.0,-21.511429
3.0,32.0,53.0,-21.511429
32.0,3.0,54.0,-26.145939
3.0,32.0,54.0,-26.145939
32.0,3.0,55.0,-34.76633
3.0,32.0,55.0,-34.76633
32.0,3.0,56.0,-4.108241
3.0,32.0,56.0,-4.108241
32.0,3.0,57.0,-3.1026716
3.0,32.0,57.0,-3.1026716
32.0,3.0,58.0,-38.990902
3.0,32.0,58.0,-38.990902
32.0,3.0,59.0,-35.73196
3.0,32.0,59.0,-35.73196
32.0,3.0,60.0,-29.136478
3.0,32.0,60.0,-29.136478
32.0,3.0,61.0,-13.871816
3.0,32.0,61.0,-13.871816
32.0,3.0,62.0,-13.336853
3.0,32.0,62.0,-13.336853
32.0,3.0,63.0,-13.255145
3.0,32.0,63.0,-13.255145
32.0,3.0,64.0,-2.2557528
3.0,32.0,64.0,-2.2557528
32.0,3.0,65.0,-11.858795
3.0,32.0,65.0,-11.858795
32.0,3.0,66.0,-1.2999613
3.0,32.0,66.0,-1.2999613
32.0,3.0,67.0,-34.995743
3.0,32.0,67.0,-34.995743
32.0,3.0,68.0,-18.476294
3.0,32.0,68.0,-18.476294
32.0,3.0,69.0,-17.651934
3.0,32.0,69.0,-17.651934
32.0,4.0,38.0,-9.892373
4.0,32.0,38.0,-9.892373
32.0,4.0,39.0,5.854287
4.0,32.0,39.0,5.854287
32.0,4.0,40.0,-11.078873
4.0,32.0,40.0,-11.078873
32.0,4.0,41.0,6.6371183
4.0,32.0,41.0,6.6371183
32.0,4.0,42.0,1.5230156
4.0,32.0,42.0,1.5230156
32.0,4.0,43.0,10.590228
4.0,32.0,43.0,10.590228
32.0,4.0,44.0,14.409011
4.0,32.0,44.0,14.409011
32.0,4.0,45.0,-35.352444
4.0,32.0,45.0,-35.352444
32.0,4.0,46.0,-34.24175
4.0,32.0,46.0,-34.24175
32.0,4.0,47.0,-14.450117
4.0,32.0,47.0,-14.450117
32.0,4.0,48.0,7.0141497
4.0,32.0,48.0,7.0141497
32.0,4.0,49.0,10.308409
4.0,32.0,49.0,10.308409
32.0,4.0,50.0,-2.6484077
4.0,32.0,50.0,-2.6484077
32.0,4.0,51.0,-14.521612
4.0,32.0,51.0,-14.521612
32.0,4.0,52.0,7.5396657
4.0,32.0,52.0,7.5396657
32.0,4.0,53.0,13.972808
4.0,32.0,53.0,13.972808
32.0,4.0,54.0,-16.42573
4.0,32.0,54.0,-16.42573
32.0,4.0,55.0,-1.1378884
4.0,32.0,55.0,-1.1378884
32.0,4.0,56.0,14.26127
4.0,32.0,56.0,14.26127
32.0,4.0,57.0,-1.6067629
4.0,32.0,57.0,-1.6067629
32.0,4.0,58.0,-19.107544
4.0,32.0,58.0,-19.107544
32.0,4.0,59.0,-34.07389
4.0,32.0,59.0,-34.07389
32.0,4.0,60.0,-25.016857
4.0,32.0,60.0,-25.016857
32.0,4.0,61.0,-24.525593
4.0,32.0,61.0,-24.525593
32.0,4.0,62.0,-31.238415
4.0,32.0,62.0,-31.238415
32.0,4.0,63.0,-16.562546
4.0,32.0,63.0,-16.562546
32.0,4.0,64.0,-3.1911778
4.0,32.0,64.0,-3.1911778
32.0,4.0,65.0,-2.8626962
4.0,32.0,65.0,-2.8626962
32.0,4.0,66.0,1.39505
4.0,32.0,66.0,1.39505
32.0,4.0,67.0,3.4192412
4.0,32.0,67.0,3.4192412
32.0,4.0,68.0,-9.387606
4.0,32.0,68.0,-9.387606
32.0,4.0,69.0,9.709195
4.0,32.0,69.0,9.709195
32.0,5.0,38.0,-13.746818
5.0,32.0,38.0,-13.746818
32.0,5.0,39.0,-10.303439
5.0,32.0,39.0,-10.303439
32.0,5.0,40.0,1.6044164
5.0,32.0,40.0,1.6044164
32.0,5.0,41.0,-3.451417
5.0,32.0,41.0,-3.451417
32.0,5.0,42.0,2.568183
5.0,32.0,42.0,2.568183
32.0,5.0,43.0,-2.8357432
5.0,32.0,43.0,-2.8357432
32.0,5.0,44.0,-5.715896
5.0,32.0,44.0,-5.715896
32.0,5.0,45.0,-33.420483
5.0,32.0,45.0,-33.420483
32.0,5.0,46.0,-0.59339
5.0,32.0,46.0,-0.59339
32.0,5.0,47.0,-3.3151255
5.0,32.0,47.0,-3.3151255
32.0,5.0,48.0,-2.997105
5.0,32.0,48.0,-2.997105
32.0,5.0,49.0,-2.5522134
5.0,32.0,49.0,-2.5522134
32.0,5.0,50.0,1.9624765
5.0,32.0,50.0,1.9624765
32.0,5.0,51.0,-21.428524
5.0,32.0,51.0,-21.428524
32.0,5.0,52.0,-10.10463
5.0,32.0,52.0,-10.10463
32.0,5.0,53.0,4.270992
5.0,32.0,53.0,4.270992
32.0,5.0,54.0,-13.652654
5.0,32.0,54.0,-13.652654
32.0,5.0,55.0,-7.932825
5.0,32.0,55.0,-7.932825
32.0,5.0,56.0,-0.5841667
5.0,32.0,56.0,-0.5841667
32.0,5.0,57.0,-4.1323524
5.0,32.0,57.0,-4.1323524
32.0,5.0,58.0,-17.702198
5.0,32.0,58.0,-17.702198
32.0,5.0,59.0,-30.39065
5.0,32.0,59.0,-30.39065
32.0,5.0,60.0,-11.6159935
5.0,32.0,60.0,-11.6159935
32.0,5.0,61.0,-5.1748896
5.0,32.0,61.0,-5.1748896
32.0,5.0,62.0,-8.221798
5.0,32.0,62.0,-8.221798
32.0,5.0,63.0,-4.3375187
5.0,32.0,63.0,-4.3375187
32.0,5.0,64.0,-6.779404
5.0,32.0,64.0,-6.779404
32.0,5.0,65.0,-12.676222
5.0,32.0,65.0,-12.676222
32.0,5.0,66.0,-5.5210705
5.0,32.0,66.0,-5.5210705
32.0,5.0,67.0,-25.366215
5.0,32.0,67.0,-25.366215
32.0,5.0,68.0,-5.336732
5.0,32.0,68.0,-5.336732
32.0,5.0,69.0,-18.715904
5.0,32.0,69.0,-18.715904
32.0,6.0,38.0,-7.975537
6.0,32.0,38.0,-7.975537
32.0,6.0,39.0,-3.9360979
6.0,32.0,39.0,-3.9360979
32.0,6.0,40.0,22.871725
6.0,32.0,40.0,22.871725
32.0,6.0,41.0,13.486218
6.0,32.0,41.0,13.486218
32.0,6.0,42.0,5.197357
6.0,32.0,42.0,5.197357
32.0,6.0,43.0,1.4745405
6.0,32.0,43.0,1.4745405
32.0,6.0,44.0,22.059032
6.0,32.0,44.0,22.059032
32.0,6.0,45.0,-17.909817
6.0,32.0,45.0,-17.909817
32.0,6.0,46.0,-2.5459845
6.0,32.0,46.0,-2.5459845
32.0,6.0,47.0,-1.1683741
6.0,32.0,47.0,-1.1683741
32.0,6.0,48.0,11.861824
6.0,32.0,48.0,11.861824
32.0,6.0,49.0,-1.9601456
6.0,32.0,49.0,-1.9601456
32.0,6.0,50.0,8.456632
6.0,32.0,50.0,8.456632
32.0,6.0,51.0,7.9304576
6.0,32.0,51.0,7.9304576
32.0,6.0,52.0,-6.9036946
6.0,32.0,52.0,-6.9036946
32.0,6.0,53.0,-0.018158393
6.0,32.0,53.0,-0.018158393
32.0,6.0,54.0,0.39805445
6.0,32.0,54.0,0.39805445
32.0,6.0,55.0,-3.5296767
6.0,32.0,55.0,-3.5296767
32.0,6.0,56.0,-1.448138
6.0,32.0,56.0,-1.448138
32.0,6.0,57.0,11.269812
6.0,32.0,57.0,11.269812
32.0,6.0,58.0,-35.744156
6.0,32.0,58.0,-35.744156
32.0,6.0,59.0,-30.005566
6.0,32.0,59.0,-30.005566
32.0,6.0,60.0,-7.1941643
6.0,32.0,60.0,-7.1941643
32.0,6.0,61.0,-1.026611
6.0,32.0,61.0,-1.026611
32.0,6.0,62.0,-0.5578223
6.0,32.0,62.0,-0.5578223
32.0,6.0,63.0,-3.7031727
6.0,32.0,63.0,-3.7031727
32.0,6.0,64.0,5.269008
6.0,32.0,64.0,5.269008
32.0,6.0,65.0,5.7525434
6.0,32.0,65.0,5.7525434
32.0,6.0,66.0,7.4807634
6.0,32.0,66.0,7.4807634
32.0,6.0,67.0,-16.006685
6.0,32.0,67.0,-16.006685
32.0,6.0,68.0,8.6466055
6.0,32.0,68.0,8.6466055
32.0,6.0,69.0,10.677121
6.0,32.0,69.0,10.677121
32.0,7.0,38.0,-44.185158
7.0,32.0,38.0,-44.185158
32.0,7.0,39.0,-21.07952
7.0,32.0,39.0,-21.07952
32.0,7.0,40.0,-3.5016084
7.0,32.0,40.0,-3.5016084
32.0,7.0,41.0,-11.165729
7.0,32.0,41.0,-11.165729
32.0,7.0,42.0,1.7230996
7.0,32.0,42.0,1.7230996
32.0,7.0,43.0,-0.7153002
7.0,32.0,43.0,-0.7153002
32.0,7.0,44.0,-2.7600474
7.0,32.0,44.0,-2.7600474
32.0,7.0,45.0,-49.428104
7.0,32.0,45.0,-49.428104
32.0,7.0,46.0,-2.9421017
7.0,32.0,46.0,-2.9421017
32.0,7.0,47.0,-9.572354
7.0,32.0,47.0,-9.572354
32.0,7.0,48.0,2.3154771
7.0,32.0,48.0,2.3154771
32.0,7.0,49.0,-5.997125
7.0,32.0,49.0,-5.997125
32.0,7.0,50.0,-11.297599
7.0,32.0,50.0,-11.297599
32.0,7.0,51.0,-37.360783
7.0,32.0,51.0,-37.360783
32.0,7.0,52.0,-14.618465
7.0,32.0,52.0,-14.618465
32.0,7.0,53.0,-17.64561
7.0,32.0,53.0,-17.64561
32.0,7.0,54.0,-33.843754
7.0,32.0,54.0,-33.843754
32.0,7.0,55.0,-16.326035
7.0,32.0,55.0,-16.326035
32.0,7.0,56.0,8.392812
7.0,32.0,56.0,8.392812
32.0,7.0,57.0,-2.6297424
7.0,32.0,57.0,-2.6297424
32.0,7.0,58.0,-39.037956
7.0,32.0,58.0,-39.037956
32.0,7.0,59.0,-21.62003
7.0,32.0,59.0,-21.62003
32.0,7.0,60.0,-29.277952
7.0,32.0,60.0,-29.277952
32.0,7.0,61.0,-18.5339
7.0,32.0,61.0,-18.5339
32.0,7.0,62.0,0.13254502
7.0,32.0,62.0,0.13254502
32.0,7.0,63.0,-19.6294
7.0,32.0,63.0,-19.6294
32.0,7.0,64.0,-5.1892934
7.0,32.0,64.0,-5.1892934
32.0,7.0,65.0,-26.099487
7.0,32.0,65.0,-26.099487
32.0,7.0,66.0,-0.012863251
7.0,32.0,66.0,-0.012863251
32.0,7.0,67.0,-23.87789
7.0,32.0,67.0,-23.87789
32.0,7.0,68.0,-21.025127
7.0,32.0,68.0,-21.025127
32.0,7.0,69.0,-13.785599
7.0,32.0,69.0,-13.785599
32.0,8.0,38.0,-13.847712
8.0,32.0,38.0,-13.847712
32.0,8.0,39.0,-5.601142
8.0,32.0,39.0,-5.601142
32.0,8.0,40.0,-7.6512904
8.0,32.0,40.0,-7.6512904
32.0,8.0,41.0,10.772329
8.0,32.0,41.0,10.772329
32.0,8.0,42.0,-0.14841942
8.0,32.0,42.0,-0.14841942
32.0,8.0,43.0,-5.7358117
8.0,32.0,43.0,-5.7358117
32.0,8.0,44.0,-10.095759
8.0,32.0,44.0,-10.095759
32.0,8.0,45.0,-16.096952
8.0,32.0,45.0,-16.096952
32.0,8.0,46.0,-3.1059713
8.0,32.0,46.0,-3.1059713
32.0,8.0,47.0,-5.755134
8.0,32.0,47.0,-5.755134
32.0,8.0,48.0,-14.716544
8.0,32.0,48.0,-14.716544
32.0,8.0,49.0,-3.9767761
8.0,32.0,49.0,-3.9767761
32.0,8.0,50.0,-1.9053283
8.0,32.0,50.0,-1.9053283
32.0,8.0,51.0,-15.046631
8.0,32.0,51.0,-15.046631
32.0,8.0,52.0,-9.818026
8.0,32.0,52.0,-9.818026
32.0,8.0,53.0,-13.545696
8.0,32.0,53.0,-13.545696
32.0,8.0,54.0,-10.007802
8.0,32.0,54.0,-10.007802
32.0,8.0,55.0,-4.503716
8.0,32.0,55.0,-4.503716
32.0,8.0,56.0,3.0355124
8.0,32.0,56.0,3.0355124
32.0,8.0,57.0,2.1020162
8.0,32.0,57.0,2.1020162
32.0,8.0,58.0,-22.3718
8.0,32.0,58.0,-22.3718
32.0,8.0,59.0,-18.939243
8.0,32.0,59.0,-18.939243
32.0,8.0,60.0,-14.04724
8.0,32.0,60.0,-14.04724
32.0,8.0,61.0,-10.557911
8.0,32.0,61.0,-10.557911
32.0,8.0,62.0,-6.3093495
8.0,32.0,62.0,-6.3093495
32.0,8.0,63.0,-5.055415
8.0,32.0,63.0,-5.055415
32.0,8.0,64.0,2.9802015
8.0,32.0,64.0,2.9802015
32.0,8.0,65.0,-1.9897473
8.0,32.0,65.0,-1.9897473
32.0,8.0,66.0,3.078106
8.0,32.0,66.0,3.078106
32.0,8.0,67.0,-24.693577
8.0,32.0,67.0,-24.693577
32.0,8.0,68.0,-7.3267736
8.0,32.0,68.0,-7.3267736
32.0,8.0,69.0,-20.71818
8.0,32.0,69.0,-20.71818
32.0,9.0,38.0,-15.231829
9.0,32.0,38.0,-15.231829
32.0,9.0,39.0,-3.6093433
9.0,32.0,39.0,-3.6093433
32.0,9.0,40.0,14.406119
9.0,32.0,40.0,14.406119
32.0,9.0,41.0,7.1652064
9.0,32.0,41.0,7.1652064
32.0,9.0,42.0,-6.1192045
9.0,32.0,42.0,-6.1192045
32.0,9.0,43.0,-5.49464
9.0,32.0,43.0,-5.49464
32.0,9.0,44.0,26.63036
9.0,32.0,44.0,26.63036
32.0,9.0,45.0,-21.095964
9.0,32.0,45.0,-21.095964
32.0,9.0,46.0,-1.245932
9.0,32.0,46.0,-1.245932
32.0,9.0,47.0,-1.4895949
9.0,32.0,47.0,-1.4895949
32.0,9.0,48.0,13.758734
9.0,32.0,48.0,13.758734
32.0,9.0,49.0,4.15858
9.0,32.0,49.0,4.15858
32.0,9.0,50.0,5.6363215
9.0,32.0,50.0,5.6363215
32.0,9.0,51.0,-2.3997476
9.0,32.0,51.0,-2.3997476
32.0,9.0,52.0,-11.1474085
9.0,32.0,52.0,-11.1474085
32.0,9.0,53.0,-1.4088522
9.0,32.0,53.0,-1.4088522
32.0,9.0,54.0,-10.468641
9.0,32.0,54.0,-10.468641
32.0,9.0,55.0,-16.527876
9.0,32.0,55.0,-16.527876
32.0,9.0,56.0,-7.7771316
9.0,32.0,56.0,-7.7771316
32.0,9.0,57.0,8.78496
9.0,32.0,57.0,8.78496
32.0,9.0,58.0,-36.032185
9.0,32.0,58.0,-36.032185
32.0,9.0,59.0,-24.474499
9.0,32.0,59.0,-24.474499
32.0,9.0,60.0,-15.481163
9.0,32.0,60.0,-15.481163
32.0,9.0,61.0,9.590754
9.0,32.0,61.0,9.590754
32.0,9.0,62.0,5.5647087
9.0,32.0,62.0,5.5647087
32.0,9.0,63.0,-2.422143
9.0,32.0,63.0,-2.422143
32.0,9.0,64.0,0.578381
9.0,32.0,64.0,0.578381
32.0,9.0,65.0,5.0214276
9.0,32.0,65.0,5.0214276
32.0,9.0,66.0,2.5509975
9.0,32.0,66.0,2.5509975
32.0,9.0,67.0,-5.7865653
9.0,32.0,67.0,-5.7865653
32.0,9.0,68.0,10.204283
9.0,32.0,68.0,10.204283
32.0,9.0,69.0,1.134621
9.0,32.0,69.0,1.134621
32.0,10.0,38.0,-11.890087
10.0,32.0,38.0,-11.890087
32.0,10.0,39.0,-0.89279956
10.0,32.0,39.0,-0.89279956
32.0,10.0,40.0,3.3327763
10.0,32.0,40.0,3.3327763
32.0,10.0,41.0,20.798908
10.0,32.0,41.0,20.798908
32.0,10.0,42.0,15.187681
10.0,32.0,42.0,15.187681
32.0,10.0,43.0,-9.260611
10.0,32.0,43.0,-9.260611
32.0,10.0,44.0,21.782812
10.0,32.0,44.0,21.782812
32.0,10.0,45.0,-19.166573
10.0,32.0,45.0,-19.166573
32.0,10.0,46.0,12.39353
10.0,32.0,46.0,12.39353
32.0,10.0,47.0,2.825964
10.0,32.0,47.0,2.825964
32.0,10.0,48.0,-8.94532
10.0,32.0,48.0,-8.94532
32.0,10.0,49.0,-6.344416
10.0,32.0,49.0,-6.344416
32.0,10.0,50.0,0.4030296
10.0,32.0,50.0,0.4030296
32.0,10.0,51.0,-15.342116
10.0,32.0,51.0,-15.342116
32.0,10.0,52.0,3.7169282
10.0,32.0,52.0,3.7169282
32.0,10.0,53.0,-3.5208054
10.0,32.0,53.0,-3.5208054
32.0,10.0,54.0,-5.1762104
10.0,32.0,54.0,-5.1762104
32.0,10.0,55.0,-12.854065
10.0,32.0,55.0,-12.854065
32.0,10.0,56.0,-12.313521
10.0,32.0,56.0,-12.313521
32.0,10.0,57.0,-1.1961249
10.0,32.0,57.0,-1.1961249
32.0,10.0,58.0,-37.913124
10.0,32.0,58.0,-37.913124
32.0,10.0,59.0,-17.605654
10.0,32.0,59.0,-17.605654
32.0,10.0,60.0,-17.775597
10.0,32.0,60.0,-17.775597
32.0,10.0,61.0,-14.1014595
10.0,32.0,61.0,-14.1014595
32.0,10.0,62.0,25.234596
10.0,32.0,62.0,25.234596
32.0,10.0,63.0,1.2661484
10.0,32.0,63.0,1.2661484
32.0,10.0,64.0,9.095824
10.0,32.0,64.0,9.095824
32.0,10.0,65.0,2.6127408
10.0,32.0,65.0,2.6127408
32.0,10.0,66.0,8.371026
10.0,32.0,66.0,8.371026
32.0,10.0,67.0,-15.261664
10.0,32.0,67.0,-15.261664
32.0,10.0,68.0,13.122825
10.0,32.0,68.0,13.122825
32.0,10.0,69.0,-24.84041
10.0,32.0,69.0,-24.84041
32.0,11.0,38.0,-25.77083
11.0,32.0,38.0,-25.77083
32.0,11.0,39.0,-8.901677
11.0,32.0,39.0,-8.901677
32.0,11.0,40.0,-10.401221
11.0,32.0,40.0,-10.401221
32.0,11.0,41.0,16.47745
11.0,32.0,41.0,16.47745
32.0,11.0,42.0,-1.6940064
11.0,32.0,42.0,-1.6940064
32.0,11.0,43.0,7.8942595
11.0,32.0,43.0,7.8942595
32.0,11.0,44.0,-7.6014686
11.0,32.0,44.0,-7.6014686
32.0,11.0,45.0,-26.46021
11.0,32.0,45.0,-26.46021
32.0,11.0,46.0,-5.9888387
11.0,32.0,46.0,-5.9888387
32.0,11.0,47.0,-2.4563506
11.0,32.0,47.0,-2.4563506
32.0,11.0,48.0,-30.029245
11.0,32.0,48.0,-30.029245
32.0,11.0,49.0,-7.987242
11.0,32.0,49.0,-7.987242
32.0,11.0,50.0,-1.1879375
11.0,32.0,50.0,-1.1879375
32.0,11.0,51.0,-23.789927
11.0,32.0,51.0,-23.789927
32.0,11.0,52.0,-1.3444165
11.0,32.0,52.0,-1.3444165
32.0,11.0,53.0,4.8245296
11.0,32.0,53.0,4.8245296
32.0,11.0,54.0,-13.426691
11.0,32.0,54.0,-13.426691
32.0,11.0,55.0,-21.200697
11.0,32.0,55.0,-21.200697
32.0,11.0,56.0,7.5841084
11.0,32.0,56.0,7.5841084
32.0,11.0,57.0,-7.4814773
11.0,32.0,57.0,-7.4814773
32.0,11.0,58.0,-20.287445
11.0,32.0,58.0,-20.287445
32.0,11.0,59.0,-29.840502
11.0,32.0,59.0,-29.840502
32.0,11.0,60.0,-22.26112
11.0,32.0,60.0,-22.26112
32.0,11.0,61.0,2.530935
11.0,32.0,61.0,2.530935
32.0,11.0,62.0,-16.187645
11.0,32.0,62.0,-16.187645
32.0,11.0,63.0,-2.248466
11.0,32.0,63.0,-2.248466
32.0,11.0,64.0,9.00038
11.0,32.0,64.0,9.00038
32.0,11.0,65.0,-11.411889
11.0,32.0,65.0,-11.411889
32.0,11.0,66.0,-7.737209
11.0,32.0,66.0,-7.737209
32.0,11.0,67.0,-6.913794
11.0,32.0,67.0,-6.913794
32.0,11.0,68.0,-8.308195
11.0,32.0,68.0,-8.308195
32.0,11.0,69.0,-9.904866
11.0,32.0,69.0,-9.904866
32.0,12.0,38.0,-22.64513
12.0,32.0,38.0,-22.64513
32.0,12.0,39.0,-8.739817
12.0,32.0,39.0,-8.739817
32.0,12.0,40.0,-0.7851476
12.0,32.0,40.0,-0.7851476
32.0,12.0,41.0,0.075802654
12.0,32.0,41.0,0.075802654
32.0,12.0,42.0,2.1475716
12.0,32.0,42.0,2.1475716
32.0,12.0,43.0,-8.815879
12.0,32.0,43.0,-8.815879
32.0,12.0,44.0,-4.9134145
12.0,32.0,44.0,-4.9134145
32.0,12.0,45.0,-16.708403
12.0,32.0,45.0,-16.708403
32.0,12.0,46.0,-7.349696
12.0,32.0,46.0,-7.349696
32.0,12.0,47.0,-4.6774826
12.0,32.0,47.0,-4.6774826
32.0,12.0,48.0,-29.361702
12.0,32.0,48.0,-29.361702
32.0,12.0,49.0,-15.795261
12.0,32.0,49.0,-15.795261
32.0,12.0,50.0,0.6782264
12.0,32.0,50.0,0.6782264
32.0,12.0,51.0,-12.792483
12.0,32.0,51.0,-12.792483
32.0,12.0,52.0,-5.826409
12.0,32.0,52.0,-5.826409
32.0,12.0,53.0,-6.557209
12.0,32.0,53.0,-6.557209
32.0,12.0,54.0,-10.984704
12.0,32.0,54.0,-10.984704
32.0,12.0,55.0,-14.347919
12.0,32.0,55.0,-14.347919
32.0,12.0,56.0,-8.150285
12.0,32.0,56.0,-8.150285
32.0,12.0,57.0,2.9668765
12.0,32.0,57.0,2.9668765
32.0,12.0,58.0,-36.02656
12.0,32.0,58.0,-36.02656
32.0,12.0,59.0,-29.220654
12.0,32.0,59.0,-29.220654
32.0,12.0,60.0,-19.900488
12.0,32.0,60.0,-19.900488
32.0,12.0,61.0,-11.672152
12.0,32.0,61.0,-11.672152
32.0,12.0,62.0,9.924243
12.0,32.0,62.0,9.924243
32.0,12.0,63.0,-7.506174
12.0,32.0,63.0,-7.506174
32.0,12.0,64.0,3.6873562
12.0,32.0,64.0,3.6873562
32.0,12.0,65.0,-3.1746395
12.0,32.0,65.0,-3.1746395
32.0,12.0,66.0,-7.5759625
12.0,32.0,66.0,-7.5759625
32.0,12.0,67.0,5.224141
12.0,32.0,67.0,5.224141
32.0,12.0,68.0,-6.3090577
12.0,32.0,68.0,-6.3090577
32.0,12.0,69.0,-22.05392
12.0,32.0,69.0,-22.05392
32.0,13.0,38.0,-21.669065
13.0,32.0,38.0,-21.669065
32.0,13.0,39.0,-11.293656
13.0,32.0,39.0,-11.293656
32.0,13.0,40.0,-15.565439
13.0,32.0,40.0,-15.565439
32.0,13.0,41.0,21.963234
13.0,32.0,41.0,21.963234
32.0,13.0,42.0,2.9941993
13.0,32.0,42.0,2.9941993
32.0,13.0,43.0,14.81466
13.0,32.0,43.0,14.81466
32.0,13.0,44.0,-5.475802
13.0,32.0,44.0,-5.475802
32.0,13.0,45.0,-25.581009
13.0,32.0,45.0,-25.581009
32.0,13.0,46.0,5.233762
13.0,32.0,46.0,5.233762
32.0,13.0,47.0,-2.0247037
13.0,32.0,47.0,-2.0247037
32.0,13.0,48.0,-13.565112
13.0,32.0,48.0,-13.565112
32.0,13.0,49.0,-4.623337
13.0,32.0,49.0,-4.623337
32.0,13.0,50.0,-10.766444
13.0,32.0,50.0,-10.766444
32.0,13.0,51.0,-23.513748
13.0,32.0,51.0,-23.513748
32.0,13.0,52.0,-3.7286234
13.0,32.0,52.0,-3.7286234
32.0,13.0,53.0,-1.4305165
13.0,32.0,53.0,-1.4305165
32.0,13.0,54.0,-15.007174
13.0,32.0,54.0,-15.007174
32.0,13.0,55.0,-7.424102
13.0,32.0,55.0,-7.424102
32.0,13.0,56.0,-12.8172
13.0,32.0,56.0,-12.8172
32.0,13.0,57.0,-0.08790312
13.0,32.0,57.0,-0.08790312
32.0,13.0,58.0,-44.12945
13.0,32.0,58.0,-44.12945
32.0,13.0,59.0,-18.22795
13.0,32.0,59.0,-18.22795
32.0,13.0,60.0,-25.072767
13.0,32.0,60.0,-25.072767
32.0,13.0,61.0,-33.253906
13.0,32.0,61.0,-33.253906
32.0,13.0,62.0,23.169085
13.0,32.0,62.0,23.169085
32.0,13.0,63.0,-6.01955
13.0,32.0,63.0,-6.01955
32.0,13.0,64.0,4.914102
13.0,32.0,64.0,4.914102
32.0,13.0,65.0,-4.1957808
13.0,32.0,65.0,-4.1957808
32.0,13.0,66.0,6.578491
13.0,32.0,66.0,6.578491
32.0,13.0,67.0,-20.052998
13.0,32.0,67.0,-20.052998
32.0,13.0,68.0,0.439414
13.0,32.0,68.0,0.439414
32.0,13.0,69.0,-12.3408785
13.0,32.0,69.0,-12.3408785
32.0,14.0,38.0,-10.824594
14.0,32.0,38.0,-10.824594
32.0,14.0,39.0,-1.0263792
14.0,32.0,39.0,-1.0263792
32.0,14.0,40.0,21.718298
14.0,32.0,40.0,21.718298
32.0,14.0,41.0,2.7724771
14.0,32.0,41.0,2.7724771
32.0,14.0,42.0,-5.6267977
14.0,32.0,42.0,-5.6267977
32.0,14.0,43.0,7.854112
14.0,32.0,43.0,7.854112
32.0,14.0,44.0,-2.734784
14.0,32.0,44.0,-2.734784
32.0,14.0,45.0,-22.782993
14.0,32.0,45.0,-22.782993
32.0,14.0,46.0,2.35375
14.0,32.0,46.0,2.35375
32.0,14.0,47.0,-15.642505
14.0,32.0,47.0,-15.642505
32.0,14.0,48.0,-17.327913
14.0,32.0,48.0,-17.327913
32.0,14.0,49.0,6.9696317
14.0,32.0,49.0,6.9696317
32.0,14.0,50.0,3.3329208
14.0,32.0,50.0,3.3329208
32.0,14.0,51.0,-14.459429
14.0,32.0,51.0,-14.459429
32.0,14.0,52.0,-5.137813
14.0,32.0,52.0,-5.137813
32.0,14.0,53.0,-7.61732
14.0,32.0,53.0,-7.61732
32.0,14.0,54.0,-10.358236
14.0,32.0,54.0,-10.358236
32.0,14.0,55.0,-11.523822
14.0,32.0,55.0,-11.523822
32.0,14.0,56.0,6.1335363
14.0,32.0,56.0,6.1335363
32.0,14.0,57.0,11.417388
14.0,32.0,57.0,11.417388
32.0,14.0,58.0,-23.721159
14.0,32.0,58.0,-23.721159
32.0,14.0,59.0,-19.993874
14.0,32.0,59.0,-19.993874
32.0,14.0,60.0,-15.715734
14.0,32.0,60.0,-15.715734
32.0,14.0,61.0,-13.100793
14.0,32.0,61.0,-13.100793
32.0,14.0,62.0,1.0272418
14.0,32.0,62.0,1.0272418
32.0,14.0,63.0,-16.427315
14.0,32.0,63.0,-16.427315
32.0,14.0,64.0,7.5955625
14.0,32.0,64.0,7.5955625
32.0,14.0,65.0,1.2585138
14.0,32.0,65.0,1.2585138
32.0,14.0,66.0,-23.83051
14.0,32.0,66.0,-23.83051
32.0,14.0,67.0,-40.170654
14.0,32.0,67.0,-40.170654
32.0,14.0,68.0,-1.555101
14.0,32.0,68.0,-1.555101
32.0,14.0,69.0,-24.318007
14.0,32.0,69.0,-24.318007
32.0,15.0,38.0,-19.38028
15.0,32.0,38.0,-19.38028
32.0,15.0,39.0,-8.9140215
15.0,32.0,39.0,-8.9140215
32.0,15.0,40.0,-6.6318393
15.0,32.0,40.0,-6.6318393
32.0,15.0,41.0,11.485856
15.0,32.0,41.0,11.485856
32.0,15.0,42.0,2.6274524
15.0,32.0,42.0,2.6274524
32.0,15.0,43.0,19.243776
15.0,32.0,43.0,19.243776
32.0,15.0,44.0,-11.417221
15.0,32.0,44.0,-11.417221
32.0,15.0,45.0,-28.24808
15.0,32.0,45.0,-28.24808
32.0,15.0,46.0,0.58429426
15.0,32.0,46.0,0.58429426
32.0,15.0,47.0,-11.812562
15.0,32.0,47.0,-11.812562
32.0,15.0,48.0,-11.136363
15.0,32.0,48.0,-11.136363
32.0,15.0,49.0,-11.544363
15.0,32.0,49.0,-11.544363
32.0,15.0,50.0,-1.77497
15.0,32.0,50.0,-1.77497
32.0,15.0,51.0,-13.051997
15.0,32.0,51.0,-13.051997
32.0,15.0,52.0,-3.5513759
15.0,32.0,52.0,-3.5513759
32.0,15.0,53.0,-2.1119962
15.0,32.0,53.0,-2.1119962
32.0,15.0,54.0,-7.422561
15.0,32.0,54.0,-7.422561
32.0,15.0,55.0,-1.3567494
15.0,32.0,55.0,-1.3567494
32.0,15.0,56.0,15.737114
15.0,32.0,56.0,15.737114
32.0,15.0,57.0,-3.117623
15.0,32.0,57.0,-3.117623
32.0,15.0,58.0,-27.622751
15.0,32.0,58.0,-27.622751
32.0,15.0,59.0,-18.950308
15.0,32.0,59.0,-18.950308
32.0,15.0,60.0,-26.862612
15.0,32.0,60.0,-26.862612
32.0,15.0,61.0,-23.67247
15.0,32.0,61.0,-23.67247
32.0,15.0,62.0,-8.443925
15.0,32.0,62.0,-8.443925
32.0,15.0,63.0,-2.8067558
15.0,32.0,63.0,-2.8067558
32.0,15.0,64.0,-0.22911954
15.0,32.0,64.0,-0.22911954
32.0,15.0,65.0,-16.057484
15.0,32.0,65.0,-16.057484
32.0,15.0,66.0,4.24174
15.0,32.0,66.0,4.24174
32.0,15.0,67.0,-10.52128
15.0,32.0,67.0,-10.52128
32.0,15.0,68.0,-15.103734
15.0,32.0,68.0,-15.103734
32.0,15.0,69.0,5.3171344
15.0,32.0,69.0,5.3171344
32.0,16.0,38.0,-10.328589
16.0,32.0,38.0,-10.328589
32.0,16.0,39.0,-5.747282
16.0,32.0,39.0,-5.747282
32.0,16.0,40.0,-5.5342274
16.0,32.0,40.0,-5.5342274
32.0,16.0,41.0,-6.1663666
16.0,32.0,41.0,-6.1663666
32.0,16.0,42.0,-6.5629086
16.0,32.0,42.0,-6.5629086
32.0,16.0,43.0,-9.62889
16.0,32.0,43.0,-9.62889
32.0,16.0,44.0,-6.6788926
16.0,32.0,44.0,-6.6788926
32.0,16.0,45.0,-17.03053
16.0,32.0,45.0,-17.03053
32.0,16.0,46.0,4.896145
16.0,32.0,46.0,4.896145
32.0,16.0,47.0,-6.53031
16.0,32.0,47.0,-6.53031
32.0,16.0,48.0,-8.470388
16.0,32.0,48.0,-8.470388
32.0,16.0,49.0,1.6563461
16.0,32.0,49.0,1.6563461
32.0,16.0,50.0,-2.153993
16.0,32.0,50.0,-2.153993
32.0,16.0,51.0,-13.030371
16.0,32.0,51.0,-13.030371
32.0,16.0,52.0,-8.241902
16.0,32.0,52.0,-8.241902
32.0,16.0,53.0,-6.9637785
16.0,32.0,53.0,-6.9637785
32.0,16.0,54.0,-8.8804865
16.0,32.0,54.0,-8.8804865
32.0,16.0,55.0,-9.422545
16.0,32.0,55.0,-9.422545
32.0,16.0,56.0,-5.0234685
16.0,32.0,56.0,-5.0234685
32.0,16.0,57.0,-0.5120539
16.0,32.0,57.0,-0.5120539
32.0,16.0,58.0,-26.559658
16.0,32.0,58.0,-26.559658
32.0,16.0,59.0,-11.438315
16.0,32.0,59.0,-11.438315
32.0,16.0,60.0,-10.978287
16.0,32.0,60.0,-10.978287
32.0,16.0,61.0,-9.910346
16.0,32.0,61.0,-9.910346
32.0,16.0,62.0,-20.929838
16.0,32.0,62.0,-20.929838
32.0,16.0,63.0,-4.1667705
16.0,32.0,63.0,-4.1667705
32.0,16.0,64.0,15.654841
16.0,32.0,64.0,15.654841
32.0,16.0,65.0,-5.2487864
16.0,32.0,65.0,-5.2487864
32.0,16.0,66.0,-2.4548953
16.0,32.0,66.0,-2.4548953
32.0,16.0,67.0,-13.623424
16.0,32.0,67.0,-13.623424
32.0,16.0,68.0,-6.0951962
16.0,32.0,68.0,-6.0951962
32.0,16.0,69.0,-10.780444
16.0,32.0,69.0,-10.780444
32.0,17.0,38.0,-14.356511
17.0,32.0,38.0,-14.356511
32.0,17.0,39.0,-8.914359
17.0,32.0,39.0,-8.914359
32.0,17.0,40.0,-11.79662
17.0,32.0,40.0,-11.79662
32.0,17.0,41.0,-11.177876
17.0,32.0,41.0,-11.177876
32.0,17.0,42.0,-7.8550863
17.0,32.0,42.0,-7.8550863
32.0,17.0,43.0,2.7639818
17.0,32.0,43.0,2.7639818
32.0,17.0,44.0,-1.9778053
17.0,32.0,44.0,-1.9778053
32.0,17.0,45.0,-23.433722
17.0,32.0,45.0,-23.433722
32.0,17.0,46.0,-2.8782961
17.0,32.0,46.0,-2.8782961
32.0,17.0,47.0,-12.267499
17.0,32.0,47.0,-12.267499
32.0,17.0,48.0,-9.922361
17.0,32.0,48.0,-9.922361
32.0,17.0,49.0,-1.0312907
17.0,32.0,49.0,-1.0312907
32.0,17.0,50.0,-9.348887
17.0,32.0,50.0,-9.348887
32.0,17.0,51.0,-21.25303
17.0,32.0,51.0,-21.25303
32.0,17.0,52.0,-6.0371056
17.0,32.0,52.0,-6.0371056
32.0,17.0,53.0,-7.9905934
17.0,32.0,53.0,-7.9905934
32.0,17.0,54.0,-17.93499
17.0,32.0,54.0,-17.93499
32.0,17.0,55.0,-15.627347
17.0,32.0,55.0,-15.627347
32.0,17.0,56.0,-2.9198158
17.0,32.0,56.0,-2.9198158
32.0,17.0,57.0,-7.623451
17.0,32.0,57.0,-7.623451
32.0,17.0,58.0,-16.35123
17.0,32.0,58.0,-16.35123
32.0,17.0,59.0,-21.04321
17.0,32.0,59.0,-21.04321
32.0,17.0,60.0,-17.716208
17.0,32.0,60.0,-17.716208
32.0,17.0,61.0,-10.91508
17.0,32.0,61.0,-10.91508
32.0,17.0,62.0,-14.399245
17.0,32.0,62.0,-14.399245
32.0,17.0,63.0,-21.393559
17.0,32.0,63.0,-21.393559
32.0,17.0,64.0,4.8648744
17.0,32.0,64.0,4.8648744
32.0,17.0,65.0,-16.17773
17.0,32.0,65.0,-16.17773
32.0,17.0,66.0,-14.181039
17.0,32.0,66.0,-14.181039
32.0,17.0,67.0,-17.106413
17.0,32.0,67.0,-17.106413
32.0,17.0,68.0,-8.134337
17.0,32.0,68.0,-8.134337
32.0,17.0,69.0,-17.167505
17.0,32.0,69.0,-17.167505
32.0,18.0,38.0,-41.227325
18.0,32.0,38.0,-41.227325
32.0,18.0,39.0,-0.53985536
18.0,32.0,39.0,-0.53985536
32.0,18.0,40.0,-16.05724
18.0,32.0,40.0,-16.05724
32.0,18.0,41.0,-12.89812
18.0,32.0,41.0,-12.89812
32.0,18.0,42.0,-18.56456
18.0,32.0,42.0,-18.56456
32.0,18.0,43.0,-9.552468
18.0,32.0,43.0,-9.552468
32.0,18.0,44.0,-12.592594
18.0,32.0,44.0,-12.592594
32.0,18.0,45.0,-39.839466
18.0,32.0,45.0,-39.839466
32.0,18.0,46.0,-11.561251
18.0,32.0,46.0,-11.561251
32.0,18.0,47.0,-12.954999
18.0,32.0,47.0,-12.954999
32.0,18.0,48.0,-21.348799
18.0,32.0,48.0,-21.348799
32.0,18.0,49.0,-4.5722294
18.0,32.0,49.0,-4.5722294
32.0,18.0,50.0,-7.236725
18.0,32.0,50.0,-7.236725
32.0,18.0,51.0,-35.686184
18.0,32.0,51.0,-35.686184
32.0,18.0,52.0,-12.2936945
18.0,32.0,52.0,-12.2936945
32.0,18.0,53.0,-4.234983
18.0,32.0,53.0,-4.234983
32.0,18.0,54.0,-18.385567
18.0,32.0,54.0,-18.385567
32.0,18.0,55.0,-13.3295765
18.0,32.0,55.0,-13.3295765
32.0,18.0,56.0,-1.2054391
18.0,32.0,56.0,-1.2054391
32.0,18.0,57.0,0.7326417
18.0,32.0,57.0,0.7326417
32.0,18.0,58.0,-22.983002
18.0,32.0,58.0,-22.983002
32.0,18.0,59.0,-35.935986
18.0,32.0,59.0,-35.935986
32.0,18.0,60.0,-31.060658
18.0,32.0,60.0,-31.060658
32.0,18.0,61.0,-11.757326
18.0,32.0,61.0,-11.757326
32.0,18.0,62.0,3.4874845
18.0,32.0,62.0,3.4874845
32.0,18.0,63.0,-32.46028
18.0,32.0,63.0,-32.46028
32.0,18.0,64.0,-16.130299
18.0,32.0,64.0,-16.130299
32.0,18.0,65.0,-25.254272
18.0,32.0,65.0,-25.254272
32.0,18.0,66.0,-38.669834
18.0,32.0,66.0,-38.669834
32.0,18.0,67.0,-70.767876
18.0,32.0,67.0,-70.767876
32.0,18.0,68.0,-11.397028
18.0,32.0,68.0,-11.397028
32.0,18.0,69.0,-44.02277
18.0,32.0,69.0,-44.02277
32.0,19.0,38.0,-33.783375
19.0,32.0,38.0,-33.783375
32.0,19.0,39.0,-21.127739
19.0,32.0,39.0,-21.127739
32.0,19.0,40.0,-28.85524
19.0,32.0,40.0,-28.85524
32.0,19.0,41.0,-6.5238824
19.0,32.0,41.0,-6.5238824
32.0,19.0,42.0,-14.452414
19.0,32.0,42.0,-14.452414
32.0,19.0,43.0,-2.9363372
19.0,32.0,43.0,-2.9363372
32.0,19.0,44.0,-17.130165
19.0,32.0,44.0,-17.130165
32.0,19.0,45.0,-33.732986
19.0,32.0,45.0,-33.732986
32.0,19.0,46.0,-5.8709054
19.0,32.0,46.0,-5.8709054
32.0,19.0,47.0,-16.48088
19.0,32.0,47.0,-16.48088
32.0,19.0,48.0,-10.098962
19.0,32.0,48.0,-10.098962
32.0,19.0,49.0,-3.4529107
19.0,32.0,49.0,-3.4529107
32.0,19.0,50.0,-6.6791234
19.0,32.0,50.0,-6.6791234
32.0,19.0,51.0,-4.911392
19.0,32.0,51.0,-4.911392
32.0,19.0,52.0,-12.663908
19.0,32.0,52.0,-12.663908
32.0,19.0,53.0,-12.5845785
19.0,32.0,53.0,-12.5845785
32.0,19.0,54.0,-35.126945
19.0,32.0,54.0,-35.126945
32.0,19.0,55.0,-20.038479
19.0,32.0,55.0,-20.038479
32.0,19.0,56.0,-12.525064
19.0,32.0,56.0,-12.525064
32.0,19.0,57.0,-11.592862
19.0,32.0,57.0,-11.592862
32.0,19.0,58.0,-29.688807
19.0,32.0,58.0,-29.688807
32.0,19.0,59.0,-23.665844
19.0,32.0,59.0,-23.665844
32.0,19.0,60.0,-29.982378
19.0,32.0,60.0,-29.982378
32.0,19.0,61.0,-23.326591
19.0,32.0,61.0,-23.326591
32.0,19.0,62.0,-18.861696
19.0,32.0,62.0,-18.861696
32.0,19.0,63.0,-11.234926
19.0,32.0,63.0,-11.234926
32.0,19.0,64.0,11.046023
19.0,32.0,64.0,11.046023
32.0,19.0,65.0,-17.787872
19.0,32.0,65.0,-17.787872
32.0,19.0,66.0,-14.090138
19.0,32.0,66.0,-14.090138
32.0,19.0,67.0,-27.685097
19.0,32.0,67.0,-27.685097
32.0,19.0,68.0,-10.5581455
19.0,32.0,68.0,-10.5581455
32.0,19.0,69.0,-32.04508
19.0,32.0,69.0,-32.04508
33.0,0.0,38.0,5.7542014
0.0,33.0,38.0,5.7542014
33.0,0.0,39.0,4.151672
0.0,33.0,39.0,4.151672
33.0,0.0,40.0,11.873673
0.0,33.0,40.0,11.873673
33.0,0.0,41.0,-2.5024052
0.0,33.0,41.0,-2.5024052
33.0,0.0,42.0,3.9222162
0.0,33.0,42.0,3.9222162
33.0,0.0,43.0,12.706871
0.0,33.0,43.0,12.706871
33.0,0.0,44.0,-0.32466602
0.0,33.0,44.0,-0.32466602
33.0,0.0,45.0,4.3672614
0.0,33.0,45.0,4.3672614
33.0,0.0,46.0,2.7051373
0.0,33.0,46.0,2.7051373
33.0,0.0,47.0,5.7341514
0.0,33.0,47.0,5.7341514
33.0,0.0,48.0,-9.028793
0.0,33.0,48.0,-9.028793
33.0,0.0,49.0,18.023811
0.0,33.0,49.0,18.023811
33.0,0.0,50.0,5.306795
0.0,33.0,50.0,5.306795
33.0,0.0,51.0,15.056605
0.0,33.0,51.0,15.056605
33.0,0.0,52.0,8.661254
0.0,33.0,52.0,8.661254
33.0,0.0,53.0,0.24049173
0.0,33.0,53.0,0.24049173
33.0,0.0,54.0,-4.7108645
0.0,33.0,54.0,-4.7108645
33.0,0.0,55.0,4.223731
0.0,33.0,55.0,4.223731
33.0,0.0,56.0,7.758135
0.0,33.0,56.0,7.758135
33.0,0.0,57.0,-4.196981
0.0,33.0,57.0,-4.196981
33.0,0.0,58.0,14.636726
0.0,33.0,58.0,14.636726
33.0,0.0,59.0,13.422647
0.0,33.0,59.0,13.422647
33.0,0.0,60.0,3.9829006
0.0,33.0,60.0,3.9829006
33.0,0.0,61.0,-2.4417846
0.0,33.0,61.0,-2.4417846
33.0,0.0,62.0,-8.681156
0.0,33.0,62.0,-8.681156
33.0,0.0,63.0,-0.711025
0.0,33.0,63.0,-0.711025
33.0,0.0,64.0,1.1428828
0.0,33.0,64.0,1.1428828
33.0,0.0,65.0,7.5098877
0.0,33.0,65.0,7.5098877
33.0,0.0,66.0,3.799933
0.0,33.0,66.0,3.799933
33.0,0.0,67.0,-22.773397
0.0,33.0,67.0,-22.773397
33.0,0.0,68.0,5.0437317
0.0,33.0,68.0,5.0437317
33.0,0.0,69.0,-0.14131516
0.0,33.0,69.0,-0.14131516
33.0,1.0,38.0,12.6673565
1.0,33.0,38.0,12.6673565
33.0,1.0,39.0,9.507153
1.0,33.0,39.0,9.507153
33.0,1.0,40.0,18.757872
1.0,33.0,40.0,18.757872
33.0,1.0,41.0,7.5460153
1.0,33.0,41.0,7.5460153
33.0,1.0,42.0,4.66138
1.0,33.0,42.0,4.66138
33.0,1.0,43.0,6.4261646
1.0,33.0,43.0,6.4261646
33.0,1.0,44.0,4.683528
1.0,33.0,44.0,4.683528
33.0,1.0,45.0,10.125618
1.0,33.0,45.0,10.125618
33.0,1.0,46.0,9.440903
1.0,33.0,46.0,9.440903
33.0,1.0,47.0,24.145939
1.0,33.0,47.0,24.145939
33.0,1.0,48.0,8.254889
1.0,33.0,48.0,8.254889
33.0,1.0,49.0,8.613722
1.0,33.0,49.0,8.613722
33.0,1.0,50.0,14.810341
1.0,33.0,50.0,14.810341
33.0,1.0,51.0,9.511174
1.0,33.0,51.0,9.511174
33.0,1.0,52.0,22.038603
1.0,33.0,52.0,22.038603
33.0,1.0,53.0,-0.04379191
1.0,33.0,53.0,-0.04379191
33.0,1.0,54.0,-1.3360186
1.0,33.0,54.0,-1.3360186
33.0,1.0,55.0,4.795398
1.0,33.0,55.0,4.795398
33.0,1.0,56.0,17.476007
1.0,33.0,56.0,17.476007
33.0,1.0,57.0,-12.308262
1.0,33.0,57.0,-12.308262
33.0,1.0,58.0,57.36376
1.0,33.0,58.0,57.36376
33.0,1.0,59.0,24.687635
1.0,33.0,59.0,24.687635
33.0,1.0,60.0,-2.2580447
1.0,33.0,60.0,-2.2580447
33.0,1.0,61.0,3.5531962
1.0,33.0,61.0,3.5531962
33.0,1.0,62.0,15.501172
1.0,33.0,62.0,15.501172
33.0,1.0,63.0,-1.1415292
1.0,33.0,63.0,-1.1415292
33.0,1.0,64.0,20.494968
1.0,33.0,64.0,20.494968
33.0,1.0,65.0,8.3862
1.0,33.0,65.0,8.3862
33.0,1.0,66.0,13.419717
1.0,33.0,66.0,13.419717
33.0,1.0,67.0,-4.034355
1.0,33.0,67.0,-4.034355
33.0,1.0,68.0,18.510828
1.0,33.0,68.0,18.510828
33.0,1.0,69.0,9.174065
1.0,33.0,69.0,9.174065
33.0,2.0,38.0,12.246507
2.0,33.0,38.0,12.246507
33.0,2.0,39.0,13.101413
2.0,33.0,39.0,13.101413
33.0,2.0,40.0,70.4782
2.0,33.0,40.0,70.4782
33.0,2.0,41.0,25.518179
2.0,33.0,41.0,25.518179
33.0,2.0,42.0,22.04698
2.0,33.0,42.0,22.04698
33.0,2.0,43.0,9.65625
2.0,33.0,43.0,9.65625
33.0,2.0,44.0,32.791355
2.0,33.0,44.0,32.791355
33.0,2.0,45.0,10.81662
2.0,33.0,45.0,10.81662
33.0,2.0,46.0,33.01778
2.0,33.0,46.0,33.01778
33.0,2.0,47.0,30.773447
2.0,33.0,47.0,30.773447
33.0,2.0,48.0,14.914188
2.0,33.0,48.0,14.914188
33.0,2.0,49.0,19.889387
2.0,33.0,49.0,19.889387
33.0,2.0,50.0,32.7009
2.0,33.0,50.0,32.7009
33.0,2.0,51.0,19.654747
2.0,33.0,51.0,19.654747
33.0,2.0,52.0,23.153208
2.0,33.0,52.0,23.153208
33.0,2.0,53.0,12.80237
2.0,33.0,53.0,12.80237
33.0,2.0,54.0,4.8119197
2.0,33.0,54.0,4.8119197
33.0,2.0,55.0,10.800765
2.0,33.0,55.0,10.800765
33.0,2.0,56.0,3.5990689
2.0,33.0,56.0,3.5990689
33.0,2.0,57.0,8.491982
2.0,33.0,57.0,8.491982
33.0,2.0,58.0,20.848778
2.0,33.0,58.0,20.848778
33.0,2.0,59.0,16.452864
2.0,33.0,59.0,16.452864
33.0,2.0,60.0,19.899046
2.0,33.0,60.0,19.899046
33.0,2.0,61.0,1.7437208
2.0,33.0,61.0,1.7437208
33.0,2.0,62.0,24.992208
2.0,33.0,62.0,24.992208
33.0,2.0,63.0,15.188757
2.0,33.0,63.0,15.188757
33.0,2.0,64.0,12.839736
2.0,33.0,64.0,12.839736
33.0,2.0,65.0,11.46567
2.0,33.0,65.0,11.46567
33.0,2.0,66.0,31.951435
2.0,33.0,66.0,31.951435
33.0,2.0,67.0,113.434364
2.0,33.0,67.0,113.434364
33.0,2.0,68.0,29.737003
2.0,33.0,68.0,29.737003
33.0,2.0,69.0,35.80952
2.0,33.0,69.0,35.80952
33.0,3.0,38.0,1.1356064
3.0,33.0,38.0,1.1356064
33.0,3.0,39.0,-12.052747
3.0,33.0,39.0,-12.052747
33.0,3.0,40.0,-1.3542062
3.0,33.0,40.0,-1.3542062
33.0,3.0,41.0,-10.329314
3.0,33.0,41.0,-10.329314
33.0,3.0,42.0,-12.837021
3.0,33.0,42.0,-12.837021
33.0,3.0,43.0,-20.753788
3.0,33.0,43.0,-20.753788
33.0,3.0,44.0,-23.352165
3.0,33.0,44.0,-23.352165
33.0,3.0,45.0,-2.7067878
3.0,33.0,45.0,-2.7067878
33.0,3.0,46.0,-11.202989
3.0,33.0,46.0,-11.202989
33.0,3.0,47.0,-15.240481
3.0,33.0,47.0,-15.240481
33.0,3.0,48.0,-14.33635
3.0,33.0,48.0,-14.33635
33.0,3.0,49.0,9.839589
3.0,33.0,49.0,9.839589
33.0,3.0,50.0,2.6280556
3.0,33.0,50.0,2.6280556
33.0,3.0,51.0,26.922554
3.0,33.0,51.0,26.922554
33.0,3.0,52.0,-31.406008
3.0,33.0,52.0,-31.406008
33.0,3.0,53.0,-27.361927
3.0,33.0,53.0,-27.361927
33.0,3.0,54.0,-15.142517
3.0,33.0,54.0,-15.142517
33.0,3.0,55.0,-28.279867
3.0,33.0,55.0,-28.279867
33.0,3.0,56.0,-12.503185
3.0,33.0,56.0,-12.503185
33.0,3.0,57.0,-20.705536
3.0,33.0,57.0,-20.705536
33.0,3.0,58.0,1.5746756
3.0,33.0,58.0,1.5746756
33.0,3.0,59.0,-19.59477
3.0,33.0,59.0,-19.59477
33.0,3.0,60.0,-4.473094
3.0,33.0,60.0,-4.473094
33.0,3.0,61.0,-8.123539
3.0,33.0,61.0,-8.123539
33.0,3.0,62.0,-10.75057
3.0,33.0,62.0,-10.75057
33.0,3.0,63.0,-28.259491
3.0,33.0,63.0,-28.259491
33.0,3.0,64.0,-19.171883
3.0,33.0,64.0,-19.171883
33.0,3.0,65.0,4.4974403
3.0,33.0,65.0,4.4974403
33.0,3.0,66.0,16.88079
3.0,33.0,66.0,16.88079
33.0,3.0,67.0,-32.006317
3.0,33.0,67.0,-32.006317
33.0,3.0,68.0,-10.934797
3.0,33.0,68.0,-10.934797
33.0,3.0,69.0,-6.7809353
3.0,33.0,69.0,-6.7809353
33.0,4.0,38.0,17.729334
4.0,33.0,38.0,17.729334
33.0,4.0,39.0,50.158264
4.0,33.0,39.0,50.158264
33.0,4.0,40.0,61.78477
4.0,33.0,40.0,61.78477
33.0,4.0,41.0,48.64582
4.0,33.0,41.0,48.64582
33.0,4.0,42.0,4.866534
4.0,33.0,42.0,4.866534
33.0,4.0,43.0,14.31448
4.0,33.0,43.0,14.31448
33.0,4.0,44.0,10.580343
4.0,33.0,44.0,10.580343
33.0,4.0,45.0,11.502095
4.0,33.0,45.0,11.502095
33.0,4.0,46.0,-20.101156
4.0,33.0,46.0,-20.101156
33.0,4.0,47.0,39.086803
4.0,33.0,47.0,39.086803
33.0,4.0,48.0,15.652944
4.0,33.0,48.0,15.652944
33.0,4.0,49.0,60.024117
4.0,33.0,49.0,60.024117
33.0,4.0,50.0,18.042044
4.0,33.0,50.0,18.042044
33.0,4.0,51.0,75.8739
4.0,33.0,51.0,75.8739
33.0,4.0,52.0,49.825844
4.0,33.0,52.0,49.825844
33.0,4.0,53.0,-21.71146
4.0,33.0,53.0,-21.71146
33.0,4.0,54.0,16.975342
4.0,33.0,54.0,16.975342
33.0,4.0,55.0,59.45277
4.0,33.0,55.0,59.45277
33.0,4.0,56.0,18.016777
4.0,33.0,56.0,18.016777
33.0,4.0,57.0,20.007553
4.0,33.0,57.0,20.007553
33.0,4.0,58.0,88.876434
4.0,33.0,58.0,88.876434
33.0,4.0,59.0,44.740887
4.0,33.0,59.0,44.740887
33.0,4.0,60.0,13.875979
4.0,33.0,60.0,13.875979
33.0,4.0,61.0,20.826197
4.0,33.0,61.0,20.826197
33.0,4.0,62.0,-24.032352
4.0,33.0,62.0,-24.032352
33.0,4.0,63.0,6.5593176
4.0,33.0,63.0,6.5593176
33.0,4.0,64.0,20.987955
4.0,33.0,64.0,20.987955
33.0,4.0,65.0,55.67321
4.0,33.0,65.0,55.67321
33.0,4.0,66.0,55.926716
4.0,33.0,66.0,55.926716
33.0,4.0,67.0,19.532614
4.0,33.0,67.0,19.532614
33.0,4.0,68.0,14.8936405
4.0,33.0,68.0,14.8936405
33.0,4.0,69.0,29.58575
4.0,33.0,69.0,29.58575
33.0,5.0,38.0,0.24833275
5.0,33.0,38.0,0.24833275
33.0,5.0,39.0,-0.8505482
5.0,33.0,39.0,-0.8505482
33.0,5.0,40.0,3.2185783
5.0,33.0,40.0,3.2185783
33.0,5.0,41.0,4.628186
5.0,33.0,41.0,4.628186
33.0,5.0,42.0,0.88379335
5.0,33.0,42.0,0.88379335
33.0,5.0,43.0,4.1582274
5.0,33.0,43.0,4.1582274
33.0,5.0,44.0,7.4706445
5.0,33.0,44.0,7.4706445
33.0,5.0,45.0,1.822448
5.0,33.0,45.0,1.822448
33.0,5.0,46.0,-3.956706
5.0,33.0,46.0,-3.956706
33.0,5.0,47.0,7.9750447
5.0,33.0,47.0,7.9750447
33.0,5.0,48.0,13.685483
5.0,33.0,48.0,13.685483
33.0,5.0,49.0,8.88798
5.0,33.0,49.0,8.88798
33.0,5.0,50.0,8.914466
5.0,33.0,50.0,8.914466
33.0,5.0,51.0,1.0843674
5.0,33.0,51.0,1.0843674
33.0,5.0,52.0,-23.51698
5.0,33.0,52.0,-23.51698
33.0,5.0,53.0,-2.8980932
5.0,33.0,53.0,-2.8980932
33.0,5.0,54.0,-10.827297
5.0,33.0,54.0,-10.827297
33.0,5.0,55.0,0.3262068
5.0,33.0,55.0,0.3262068
33.0,5.0,56.0,0.28252125
5.0,33.0,56.0,0.28252125
33.0,5.0,57.0,-2.8553526
5.0,33.0,57.0,-2.8553526
33.0,5.0,58.0,-3.2281263
5.0,33.0,58.0,-3.2281263
33.0,5.0,59.0,3.1562026
5.0,33.0,59.0,3.1562026
33.0,5.0,60.0,0.037270065
5.0,33.0,60.0,0.037270065
33.0,5.0,61.0,-7.5636916
5.0,33.0,61.0,-7.5636916
33.0,5.0,62.0,2.7213464
5.0,33.0,62.0,2.7213464
33.0,5.0,63.0,-9.033347
5.0,33.0,63.0,-9.033347
33.0,5.0,64.0,-20.931551
5.0,33.0,64.0,-20.931551
33.0,5.0,65.0,9.129547
5.0,33.0,65.0,9.129547
33.0,5.0,66.0,2.0904758
5.0,33.0,66.0,2.0904758
33.0,5.0,67.0,-24.55323
5.0,33.0,67.0,-24.55323
33.0,5.0,68.0,13.070455
5.0,33.0,68.0,13.070455
33.0,5.0,69.0,10.312678
5.0,33.0,69.0,10.312678
33.0,6.0,38.0,-78.52887
6.0,33.0,38.0,-78.52887
33.0,6.0,39.0,-52.59879
6.0,33.0,39.0,-52.59879
33.0,6.0,40.0,-24.322517
6.0,33.0,40.0,-24.322517
33.0,6.0,41.0,-37.348732
6.0,33.0,41.0,-37.348732
33.0,6.0,42.0,-11.638136
6.0,33.0,42.0,-11.638136
33.0,6.0,43.0,-75.4392
6.0,33.0,43.0,-75.4392
33.0,6.0,44.0,-52.79999
6.0,33.0,44.0,-52.79999
33.0,6.0,45.0,-54.50034
6.0,33.0,45.0,-54.50034
33.0,6.0,46.0,-34.390064
6.0,33.0,46.0,-34.390064
33.0,6.0,47.0,-43.962013
6.0,33.0,47.0,-43.962013
33.0,6.0,48.0,-53.546997
6.0,33.0,48.0,-53.546997
33.0,6.0,49.0,5.0256033
6.0,33.0,49.0,5.0256033
33.0,6.0,50.0,-37.133484
6.0,33.0,50.0,-37.133484
33.0,6.0,51.0,10.948465
6.0,33.0,51.0,10.948465
33.0,6.0,52.0,-12.232885
6.0,33.0,52.0,-12.232885
33.0,6.0,53.0,-50.558304
6.0,33.0,53.0,-50.558304
33.0,6.0,54.0,-64.092094
6.0,33.0,54.0,-64.092094
33.0,6.0,55.0,-47.74329
6.0,33.0,55.0,-47.74329
33.0,6.0,56.0,-73.4117
6.0,33.0,56.0,-73.4117
33.0,6.0,57.0,-90.454704
6.0,33.0,57.0,-90.454704
33.0,6.0,58.0,11.926956
6.0,33.0,58.0,11.926956
33.0,6.0,59.0,-86.59485
6.0,33.0,59.0,-86.59485
33.0,6.0,60.0,-51.538162
6.0,33.0,60.0,-51.538162
33.0,6.0,61.0,-99.14403
6.0,33.0,61.0,-99.14403
33.0,6.0,62.0,-41.432274
6.0,33.0,62.0,-41.432274
33.0,6.0,63.0,-32.39727
6.0,33.0,63.0,-32.39727
33.0,6.0,64.0,-35.31206
6.0,33.0,64.0,-35.31206
33.0,6.0,65.0,-67.80903
6.0,33.0,65.0,-67.80903
33.0,6.0,66.0,10.927422
6.0,33.0,66.0,10.927422
33.0,6.0,67.0,-10.704752
6.0,33.0,67.0,-10.704752
33.0,6.0,68.0,-10.585222
6.0,33.0,68.0,-10.585222
33.0,6.0,69.0,-12.470917
6.0,33.0,69.0,-12.470917
33.0,7.0,38.0,20.374065
7.0,33.0,38.0,20.374065
33.0,7.0,39.0,-7.695739
7.0,33.0,39.0,-7.695739
33.0,7.0,40.0,-1.5962433
7.0,33.0,40.0,-1.5962433
33.0,7.0,41.0,4.7771535
7.0,33.0,41.0,4.7771535
33.0,7.0,42.0,5.2658315
7.0,33.0,42.0,5.2658315
33.0,7.0,43.0,-26.952213
7.0,33.0,43.0,-26.952213
33.0,7.0,44.0,3.5824425
7.0,33.0,44.0,3.5824425
33.0,7.0,45.0,-7.266059
7.0,33.0,45.0,-7.266059
33.0,7.0,46.0,-6.2944465
7.0,33.0,46.0,-6.2944465
33.0,7.0,47.0,5.4184203
7.0,33.0,47.0,5.4184203
33.0,7.0,48.0,-8.860206
7.0,33.0,48.0,-8.860206
33.0,7.0,49.0,-0.7621367
7.0,33.0,49.0,-0.7621367
33.0,7.0,50.0,5.7260547
7.0,33.0,50.0,5.7260547
33.0,7.0,51.0,-23.877943
7.0,33.0,51.0,-23.877943
33.0,7.0,52.0,-24.341038
7.0,33.0,52.0,-24.341038
33.0,7.0,53.0,-5.3090405
7.0,33.0,53.0,-5.3090405
33.0,7.0,54.0,-17.165668
7.0,33.0,54.0,-17.165668
33.0,7.0,55.0,-7.3272843
7.0,33.0,55.0,-7.3272843
33.0,7.0,56.0,4.3983755
7.0,33.0,56.0,4.3983755
33.0,7.0,57.0,1.5634229
7.0,33.0,57.0,1.5634229
33.0,7.0,58.0,24.238857
7.0,33.0,58.0,24.238857
33.0,7.0,59.0,4.2505436
7.0,33.0,59.0,4.2505436
33.0,7.0,60.0,-10.010146
7.0,33.0,60.0,-10.010146
33.0,7.0,61.0,-3.6517196
7.0,33.0,61.0,-3.6517196
33.0,7.0,62.0,25.274986
7.0,33.0,62.0,25.274986
33.0,7.0,63.0,-16.116354
7.0,33.0,63.0,-16.116354
33.0,7.0,64.0,-11.487056
7.0,33.0,64.0,-11.487056
33.0,7.0,65.0,-5.3417764
7.0,33.0,65.0,-5.3417764
33.0,7.0,66.0,9.588293
7.0,33.0,66.0,9.588293
33.0,7.0,67.0,-22.324125
7.0,33.0,67.0,-22.324125
33.0,7.0,68.0,-17.462652
7.0,33.0,68.0,-17.462652
33.0,7.0,69.0,-5.7744427
7.0,33.0,69.0,-5.7744427
33.0,8.0,38.0,-11.524442
8.0,33.0,38.0,-11.524442
33.0,8.0,39.0,-5.115507
8.0,33.0,39.0,-5.115507
33.0,8.0,40.0,-8.497808
8.0,33.0,40.0,-8.497808
33.0,8.0,41.0,-3.6435933
8.0,33.0,41.0,-3.6435933
33.0,8.0,42.0,-2.7552621
8.0,33.0,42.0,-2.7552621
33.0,8.0,43.0,-45.994366
8.0,33.0,43.0,-45.994366
33.0,8.0,44.0,-24.01843
8.0,33.0,44.0,-24.01843
33.0,8.0,45.0,-24.001633
8.0,33.0,45.0,-24.001633
33.0,8.0,46.0,-11.080725
8.0,33.0,46.0,-11.080725
33.0,8.0,47.0,1.0503626
8.0,33.0,47.0,1.0503626
33.0,8.0,48.0,-11.556516
8.0,33.0,48.0,-11.556516
33.0,8.0,49.0,0.7569707
8.0,33.0,49.0,0.7569707
33.0,8.0,50.0,-11.866825
8.0,33.0,50.0,-11.866825
33.0,8.0,51.0,-19.567915
8.0,33.0,51.0,-19.567915
33.0,8.0,52.0,-29.34373
8.0,33.0,52.0,-29.34373
33.0,8.0,53.0,-32.062263
8.0,33.0,53.0,-32.062263
33.0,8.0,54.0,-19.235172
8.0,33.0,54.0,-19.235172
33.0,8.0,55.0,-12.221832
8.0,33.0,55.0,-12.221832
33.0,8.0,56.0,-21.327856
8.0,33.0,56.0,-21.327856
33.0,8.0,57.0,-27.267622
8.0,33.0,57.0,-27.267622
33.0,8.0,58.0,-46.52302
8.0,33.0,58.0,-46.52302
33.0,8.0,59.0,-27.172714
8.0,33.0,59.0,-27.172714
33.0,8.0,60.0,-16.998587
8.0,33.0,60.0,-16.998587
33.0,8.0,61.0,-23.673637
8.0,33.0,61.0,-23.673637
33.0,8.0,62.0,-9.822756
8.0,33.0,62.0,-9.822756
33.0,8.0,63.0,-42.56098
8.0,33.0,63.0,-42.56098
33.0,8.0,64.0,-35.907494
8.0,33.0,64.0,-35.907494
33.0,8.0,65.0,-23.05446
8.0,33.0,65.0,-23.05446
33.0,8.0,66.0,-23.86348
8.0,33.0,66.0,-23.86348
33.0,8.0,67.0,-16.408022
8.0,33.0,67.0,-16.408022
33.0,8.0,68.0,-12.695614
8.0,33.0,68.0,-12.695614
33.0,8.0,69.0,-4.5901074
8.0,33.0,69.0,-4.5901074
33.0,9.0,38.0,23.375051
9.0,33.0,38.0,23.375051
33.0,9.0,39.0,12.638865
9.0,33.0,39.0,12.638865
33.0,9.0,40.0,12.174665
9.0,33.0,40.0,12.174665
33.0,9.0,41.0,-5.40368
9.0,33.0,41.0,-5.40368
33.0,9.0,42.0,-2.2135794
9.0,33.0,42.0,-2.2135794
33.0,9.0,43.0,7.3608813
9.0,33.0,43.0,7.3608813
33.0,9.0,44.0,2.7799325
9.0,33.0,44.0,2.7799325
33.0,9.0,45.0,9.573909
9.0,33.0,45.0,9.573909
33.0,9.0,46.0,8.32788
9.0,33.0,46.0,8.32788
33.0,9.0,47.0,16.875647
9.0,33.0,47.0,16.875647
33.0,9.0,48.0,-9.256892
9.0,33.0,48.0,-9.256892
33.0,9.0,49.0,48.260456
9.0,33.0,49.0,48.260456
33.0,9.0,50.0,8.789653
9.0,33.0,50.0,8.789653
33.0,9.0,51.0,14.0979185
9.0,33.0,51.0,14.0979185
33.0,9.0,52.0,7.884424
9.0,33.0,52.0,7.884424
33.0,9.0,53.0,13.892587
9.0,33.0,53.0,13.892587
33.0,9.0,54.0,15.33675
9.0,33.0,54.0,15.33675
33.0,9.0,55.0,5.56503
9.0,33.0,55.0,5.56503
33.0,9.0,56.0,11.944786
9.0,33.0,56.0,11.944786
33.0,9.0,57.0,1.7303324
9.0,33.0,57.0,1.7303324
33.0,9.0,58.0,16.134773
9.0,33.0,58.0,16.134773
33.0,9.0,59.0,14.138103
9.0,33.0,59.0,14.138103
33.0,9.0,60.0,4.182221
9.0,33.0,60.0,4.182221
33.0,9.0,61.0,8.584228
9.0,33.0,61.0,8.584228
33.0,9.0,62.0,-2.2508323
9.0,33.0,62.0,-2.2508323
33.0,9.0,63.0,5.8238897
9.0,33.0,63.0,5.8238897
33.0,9.0,64.0,11.336674
9.0,33.0,64.0,11.336674
33.0,9.0,65.0,19.320108
9.0,33.0,65.0,19.320108
33.0,9.0,66.0,49.32773
9.0,33.0,66.0,49.32773
33.0,9.0,67.0,25.716354
9.0,33.0,67.0,25.716354
33.0,9.0,68.0,18.730938
9.0,33.0,68.0,18.730938
33.0,9.0,69.0,17.872051
9.0,33.0,69.0,17.872051
33.0,10.0,38.0,3.0733137
10.0,33.0,38.0,3.0733137
33.0,10.0,39.0,22.001007
10.0,33.0,39.0,22.001007
33.0,10.0,40.0,21.80486
10.0,33.0,40.0,21.80486
33.0,10.0,41.0,19.854301
10.0,33.0,41.0,19.854301
33.0,10.0,42.0,14.138806
10.0,33.0,42.0,14.138806
33.0,10.0,43.0,-3.4729974
10.0,33.0,43.0,-3.4729974
33.0,10.0,44.0,8.242039
10.0,33.0,44.0,8.242039
33.0,10.0,45.0,9.590706
10.0,33.0,45.0,9.590706
33.0,10.0,46.0,30.995577
10.0,33.0,46.0,30.995577
33.0,10.0,47.0,28.655525
10.0,33.0,47.0,28.655525
33.0,10.0,48.0,13.575399
10.0,33.0,48.0,13.575399
33.0,10.0,49.0,21.294733
10.0,33.0,49.0,21.294733
33.0,10.0,50.0,16.641428
10.0,33.0,50.0,16.641428
33.0,10.0,51.0,28.483175
10.0,33.0,51.0,28.483175
33.0,10.0,52.0,12.328809
10.0,33.0,52.0,12.328809
33.0,10.0,53.0,14.717241
10.0,33.0,53.0,14.717241
33.0,10.0,54.0,3.1718931
10.0,33.0,54.0,3.1718931
33.0,10.0,55.0,21.866402
10.0,33.0,55.0,21.866402
33.0,10.0,56.0,-2.2109618
10.0,33.0,56.0,-2.2109618
33.0,10.0,57.0,23.36432
10.0,33.0,57.0,23.36432
33.0,10.0,58.0,10.493955
10.0,33.0,58.0,10.493955
33.0,10.0,59.0,18.320225
10.0,33.0,59.0,18.320225
33.0,10.0,60.0,22.214622
10.0,33.0,60.0,22.214622
33.0,10.0,61.0,4.282421
10.0,33.0,61.0,4.282421
33.0,10.0,62.0,5.8347344
10.0,33.0,62.0,5.8347344
33.0,10.0,63.0,15.28354
10.0,33.0,63.0,15.28354
33.0,10.0,64.0,10.991184
10.0,33.0,64.0,10.991184
33.0,10.0,65.0,15.310807
10.0,33.0,65.0,15.310807
33.0,10.0,66.0,40.99363
10.0,33.0,66.0,40.99363
33.0,10.0,67.0,14.849073
10.0,33.0,67.0,14.849073
33.0,10.0,68.0,32.889866
10.0,33.0,68.0,32.889866
33.0,10.0,69.0,26.408524
10.0,33.0,69.0,26.408524
33.0,11.0,38.0,0.9083498
11.0,33.0,38.0,0.9083498
33.0,11.0,39.0,5.311652
11.0,33.0,39.0,5.311652
33.0,11.0,40.0,11.873132
11.0,33.0,40.0,11.873132
33.0,11.0,41.0,5.9516344
11.0,33.0,41.0,5.9516344
33.0,11.0,42.0,4.7467446
11.0,33.0,42.0,4.7467446
33.0,11.0,43.0,8.684703
11.0,33.0,43.0,8.684703
33.0,11.0,44.0,2.8712463
11.0,33.0,44.0,2.8712463
33.0,11.0,45.0,8.450264
11.0,33.0,45.0,8.450264
33.0,11.0,46.0,4.7077384
11.0,33.0,46.0,4.7077384
33.0,11.0,47.0,2.2301035
11.0,33.0,47.0,2.2301035
33.0,11.0,48.0,-22.419231
11.0,33.0,48.0,-22.419231
33.0,11.0,49.0,7.4702315
11.0,33.0,49.0,7.4702315
33.0,11.0,50.0,5.41864
11.0,33.0,50.0,5.41864
33.0,11.0,51.0,8.699403
11.0,33.0,51.0,8.699403
33.0,11.0,52.0,-0.1789957
11.0,33.0,52.0,-0.1789957
33.0,11.0,53.0,-4.5003333
11.0,33.0,53.0,-4.5003333
33.0,11.0,54.0,-0.030282503
11.0,33.0,54.0,-0.030282503
33.0,11.0,55.0,4.4842286
11.0,33.0,55.0,4.4842286
33.0,11.0,56.0,7.8245115
11.0,33.0,56.0,7.8245115
33.0,11.0,57.0,5.7044764
11.0,33.0,57.0,5.7044764
33.0,11.0,58.0,-12.084379
11.0,33.0,58.0,-12.084379
33.0,11.0,59.0,1.8510878
11.0,33.0,59.0,1.8510878
33.0,11.0,60.0,7.5885377
11.0,33.0,60.0,7.5885377
33.0,11.0,61.0,4.8160343
11.0,33.0,61.0,4.8160343
33.0,11.0,62.0,4.656211
11.0,33.0,62.0,4.656211
33.0,11.0,63.0,6.840916
11.0,33.0,63.0,6.840916
33.0,11.0,64.0,-0.12682167
11.0,33.0,64.0,-0.12682167
33.0,11.0,65.0,9.544339
11.0,33.0,65.0,9.544339
33.0,11.0,66.0,0.34999084
11.0,33.0,66.0,0.34999084
33.0,11.0,67.0,3.0258453
11.0,33.0,67.0,3.0258453
33.0,11.0,68.0,12.287409
11.0,33.0,68.0,12.287409
33.0,11.0,69.0,16.59451
11.0,33.0,69.0,16.59451
33.0,12.0,38.0,0.26221612
12.0,33.0,38.0,0.26221612
33.0,12.0,39.0,-0.56630176
12.0,33.0,39.0,-0.56630176
33.0,12.0,40.0,-6.786062
12.0,33.0,40.0,-6.786062
33.0,12.0,41.0,-1.0800574
12.0,33.0,41.0,-1.0800574
33.0,12.0,42.0,-6.8509827
12.0,33.0,42.0,-6.8509827
33.0,12.0,43.0,-22.434649
12.0,33.0,43.0,-22.434649
33.0,12.0,44.0,-0.5056325
12.0,33.0,44.0,-0.5056325
33.0,12.0,45.0,-0.34928387
12.0,33.0,45.0,-0.34928387
33.0,12.0,46.0,-19.43822
12.0,33.0,46.0,-19.43822
33.0,12.0,47.0,-3.1303713
12.0,33.0,47.0,-3.1303713
33.0,12.0,48.0,-11.293923
12.0,33.0,48.0,-11.293923
33.0,12.0,49.0,-10.260091
12.0,33.0,49.0,-10.260091
33.0,12.0,50.0,0.9268278
12.0,33.0,50.0,0.9268278
33.0,12.0,51.0,-6.3526707
12.0,33.0,51.0,-6.3526707
33.0,12.0,52.0,-24.573265
12.0,33.0,52.0,-24.573265
33.0,12.0,53.0,-15.4474745
12.0,33.0,53.0,-15.4474745
33.0,12.0,54.0,1.0679473
12.0,33.0,54.0,1.0679473
33.0,12.0,55.0,-16.655031
12.0,33.0,55.0,-16.655031
33.0,12.0,56.0,-4.4081035
12.0,33.0,56.0,-4.4081035
33.0,12.0,57.0,-21.510983
12.0,33.0,57.0,-21.510983
33.0,12.0,58.0,-7.2916403
12.0,33.0,58.0,-7.2916403
33.0,12.0,59.0,-0.35522386
12.0,33.0,59.0,-0.35522386
33.0,12.0,60.0,-8.444119
12.0,33.0,60.0,-8.444119
33.0,12.0,61.0,-5.355336
12.0,33.0,61.0,-5.355336
33.0,12.0,62.0,-7.40103
12.0,33.0,62.0,-7.40103
33.0,12.0,63.0,-20.67487
12.0,33.0,63.0,-20.67487
33.0,12.0,64.0,-11.332045
12.0,33.0,64.0,-11.332045
33.0,12.0,65.0,-0.058601517
12.0,33.0,65.0,-0.058601517
33.0,12.0,66.0,-4.2757573
12.0,33.0,66.0,-4.2757573
33.0,12.0,67.0,-32.344643
12.0,33.0,67.0,-32.344643
33.0,12.0,68.0,-10.718345
12.0,33.0,68.0,-10.718345
33.0,12.0,69.0,3.534323
12.0,33.0,69.0,3.534323
33.0,13.0,38.0,-8.001586
13.0,33.0,38.0,-8.001586
33.0,13.0,39.0,20.41615
13.0,33.0,39.0,20.41615
33.0,13.0,40.0,43.626682
13.0,33.0,40.0,43.626682
33.0,13.0,41.0,23.778059
13.0,33.0,41.0,23.778059
33.0,13.0,42.0,13.755357
13.0,33.0,42.0,13.755357
33.0,13.0,43.0,16.832952
13.0,33.0,43.0,16.832952
33.0,13.0,44.0,25.765026
13.0,33.0,44.0,25.765026
33.0,13.0,45.0,-0.048499163
13.0,33.0,45.0,-0.048499163
33.0,13.0,46.0,32.590187
13.0,33.0,46.0,32.590187
33.0,13.0,47.0,28.212376
13.0,33.0,47.0,28.212376
33.0,13.0,48.0,17.68829
13.0,33.0,48.0,17.68829
33.0,13.0,49.0,19.455189
13.0,33.0,49.0,19.455189
33.0,13.0,50.0,23.757246
13.0,33.0,50.0,23.757246
33.0,13.0,51.0,28.399448
13.0,33.0,51.0,28.399448
33.0,13.0,52.0,35.37506
13.0,33.0,52.0,35.37506
33.0,13.0,53.0,2.3777173
13.0,33.0,53.0,2.3777173
33.0,13.0,54.0,1.3886513
13.0,33.0,54.0,1.3886513
33.0,13.0,55.0,11.462993
13.0,33.0,55.0,11.462993
33.0,13.0,56.0,4.813509
13.0,33.0,56.0,4.813509
33.0,13.0,57.0,12.264436
13.0,33.0,57.0,12.264436
33.0,13.0,58.0,14.170863
13.0,33.0,58.0,14.170863
33.0,13.0,59.0,9.914265
13.0,33.0,59.0,9.914265
33.0,13.0,60.0,20.751719
13.0,33.0,60.0,20.751719
33.0,13.0,61.0,13.11199
13.0,33.0,61.0,13.11199
33.0,13.0,62.0,20.82762
13.0,33.0,62.0,20.82762
33.0,13.0,63.0,-1.7650977
13.0,33.0,63.0,-1.7650977
33.0,13.0,64.0,34.473064
13.0,33.0,64.0,34.473064
33.0,13.0,65.0,8.261398
13.0,33.0,65.0,8.261398
33.0,13.0,66.0,14.16754
13.0,33.0,66.0,14.16754
33.0,13.0,67.0,8.55286
13.0,33.0,67.0,8.55286
33.0,13.0,68.0,36.47909
13.0,33.0,68.0,36.47909
33.0,13.0,69.0,30.117197
13.0,33.0,69.0,30.117197
33.0,14.0,38.0,69.01271
14.0,33.0,38.0,69.01271
33.0,14.0,38.0,50.937996
14.0,33.0,38.0,50.937996
33.0,14.0,39.0,18.580008
14.0,33.0,39.0,18.580008
33.0,14.0,40.0,40.478165
14.0,33.0,40.0,40.478165
33.0,14.0,40.0,27.718071
14.0,33.0,40.0,27.718071
33.0,14.0,41.0,35.539528
14.0,33.0,41.0,35.539528
33.0,14.0,41.0,6.773139
14.0,33.0,41.0,6.773139
33.0,14.0,42.0,24.268923
14.0,33.0,42.0,24.268923
33.0,14.0,42.0,13.77598
14.0,33.0,42.0,13.77598
33.0,14.0,43.0,25.722376
14.0,33.0,43.0,25.722376
33.0,14.0,43.0,-6.1682787
14.0,33.0,43.0,-6.1682787
33.0,14.0,44.0,23.027567
14.0,33.0,44.0,23.027567
33.0,14.0,44.0,-26.344654
14.0,33.0,44.0,-26.344654
33.0,14.0,45.0,23.319052
14.0,33.0,45.0,23.319052
33.0,14.0,45.0,30.450327
14.0,33.0,45.0,30.450327
33.0,14.0,46.0,22.940182
14.0,33.0,46.0,22.940182
33.0,14.0,47.0,74.17096
14.0,33.0,47.0,74.17096
33.0,14.0,47.0,49.16553
14.0,33.0,47.0,49.16553
33.0,14.0,48.0,13.975313
14.0,33.0,48.0,13.975313
33.0,14.0,49.0,19.755032
14.0,33.0,49.0,19.755032
33.0,14.0,49.0,-11.282121
14.0,33.0,49.0,-11.282121
33.0,14.0,50.0,33.497066
14.0,33.0,50.0,33.497066
33.0,14.0,51.0,5.584259
14.0,33.0,51.0,5.584259
33.0,14.0,52.0,50.187454
14.0,33.0,52.0,50.187454
33.0,14.0,52.0,7.789074
14.0,33.0,52.0,7.789074
33.0,14.0,53.0,4.150753
14.0,33.0,53.0,4.150753
33.0,14.0,53.0,-1.9087714
14.0,33.0,53.0,-1.9087714
33.0,14.0,54.0,19.447237
14.0,33.0,54.0,19.447237
33.0,14.0,54.0,16.478317
14.0,33.0,54.0,16.478317
33.0,14.0,55.0,31.7634
14.0,33.0,55.0,31.7634
33.0,14.0,56.0,41.321224
14.0,33.0,56.0,41.321224
33.0,14.0,57.0,5.763147
14.0,33.0,57.0,5.763147
33.0,14.0,58.0,77.66129
14.0,33.0,58.0,77.66129
33.0,14.0,59.0,9.900902
14.0,33.0,59.0,9.900902
33.0,14.0,59.0,21.365973
14.0,33.0,59.0,21.365973
33.0,14.0,60.0,8.302463
14.0,33.0,60.0,8.302463
33.0,14.0,61.0,7.60135
14.0,33.0,61.0,7.60135
33.0,14.0,62.0,66.79589
14.0,33.0,62.0,66.79589
33.0,14.0,63.0,-10.220101
14.0,33.0,63.0,-10.220101
33.0,14.0,64.0,35.038597
14.0,33.0,64.0,35.038597
33.0,14.0,65.0,17.367138
14.0,33.0,65.0,17.367138
33.0,14.0,65.0,30.603098
14.0,33.0,65.0,30.603098
33.0,14.0,66.0,38.688198
14.0,33.0,66.0,38.688198
33.0,14.0,67.0,-33.250565
14.0,33.0,67.0,-33.250565
33.0,14.0,68.0,19.24564
14.0,33.0,68.0,19.24564
33.0,14.0,69.0,44.699886
14.0,33.0,69.0,44.699886
33.0,15.0,38.0,31.465225
15.0,33.0,38.0,31.465225
33.0,15.0,39.0,17.635492
15.0,33.0,39.0,17.635492
33.0,15.0,40.0,6.498701
15.0,33.0,40.0,6.498701
33.0,15.0,41.0,9.164884
15.0,33.0,41.0,9.164884
33.0,15.0,42.0,2.445062
15.0,33.0,42.0,2.445062
33.0,15.0,43.0,13.084214
15.0,33.0,43.0,13.084214
33.0,15.0,44.0,22.011908
15.0,33.0,44.0,22.011908
33.0,15.0,45.0,7.5417233
15.0,33.0,45.0,7.5417233
33.0,15.0,46.0,27.393164
15.0,33.0,46.0,27.393164
33.0,15.0,47.0,11.350709
15.0,33.0,47.0,11.350709
33.0,15.0,48.0,-30.8399
15.0,33.0,48.0,-30.8399
33.0,15.0,49.0,18.981417
15.0,33.0,49.0,18.981417
33.0,15.0,50.0,9.0431595
15.0,33.0,50.0,9.0431595
33.0,15.0,51.0,-6.937681
15.0,33.0,51.0,-6.937681
33.0,15.0,52.0,16.763355
15.0,33.0,52.0,16.763355
33.0,15.0,53.0,8.076649
15.0,33.0,53.0,8.076649
33.0,15.0,54.0,15.042424
15.0,33.0,54.0,15.042424
33.0,15.0,55.0,-4.1137547
15.0,33.0,55.0,-4.1137547
33.0,15.0,56.0,4.6356664
15.0,33.0,56.0,4.6356664
33.0,15.0,57.0,37.920635
15.0,33.0,57.0,37.920635
33.0,15.0,58.0,27.985468
15.0,33.0,58.0,27.985468
33.0,15.0,59.0,1.7385471
15.0,33.0,59.0,1.7385471
33.0,15.0,60.0,22.086084
15.0,33.0,60.0,22.086084
33.0,15.0,61.0,-0.61028326
15.0,33.0,61.0,-0.61028326
33.0,15.0,62.0,3.3681393
15.0,33.0,62.0,3.3681393
33.0,15.0,63.0,-9.8423
15.0,33.0,63.0,-9.8423
33.0,15.0,64.0,3.557647
15.0,33.0,64.0,3.557647
33.0,15.0,65.0,15.095353
15.0,33.0,65.0,15.095353
33.0,15.0,66.0,27.22694
15.0,33.0,66.0,27.22694
33.0,15.0,67.0,-6.072766
15.0,33.0,67.0,-6.072766
33.0,15.0,68.0,7.3106923
15.0,33.0,68.0,7.3106923
33.0,15.0,69.0,-2.59326
15.0,33.0,69.0,-2.59326
33.0,16.0,38.0,-69.354256
16.0,33.0,38.0,-69.354256
33.0,16.0,39.0,-23.481625
16.0,33.0,39.0,-23.481625
33.0,16.0,40.0,-12.136392
16.0,33.0,40.0,-12.136392
33.0,16.0,41.0,-4.3733926
16.0,33.0,41.0,-4.3733926
33.0,16.0,42.0,-5.9924617
16.0,33.0,42.0,-5.9924617
33.0,16.0,43.0,-67.2196
16.0,33.0,43.0,-67.2196
33.0,16.0,44.0,-23.410616
16.0,33.0,44.0,-23.410616
33.0,16.0,45.0,-21.188574
16.0,33.0,45.0,-21.188574
33.0,16.0,46.0,-18.445942
16.0,33.0,46.0,-18.445942
33.0,16.0,47.0,-23.641113
16.0,33.0,47.0,-23.641113
33.0,16.0,48.0,-20.067888
16.0,33.0,48.0,-20.067888
33.0,16.0,49.0,-32.89159
16.0,33.0,49.0,-32.89159
33.0,16.0,50.0,-37.395374
16.0,33.0,50.0,-37.395374
33.0,16.0,51.0,-6.9749293
16.0,33.0,51.0,-6.9749293
33.0,16.0,52.0,-33.537945
16.0,33.0,52.0,-33.537945
33.0,16.0,53.0,-50.010365
16.0,33.0,53.0,-50.010365
33.0,16.0,54.0,-45.68306
16.0,33.0,54.0,-45.68306
33.0,16.0,55.0,-17.038431
16.0,33.0,55.0,-17.038431
33.0,16.0,56.0,-17.744673
16.0,33.0,56.0,-17.744673
33.0,16.0,57.0,-32.834545
16.0,33.0,57.0,-32.834545
33.0,16.0,58.0,-46.677807
16.0,33.0,58.0,-46.677807
33.0,16.0,59.0,-29.166216
16.0,33.0,59.0,-29.166216
33.0,16.0,60.0,-19.068962
16.0,33.0,60.0,-19.068962
33.0,16.0,61.0,-74.992386
16.0,33.0,61.0,-74.992386
33.0,16.0,62.0,1.3926241
16.0,33.0,62.0,1.3926241
33.0,16.0,63.0,-69.1632
16.0,33.0,63.0,-69.1632
33.0,16.0,64.0,-39.108917
16.0,33.0,64.0,-39.108917
33.0,16.0,65.0,-32.535957
16.0,33.0,65.0,-32.535957
33.0,16.0,66.0,-28.648724
16.0,33.0,66.0,-28.648724
33.0,16.0,67.0,-21.204054
16.0,33.0,67.0,-21.204054
33.0,16.0,68.0,-21.191145
16.0,33.0,68.0,-21.191145
33.0,16.0,69.0,-30.378725
16.0,33.0,69.0,-30.378725
33.0,17.0,38.0,-0.3326977
17.0,33.0,38.0,-0.3326977
33.0,17.0,39.0,3.5154483
17.0,33.0,39.0,3.5154483
33.0,17.0,40.0,11.72553
17.0,33.0,40.0,11.72553
33.0,17.0,41.0,5.9635997
17.0,33.0,41.0,5.9635997
33.0,17.0,42.0,7.2873225
17.0,33.0,42.0,7.2873225
33.0,17.0,43.0,1.30613
17.0,33.0,43.0,1.30613
33.0,17.0,44.0,7.1627192
17.0,33.0,44.0,7.1627192
33.0,17.0,45.0,-0.43978313
17.0,33.0,45.0,-0.43978313
33.0,17.0,46.0,2.1543279
17.0,33.0,46.0,2.1543279
33.0,17.0,47.0,4.101848
17.0,33.0,47.0,4.101848
33.0,17.0,48.0,-10.389351
17.0,33.0,48.0,-10.389351
33.0,17.0,49.0,0.40940675
17.0,33.0,49.0,0.40940675
33.0,17.0,50.0,1.3005828
17.0,33.0,50.0,1.3005828
33.0,17.0,51.0,-2.6685014
17.0,33.0,51.0,-2.6685014
33.0,17.0,52.0,6.293046
17.0,33.0,52.0,6.293046
33.0,17.0,53.0,-1.7493304
17.0,33.0,53.0,-1.7493304
33.0,17.0,54.0,-11.730538
17.0,33.0,54.0,-11.730538
33.0,17.0,55.0,-3.7504778
17.0,33.0,55.0,-3.7504778
33.0,17.0,56.0,1.9502374
17.0,33.0,56.0,1.9502374
33.0,17.0,57.0,-0.86916864
17.0,33.0,57.0,-0.86916864
33.0,17.0,58.0,-0.25446483
17.0,33.0,58.0,-0.25446483
33.0,17.0,59.0,-5.324327
17.0,33.0,59.0,-5.324327
33.0,17.0,60.0,-5.9000854
17.0,33.0,60.0,-5.9000854
33.0,17.0,61.0,-5.641747
17.0,33.0,61.0,-5.641747
33.0,17.0,62.0,4.844082
17.0,33.0,62.0,4.844082
33.0,17.0,63.0,-6.997148
17.0,33.0,63.0,-6.997148
33.0,17.0,64.0,-1.5770946
17.0,33.0,64.0,-1.5770946
33.0,17.0,65.0,5.2934
17.0,33.0,65.0,5.2934
33.0,17.0,66.0,2.6922085
17.0,33.0,66.0,2.6922085
33.0,17.0,67.0,-10.359502
17.0,33.0,67.0,-10.359502
33.0,17.0,68.0,2.6220787
17.0,33.0,68.0,2.6220787
33.0,17.0,69.0,7.913683
17.0,33.0,69.0,7.913683
33.0,18.0,38.0,1.238951
18.0,33.0,38.0,1.238951
33.0,18.0,39.0,-1.3374054
18.0,33.0,39.0,-1.3374054
33.0,18.0,40.0,-5.3641
18.0,33.0,40.0,-5.3641
33.0,18.0,41.0,6.360474
18.0,33.0,41.0,6.360474
33.0,18.0,42.0,-1.6771424
18.0,33.0,42.0,-1.6771424
33.0,18.0,43.0,8.156563
18.0,33.0,43.0,8.156563
33.0,18.0,44.0,11.967536
18.0,33.0,44.0,11.967536
33.0,18.0,45.0,-2.5484667
18.0,33.0,45.0,-2.5484667
33.0,18.0,46.0,-11.460847
18.0,33.0,46.0,-11.460847
33.0,18.0,47.0,10.740533
18.0,33.0,47.0,10.740533
33.0,18.0,48.0,11.722965
18.0,33.0,48.0,11.722965
33.0,18.0,49.0,9.692914
18.0,33.0,49.0,9.692914
33.0,18.0,50.0,5.755272
18.0,33.0,50.0,5.755272
33.0,18.0,51.0,-0.48052216
18.0,33.0,51.0,-0.48052216
33.0,18.0,52.0,-15.471119
18.0,33.0,52.0,-15.471119
33.0,18.0,53.0,-7.8954186
18.0,33.0,53.0,-7.8954186
33.0,18.0,54.0,-2.3420696
18.0,33.0,54.0,-2.3420696
33.0,18.0,55.0,1.5741186
18.0,33.0,55.0,1.5741186
33.0,18.0,56.0,4.225725
18.0,33.0,56.0,4.225725
33.0,18.0,57.0,-0.34007108
18.0,33.0,57.0,-0.34007108
33.0,18.0,58.0,-0.20910344
18.0,33.0,58.0,-0.20910344
33.0,18.0,59.0,8.441963
18.0,33.0,59.0,8.441963
33.0,18.0,60.0,-1.7250869
18.0,33.0,60.0,-1.7250869
33.0,18.0,61.0,8.308561
18.0,33.0,61.0,8.308561
33.0,18.0,62.0,-3.1073203
18.0,33.0,62.0,-3.1073203
33.0,18.0,63.0,4.879943
18.0,33.0,63.0,4.879943
33.0,18.0,64.0,-13.451347
18.0,33.0,64.0,-13.451347
33.0,18.0,65.0,11.784972
18.0,33.0,65.0,11.784972
33.0,18.0,66.0,4.973169
18.0,33.0,66.0,4.973169
33.0,18.0,67.0,-62.580654
18.0,33.0,67.0,-62.580654
33.0,18.0,68.0,16.010418
18.0,33.0,68.0,16.010418
33.0,18.0,69.0,5.0474796
18.0,33.0,69.0,5.0474796
33.0,19.0,38.0,15.527145
19.0,33.0,38.0,15.527145
33.0,19.0,39.0,4.5175424
19.0,33.0,39.0,4.5175424
33.0,19.0,40.0,26.176403
19.0,33.0,40.0,26.176403
33.0,19.0,41.0,-4.799328
19.0,33.0,41.0,-4.799328
33.0,19.0,42.0,1.8085198
19.0,33.0,42.0,1.8085198
33.0,19.0,43.0,3.2860372
19.0,33.0,43.0,3.2860372
33.0,19.0,44.0,20.596174
19.0,33.0,44.0,20.596174
33.0,19.0,45.0,-8.781394
19.0,33.0,45.0,-8.781394
33.0,19.0,46.0,1.7177229
19.0,33.0,46.0,1.7177229
33.0,19.0,47.0,14.8264065
19.0,33.0,47.0,14.8264065
33.0,19.0,48.0,31.866503
19.0,33.0,48.0,31.866503
33.0,19.0,49.0,11.34833
19.0,33.0,49.0,11.34833
33.0,19.0,50.0,13.114907
19.0,33.0,50.0,13.114907
33.0,19.0,51.0,41.87828
19.0,33.0,51.0,41.87828
33.0,19.0,52.0,-8.333527
19.0,33.0,52.0,-8.333527
33.0,19.0,53.0,15.648743
19.0,33.0,53.0,15.648743
33.0,19.0,54.0,-4.9383874
19.0,33.0,54.0,-4.9383874
33.0,19.0,55.0,3.4335358
19.0,33.0,55.0,3.4335358
33.0,19.0,56.0,1.3009638
19.0,33.0,56.0,1.3009638
33.0,19.0,57.0,4.8038664
19.0,33.0,57.0,4.8038664
33.0,19.0,58.0,-2.4363155
19.0,33.0,58.0,-2.4363155
33.0,19.0,59.0,-5.9378724
19.0,33.0,59.0,-5.9378724
33.0,19.0,60.0,-7.9512854
19.0,33.0,60.0,-7.9512854
33.0,19.0,61.0,8.255441
19.0,33.0,61.0,8.255441
33.0,19.0,62.0,-7.5405912
19.0,33.0,62.0,-7.5405912
33.0,19.0,63.0,18.453354
19.0,33.0,63.0,18.453354
33.0,19.0,64.0,25.59878
19.0,33.0,64.0,25.59878
33.0,19.0,65.0,-4.3020067
19.0,33.0,65.0,-4.3020067
33.0,19.0,66.0,12.786749
19.0,33.0,66.0,12.786749
33.0,19.0,67.0,7.320576
19.0,33.0,67.0,7.320576
33.0,19.0,68.0,17.250355
19.0,33.0,68.0,17.250355
33.0,19.0,69.0,17.018423
19.0,33.0,69.0,17.018423
10.0,0.0,38.0,17.264606
0.0,10.0,38.0,17.264606
10.0,0.0,39.0,41.667152
0.0,10.0,39.0,41.667152
10.0,0.0,40.0,1.7457947
0.0,10.0,40.0,1.7457947
10.0,0.0,41.0,3.974862
0.0,10.0,41.0,3.974862
10.0,0.0,42.0,9.512952
0.0,10.0,42.0,9.512952
10.0,0.0,43.0,-6.5310264
0.0,10.0,43.0,-6.5310264
10.0,0.0,44.0,-5.721985
0.0,10.0,44.0,-5.721985
10.0,0.0,45.0,2.6035635
0.0,10.0,45.0,2.6035635
10.0,0.0,46.0,6.103884
0.0,10.0,46.0,6.103884
10.0,0.0,47.0,4.7725143
0.0,10.0,47.0,4.7725143
10.0,0.0,48.0,0.23739035
0.0,10.0,48.0,0.23739035
10.0,0.0,49.0,-2.0378907
0.0,10.0,49.0,-2.0378907
10.0,0.0,50.0,8.226293
0.0,10.0,50.0,8.226293
10.0,0.0,51.0,-2.182475
0.0,10.0,51.0,-2.182475
10.0,0.0,52.0,5.5817194
0.0,10.0,52.0,5.5817194
10.0,0.0,53.0,11.734694
0.0,10.0,53.0,11.734694
10.0,0.0,54.0,-1.1779943
0.0,10.0,54.0,-1.1779943
10.0,0.0,55.0,2.4909048
0.0,10.0,55.0,2.4909048
10.0,0.0,56.0,5.775349
0.0,10.0,56.0,5.775349
10.0,0.0,57.0,1.768439
0.0,10.0,57.0,1.768439
10.0,0.0,58.0,11.119022
0.0,10.0,58.0,11.119022
10.0,0.0,59.0,14.8581
0.0,10.0,59.0,14.8581
10.0,0.0,60.0,7.6059756
0.0,10.0,60.0,7.6059756
10.0,0.0,61.0,7.398792
0.0,10.0,61.0,7.398792
10.0,0.0,62.0,0.45619184
0.0,10.0,62.0,0.45619184
10.0,0.0,63.0,6.628182
0.0,10.0,63.0,6.628182
10.0,0.0,64.0,5.3497233
0.0,10.0,64.0,5.3497233
10.0,0.0,65.0,3.0171447
0.0,10.0,65.0,3.0171447
10.0,0.0,66.0,0.9381102
0.0,10.0,66.0,0.9381102
10.0,0.0,67.0,-1.4661436
0.0,10.0,67.0,-1.4661436
10.0,0.0,68.0,0.4126178
0.0,10.0,68.0,0.4126178
10.0,0.0,69.0,3.7275274
0.0,10.0,69.0,3.7275274
10.0,2.0,38.0,57.290836
2.0,10.0,38.0,57.290836
10.0,2.0,39.0,46.28016
2.0,10.0,39.0,46.28016
10.0,2.0,40.0,48.88394
2.0,10.0,40.0,48.88394
10.0,2.0,41.0,56.384483
2.0,10.0,41.0,56.384483
10.0,2.0,42.0,44.51643
2.0,10.0,42.0,44.51643
10.0,2.0,43.0,20.285236
2.0,10.0,43.0,20.285236
10.0,2.0,44.0,25.17891
2.0,10.0,44.0,25.17891
10.0,2.0,45.0,47.09585
2.0,10.0,45.0,47.09585
10.0,2.0,46.0,21.911453
2.0,10.0,46.0,21.911453
10.0,2.0,47.0,45.721546
2.0,10.0,47.0,45.721546
10.0,2.0,48.0,83.73437
2.0,10.0,48.0,83.73437
10.0,2.0,49.0,34.680187
2.0,10.0,49.0,34.680187
10.0,2.0,50.0,42.185337
2.0,10.0,50.0,42.185337
10.0,2.0,51.0,16.832056
2.0,10.0,51.0,16.832056
10.0,2.0,52.0,40.361607
2.0,10.0,52.0,40.361607
10.0,2.0,53.0,52.459114
2.0,10.0,53.0,52.459114
10.0,2.0,54.0,42.73329
2.0,10.0,54.0,42.73329
10.0,2.0,55.0,22.749617
2.0,10.0,55.0,22.749617
10.0,2.0,56.0,22.875856
2.0,10.0,56.0,22.875856
10.0,2.0,57.0,49.51245
2.0,10.0,57.0,49.51245
10.0,2.0,58.0,31.989044
2.0,10.0,58.0,31.989044
10.0,2.0,59.0,52.151505
2.0,10.0,59.0,52.151505
10.0,2.0,60.0,32.23581
2.0,10.0,60.0,32.23581
10.0,2.0,61.0,42.490597
2.0,10.0,61.0,42.490597
10.0,2.0,62.0,55.443462
2.0,10.0,62.0,55.443462
10.0,2.0,63.0,34.642227
2.0,10.0,63.0,34.642227
10.0,2.0,64.0,41.00705
2.0,10.0,64.0,41.00705
10.0,2.0,65.0,39.257828
2.0,10.0,65.0,39.257828
10.0,2.0,66.0,42.21857
2.0,10.0,66.0,42.21857
10.0,2.0,67.0,84.54415
2.0,10.0,67.0,84.54415
10.0,2.0,68.0,33.304436
2.0,10.0,68.0,33.304436
10.0,2.0,69.0,38.07033
2.0,10.0,69.0,38.07033
10.0,3.0,38.0,-0.385857
3.0,10.0,38.0,-0.385857
10.0,3.0,39.0,21.57884
3.0,10.0,39.0,21.57884
10.0,3.0,40.0,27.353125
3.0,10.0,40.0,27.353125
10.0,3.0,41.0,-0.9420626
3.0,10.0,41.0,-0.9420626
10.0,3.0,42.0,-26.47412
3.0,10.0,42.0,-26.47412
10.0,3.0,43.0,-25.808779
3.0,10.0,43.0,-25.808779
10.0,3.0,44.0,-2.450429
3.0,10.0,44.0,-2.450429
10.0,3.0,45.0,7.811177
3.0,10.0,45.0,7.811177
10.0,3.0,46.0,-7.7162514
3.0,10.0,46.0,-7.7162514
10.0,3.0,47.0,-24.831327
3.0,10.0,47.0,-24.831327
10.0,3.0,48.0,7.8043175
3.0,10.0,48.0,7.8043175
10.0,3.0,49.0,9.059068
3.0,10.0,49.0,9.059068
10.0,3.0,50.0,-16.370346
3.0,10.0,50.0,-16.370346
10.0,3.0,51.0,64.83379
3.0,10.0,51.0,64.83379
10.0,3.0,52.0,-18.081873
3.0,10.0,52.0,-18.081873
10.0,3.0,53.0,12.303879
3.0,10.0,53.0,12.303879
10.0,3.0,54.0,-4.261548
3.0,10.0,54.0,-4.261548
10.0,3.0,55.0,-32.572594
3.0,10.0,55.0,-32.572594
10.0,3.0,56.0,-15.500902
3.0,10.0,56.0,-15.500902
10.0,3.0,57.0,-21.562782
3.0,10.0,57.0,-21.562782
10.0,3.0,58.0,-19.640095
3.0,10.0,58.0,-19.640095
10.0,3.0,59.0,1.7865572
3.0,10.0,59.0,1.7865572
10.0,3.0,60.0,15.039033
3.0,10.0,60.0,15.039033
10.0,3.0,61.0,-16.108898
3.0,10.0,61.0,-16.108898
10.0,3.0,62.0,-0.61684966
3.0,10.0,62.0,-0.61684966
10.0,3.0,63.0,-12.31546
3.0,10.0,63.0,-12.31546
10.0,3.0,64.0,0.7259307
3.0,10.0,64.0,0.7259307
10.0,3.0,65.0,8.198739
3.0,10.0,65.0,8.198739
10.0,3.0,66.0,15.307503
3.0,10.0,66.0,15.307503
10.0,3.0,67.0,-10.669175
3.0,10.0,67.0,-10.669175
10.0,3.0,68.0,-17.88266
3.0,10.0,68.0,-17.88266
10.0,3.0,69.0,-13.719886
3.0,10.0,69.0,-13.719886
10.0,4.0,38.0,89.36774
4.0,10.0,38.0,89.36774
10.0,4.0,39.0,112.03104
4.0,10.0,39.0,112.03104
10.0,4.0,40.0,74.12787
4.0,10.0,40.0,74.12787
10.0,4.0,41.0,32.039864
4.0,10.0,41.0,32.039864
10.0,4.0,42.0,15.495232
4.0,10.0,42.0,15.495232
10.0,4.0,43.0,11.220506
4.0,10.0,43.0,11.220506
10.0,4.0,44.0,19.81878
4.0,10.0,44.0,19.81878
10.0,4.0,45.0,41.31262
4.0,10.0,45.0,41.31262
10.0,4.0,46.0,20.481607
4.0,10.0,46.0,20.481607
10.0,4.0,47.0,92.676346
4.0,10.0,47.0,92.676346
10.0,4.0,48.0,34.470844
4.0,10.0,48.0,34.470844
10.0,4.0,49.0,58.9529
4.0,10.0,49.0,58.9529
10.0,4.0,50.0,46.429356
4.0,10.0,50.0,46.429356
10.0,4.0,51.0,88.333176
4.0,10.0,51.0,88.333176
10.0,4.0,52.0,79.33795
4.0,10.0,52.0,79.33795
10.0,4.0,53.0,62.33809
4.0,10.0,53.0,62.33809
10.0,4.0,54.0,38.73708
4.0,10.0,54.0,38.73708
10.0,4.0,55.0,60.18384
4.0,10.0,55.0,60.18384
10.0,4.0,56.0,11.566408
4.0,10.0,56.0,11.566408
10.0,4.0,57.0,58.60539
4.0,10.0,57.0,58.60539
10.0,4.0,58.0,66.16724
4.0,10.0,58.0,66.16724
10.0,4.0,59.0,23.397934
4.0,10.0,59.0,23.397934
10.0,4.0,60.0,80.053925
4.0,10.0,60.0,80.053925
10.0,4.0,61.0,24.381096
4.0,10.0,61.0,24.381096
10.0,4.0,62.0,-1.6676797
4.0,10.0,62.0,-1.6676797
10.0,4.0,63.0,40.566006
4.0,10.0,63.0,40.566006
10.0,4.0,64.0,33.2562
4.0,10.0,64.0,33.2562
10.0,4.0,65.0,43.85973
4.0,10.0,65.0,43.85973
10.0,4.0,66.0,72.99389
4.0,10.0,66.0,72.99389
10.0,4.0,67.0,19.006733
4.0,10.0,67.0,19.006733
10.0,4.0,68.0,55.611942
4.0,10.0,68.0,55.611942
10.0,4.0,69.0,23.306376
4.0,10.0,69.0,23.306376
10.0,5.0,38.0,9.973288
5.0,10.0,38.0,9.973288
10.0,5.0,39.0,1.6856872
5.0,10.0,39.0,1.6856872
10.0,5.0,40.0,13.214449
5.0,10.0,40.0,13.214449
10.0,5.0,41.0,7.659843
5.0,10.0,41.0,7.659843
10.0,5.0,42.0,7.1348023
5.0,10.0,42.0,7.1348023
10.0,5.0,43.0,-9.48777
5.0,10.0,43.0,-9.48777
10.0,5.0,44.0,14.670254
5.0,10.0,44.0,14.670254
10.0,5.0,45.0,4.005957
5.0,10.0,45.0,4.005957
10.0,5.0,46.0,6.5186133
5.0,10.0,46.0,6.5186133
10.0,5.0,47.0,15.536639
5.0,10.0,47.0,15.536639
10.0,5.0,48.0,1.7866148
5.0,10.0,48.0,1.7866148
10.0,5.0,49.0,-3.3221
5.0,10.0,49.0,-3.3221
10.0,5.0,50.0,16.501987
5.0,10.0,50.0,16.501987
10.0,5.0,51.0,13.176173
5.0,10.0,51.0,13.176173
10.0,5.0,52.0,-1.3184872
5.0,10.0,52.0,-1.3184872
10.0,5.0,53.0,22.159714
5.0,10.0,53.0,22.159714
10.0,5.0,54.0,12.918598
5.0,10.0,54.0,12.918598
10.0,5.0,55.0,5.8856773
5.0,10.0,55.0,5.8856773
10.0,5.0,56.0,-10.930769
5.0,10.0,56.0,-10.930769
10.0,5.0,57.0,6.6770372
5.0,10.0,57.0,6.6770372
10.0,5.0,58.0,4.0713778
5.0,10.0,58.0,4.0713778
10.0,5.0,59.0,6.402325
5.0,10.0,59.0,6.402325
10.0,5.0,60.0,10.853541
5.0,10.0,60.0,10.853541
10.0,5.0,61.0,9.309282
5.0,10.0,61.0,9.309282
10.0,5.0,62.0,3.929692
5.0,10.0,62.0,3.929692
10.0,5.0,63.0,8.384784
5.0,10.0,63.0,8.384784
10.0,5.0,64.0,-0.31837612
5.0,10.0,64.0,-0.31837612
10.0,5.0,65.0,6.3474107
5.0,10.0,65.0,6.3474107
10.0,5.0,66.0,-0.44830653
5.0,10.0,66.0,-0.44830653
10.0,5.0,67.0,1.4572191
5.0,10.0,67.0,1.4572191
10.0,5.0,68.0,12.413648
5.0,10.0,68.0,12.413648
10.0,5.0,69.0,-20.902693
5.0,10.0,69.0,-20.902693
10.0,6.0,38.0,18.291061
6.0,10.0,38.0,18.291061
10.0,6.0,38.0,25.294147
6.0,10.0,38.0,25.294147
10.0,6.0,39.0,36.052925
6.0,10.0,39.0,36.052925
10.0,6.0,40.0,15.654289
6.0,10.0,40.0,15.654289
10.0,6.0,40.0,5.4704056
6.0,10.0,40.0,5.4704056
10.0,6.0,41.0,12.243387
6.0,10.0,41.0,12.243387
10.0,6.0,41.0,4.381756
6.0,10.0,41.0,4.381756
10.0,6.0,42.0,21.619814
6.0,10.0,42.0,21.619814
10.0,6.0,42.0,20.490341
6.0,10.0,42.0,20.490341
10.0,6.0,43.0,20.664917
6.0,10.0,43.0,20.664917
10.0,6.0,43.0,0.63882434
6.0,10.0,43.0,0.63882434
10.0,6.0,44.0,4.913221
6.0,10.0,44.0,4.913221
10.0,6.0,44.0,-19.034782
6.0,10.0,44.0,-19.034782
10.0,6.0,45.0,14.96617
6.0,10.0,45.0,14.96617
10.0,6.0,45.0,30.027548
6.0,10.0,45.0,30.027548
10.0,6.0,46.0,20.261332
6.0,10.0,46.0,20.261332
10.0,6.0,47.0,57.277912
6.0,10.0,47.0,57.277912
10.0,6.0,47.0,31.588903
6.0,10.0,47.0,31.588903
10.0,6.0,48.0,9.533313
6.0,10.0,48.0,9.533313
10.0,6.0,49.0,45.37455
6.0,10.0,49.0,45.37455
10.0,6.0,49.0,18.865185
6.0,10.0,49.0,18.865185
10.0,6.0,50.0,17.514154
6.0,10.0,50.0,17.514154
10.0,6.0,51.0,66.78584
6.0,10.0,51.0,66.78584
10.0,6.0,52.0,53.902588
6.0,10.0,52.0,53.902588
10.0,6.0,52.0,30.061085
6.0,10.0,52.0,30.061085
10.0,6.0,53.0,94.91099
6.0,10.0,53.0,94.91099
10.0,6.0,53.0,38.33609
6.0,10.0,53.0,38.33609
10.0,6.0,54.0,21.531916
6.0,10.0,54.0,21.531916
10.0,6.0,54.0,35.149937
6.0,10.0,54.0,35.149937
10.0,6.0,55.0,15.531728
6.0,10.0,55.0,15.531728
10.0,6.0,56.0,24.661648
6.0,10.0,56.0,24.661648
10.0,6.0,57.0,14.728719
6.0,10.0,57.0,14.728719
10.0,6.0,58.0,44.755825
6.0,10.0,58.0,44.755825
10.0,6.0,59.0,34.058296
6.0,10.0,59.0,34.058296
10.0,6.0,59.0,6.462017
6.0,10.0,59.0,6.462017
10.0,6.0,60.0,17.294273
6.0,10.0,60.0,17.294273
10.0,6.0,61.0,24.838581
6.0,10.0,61.0,24.838581
10.0,6.0,62.0,9.958446
6.0,10.0,62.0,9.958446
10.0,6.0,63.0,55.935204
6.0,10.0,63.0,55.935204
10.0,6.0,64.0,58.80524
6.0,10.0,64.0,58.80524
10.0,6.0,65.0,1.6335487
6.0,10.0,65.0,1.6335487
10.0,6.0,65.0,-5.9516845
6.0,10.0,65.0,-5.9516845
10.0,6.0,66.0,89.31895
6.0,10.0,66.0,89.31895
10.0,6.0,67.0,-3.9581764
6.0,10.0,67.0,-3.9581764
10.0,6.0,68.0,38.333336
6.0,10.0,68.0,38.333336
10.0,6.0,69.0,24.626713
6.0,10.0,69.0,24.626713
10.0,7.0,38.0,18.792381
7.0,10.0,38.0,18.792381
10.0,7.0,39.0,41.57486
7.0,10.0,39.0,41.57486
10.0,7.0,40.0,19.280958
7.0,10.0,40.0,19.280958
10.0,7.0,41.0,13.675165
7.0,10.0,41.0,13.675165
10.0,7.0,42.0,4.473397
7.0,10.0,42.0,4.473397
10.0,7.0,43.0,-39.283092
7.0,10.0,43.0,-39.283092
10.0,7.0,44.0,12.471017
7.0,10.0,44.0,12.471017
10.0,7.0,45.0,24.215736
7.0,10.0,45.0,24.215736
10.0,7.0,46.0,22.069447
7.0,10.0,46.0,22.069447
10.0,7.0,47.0,10.954639
7.0,10.0,47.0,10.954639
10.0,7.0,48.0,21.103563
7.0,10.0,48.0,21.103563
10.0,7.0,49.0,-9.939653
7.0,10.0,49.0,-9.939653
10.0,7.0,50.0,20.039402
7.0,10.0,50.0,20.039402
10.0,7.0,51.0,-23.86586
7.0,10.0,51.0,-23.86586
10.0,7.0,52.0,24.902803
7.0,10.0,52.0,24.902803
10.0,7.0,53.0,18.083319
7.0,10.0,53.0,18.083319
10.0,7.0,54.0,-0.12464385
7.0,10.0,54.0,-0.12464385
10.0,7.0,55.0,-23.096268
7.0,10.0,55.0,-23.096268
10.0,7.0,56.0,3.738476
7.0,10.0,56.0,3.738476
10.0,7.0,57.0,-4.240352
7.0,10.0,57.0,-4.240352
10.0,7.0,58.0,-26.306057
7.0,10.0,58.0,-26.306057
10.0,7.0,59.0,16.878315
7.0,10.0,59.0,16.878315
10.0,7.0,60.0,2.262578
7.0,10.0,60.0,2.262578
10.0,7.0,61.0,-6.6245766
7.0,10.0,61.0,-6.6245766
10.0,7.0,62.0,2.5384908
7.0,10.0,62.0,2.5384908
10.0,7.0,63.0,13.275815
7.0,10.0,63.0,13.275815
10.0,7.0,64.0,10.801112
7.0,10.0,64.0,10.801112
10.0,7.0,65.0,5.9140887
7.0,10.0,65.0,5.9140887
10.0,7.0,66.0,12.2790985
7.0,10.0,66.0,12.2790985
10.0,7.0,67.0,-5.3615136
7.0,10.0,67.0,-5.3615136
10.0,7.0,68.0,25.403896
7.0,10.0,68.0,25.403896
10.0,7.0,69.0,-5.1512265
7.0,10.0,69.0,-5.1512265
10.0,13.0,38.0,52.15597
13.0,10.0,38.0,52.15597
10.0,13.0,38.0,50.641968
13.0,10.0,38.0,50.641968
10.0,13.0,39.0,38.252357
13.0,10.0,39.0,38.252357
10.0,13.0,40.0,48.50912
13.0,10.0,40.0,48.50912
10.0,13.0,40.0,33.488182
13.0,10.0,40.0,33.488182
10.0,13.0,41.0,41.9045
13.0,10.0,41.0,41.9045
10.0,13.0,41.0,52.958736
13.0,10.0,41.0,52.958736
10.0,13.0,42.0,14.239694
13.0,10.0,42.0,14.239694
10.0,13.0,42.0,0.17229304
13.0,10.0,42.0,0.17229304
10.0,13.0,43.0,29.253548
13.0,10.0,43.0,29.253548
10.0,13.0,43.0,27.556225
13.0,10.0,43.0,27.556225
10.0,13.0,44.0,26.040817
13.0,10.0,44.0,26.040817
10.0,13.0,44.0,18.277569
13.0,10.0,44.0,18.277569
10.0,13.0,45.0,16.63601
13.0,10.0,45.0,16.63601
10.0,13.0,45.0,22.18809
13.0,10.0,45.0,22.18809
10.0,13.0,46.0,46.104465
13.0,10.0,46.0,46.104465
10.0,13.0,47.0,46.078217
13.0,10.0,47.0,46.078217
10.0,13.0,47.0,40.576817
13.0,10.0,47.0,40.576817
10.0,13.0,48.0,14.287611
13.0,10.0,48.0,14.287611
10.0,13.0,49.0,22.751993
13.0,10.0,49.0,22.751993
10.0,13.0,49.0,38.888355
13.0,10.0,49.0,38.888355
10.0,13.0,50.0,31.685177
13.0,10.0,50.0,31.685177
10.0,13.0,51.0,74.83609
13.0,10.0,51.0,74.83609
10.0,13.0,52.0,33.640625
13.0,10.0,52.0,33.640625
10.0,13.0,52.0,40.72469
13.0,10.0,52.0,40.72469
10.0,13.0,53.0,49.504494
13.0,10.0,53.0,49.504494
10.0,13.0,53.0,31.522427
13.0,10.0,53.0,31.522427
10.0,13.0,54.0,31.54094
13.0,10.0,54.0,31.54094
10.0,13.0,54.0,14.299718
13.0,10.0,54.0,14.299718
10.0,13.0,55.0,31.051931
13.0,10.0,55.0,31.051931
10.0,13.0,56.0,29.255112
13.0,10.0,56.0,29.255112
10.0,13.0,57.0,79.3945
13.0,10.0,57.0,79.3945
10.0,13.0,58.0,22.418346
13.0,10.0,58.0,22.418346
10.0,13.0,59.0,58.396935
13.0,10.0,59.0,58.396935
10.0,13.0,59.0,47.390434
13.0,10.0,59.0,47.390434
10.0,13.0,60.0,40.77522
13.0,10.0,60.0,40.77522
10.0,13.0,61.0,52.670322
13.0,10.0,61.0,52.670322
10.0,13.0,62.0,57.99074
13.0,10.0,62.0,57.99074
10.0,13.0,63.0,50.55045
13.0,10.0,63.0,50.55045
10.0,13.0,64.0,79.353806
13.0,10.0,64.0,79.353806
10.0,13.0,65.0,22.732899
13.0,10.0,65.0,22.732899
10.0,13.0,65.0,16.720121
13.0,10.0,65.0,16.720121
10.0,13.0,66.0,7.89121
13.0,10.0,66.0,7.89121
10.0,13.0,67.0,17.029291
13.0,10.0,67.0,17.029291
10.0,13.0,68.0,42.454132
13.0,10.0,68.0,42.454132
10.0,13.0,69.0,21.684517
13.0,10.0,69.0,21.684517
10.0,14.0,38.0,20.10843
14.0,10.0,38.0,20.10843
10.0,14.0,39.0,24.755388
14.0,10.0,39.0,24.755388
10.0,14.0,40.0,22.587078
14.0,10.0,40.0,22.587078
10.0,14.0,41.0,5.4430723
14.0,10.0,41.0,5.4430723
10.0,14.0,42.0,7.5541434
14.0,10.0,42.0,7.5541434
10.0,14.0,43.0,5.2181754
14.0,10.0,43.0,5.2181754
10.0,14.0,44.0,13.796175
14.0,10.0,44.0,13.796175
10.0,14.0,45.0,1.625176
14.0,10.0,45.0,1.625176
10.0,14.0,46.0,32.067154
14.0,10.0,46.0,32.067154
10.0,14.0,47.0,32.567276
14.0,10.0,47.0,32.567276
10.0,14.0,48.0,21.37264
14.0,10.0,48.0,21.37264
10.0,14.0,49.0,26.087276
14.0,10.0,49.0,26.087276
10.0,14.0,50.0,16.030638
14.0,10.0,50.0,16.030638
10.0,14.0,51.0,34.506664
14.0,10.0,51.0,34.506664
10.0,14.0,52.0,8.263152
14.0,10.0,52.0,8.263152
10.0,14.0,53.0,-9.815363
14.0,10.0,53.0,-9.815363
10.0,14.0,54.0,14.375537
14.0,10.0,54.0,14.375537
10.0,14.0,55.0,20.655973
14.0,10.0,55.0,20.655973
10.0,14.0,56.0,11.249604
14.0,10.0,56.0,11.249604
10.0,14.0,57.0,15.059997
14.0,10.0,57.0,15.059997
10.0,14.0,58.0,10.798216
14.0,10.0,58.0,10.798216
10.0,14.0,59.0,23.967915
14.0,10.0,59.0,23.967915
10.0,14.0,60.0,19.28362
14.0,10.0,60.0,19.28362
10.0,14.0,61.0,-11.079319
14.0,10.0,61.0,-11.079319
10.0,14.0,62.0,11.033358
14.0,10.0,62.0,11.033358
10.0,14.0,63.0,20.355032
14.0,10.0,63.0,20.355032
10.0,14.0,64.0,-0.9291706
14.0,10.0,64.0,-0.9291706
10.0,14.0,65.0,-11.871773
14.0,10.0,65.0,-11.871773
10.0,14.0,66.0,5.7207623
14.0,10.0,66.0,5.7207623
10.0,14.0,67.0,-20.378424
14.0,10.0,67.0,-20.378424
10.0,14.0,68.0,31.72533
14.0,10.0,68.0,31.72533
10.0,14.0,69.0,28.092554
14.0,10.0,69.0,28.092554
10.0,20.0,38.0,-9.986971
20.0,10.0,38.0,-9.986971
10.0,20.0,39.0,-9.734694
20.0,10.0,39.0,-9.734694
10.0,20.0,40.0,-17.82549
20.0,10.0,40.0,-17.82549
10.0,20.0,41.0,-17.793516
20.0,10.0,41.0,-17.793516
10.0,20.0,42.0,-10.6657915
20.0,10.0,42.0,-10.6657915
10.0,20.0,43.0,-32.981762
20.0,10.0,43.0,-32.981762
10.0,20.0,44.0,-13.617332
20.0,10.0,44.0,-13.617332
10.0,20.0,45.0,-9.371661
20.0,10.0,45.0,-9.371661
10.0,20.0,46.0,-12.239821
20.0,10.0,46.0,-12.239821
10.0,20.0,47.0,6.2682185
20.0,10.0,47.0,6.2682185
10.0,20.0,48.0,-17.733643
20.0,10.0,48.0,-17.733643
10.0,20.0,49.0,-8.6521
20.0,10.0,49.0,-8.6521
10.0,20.0,50.0,-15.432545
20.0,10.0,50.0,-15.432545
10.0,20.0,51.0,-39.51418
20.0,10.0,51.0,-39.51418
10.0,20.0,52.0,-14.142352
20.0,10.0,52.0,-14.142352
10.0,20.0,53.0,-18.658316
20.0,10.0,53.0,-18.658316
10.0,20.0,54.0,-25.131355
20.0,10.0,54.0,-25.131355
10.0,20.0,55.0,-12.991819
20.0,10.0,55.0,-12.991819
10.0,20.0,56.0,-41.13763
20.0,10.0,56.0,-41.13763
10.0,20.0,57.0,-13.109628
20.0,10.0,57.0,-13.109628
10.0,20.0,58.0,-24.906904
20.0,10.0,58.0,-24.906904
10.0,20.0,59.0,-22.30731
20.0,10.0,59.0,-22.30731
10.0,20.0,60.0,-17.094608
20.0,10.0,60.0,-17.094608
10.0,20.0,61.0,-31.784391
20.0,10.0,61.0,-31.784391
10.0,20.0,62.0,-3.8687763
20.0,10.0,62.0,-3.8687763
10.0,20.0,63.0,4.7193527
20.0,10.0,63.0,4.7193527
10.0,20.0,64.0,-24.969917
20.0,10.0,64.0,-24.969917
10.0,20.0,65.0,-5.807656
20.0,10.0,65.0,-5.807656
10.0,20.0,66.0,4.5332494
20.0,10.0,66.0,4.5332494
10.0,20.0,67.0,5.423202
20.0,10.0,67.0,5.423202
10.0,20.0,68.0,-13.076686
20.0,10.0,68.0,-13.076686
10.0,20.0,69.0,-21.211689
20.0,10.0,69.0,-21.211689
10.0,15.0,38.0,45.152885
15.0,10.0,38.0,45.152885
10.0,15.0,39.0,81.998276
15.0,10.0,39.0,81.998276
10.0,15.0,40.0,16.56788
15.0,10.0,40.0,16.56788
10.0,15.0,41.0,43.394142
15.0,10.0,41.0,43.394142
10.0,15.0,42.0,-1.4344984
15.0,10.0,42.0,-1.4344984
10.0,15.0,43.0,-5.184323
15.0,10.0,43.0,-5.184323
10.0,15.0,44.0,20.268244
15.0,10.0,44.0,20.268244
10.0,15.0,45.0,38.162834
15.0,10.0,45.0,38.162834
10.0,15.0,46.0,21.788527
15.0,10.0,46.0,21.788527
10.0,15.0,47.0,40.046703
15.0,10.0,47.0,40.046703
10.0,15.0,48.0,14.921216
15.0,10.0,48.0,14.921216
10.0,15.0,49.0,40.307034
15.0,10.0,49.0,40.307034
10.0,15.0,50.0,11.650157
15.0,10.0,50.0,11.650157
10.0,15.0,51.0,-9.942051
15.0,10.0,51.0,-9.942051
10.0,15.0,52.0,-0.9591108
15.0,10.0,52.0,-0.9591108
10.0,15.0,53.0,54.436485
15.0,10.0,53.0,54.436485
10.0,15.0,54.0,23.183859
15.0,10.0,54.0,23.183859
10.0,15.0,55.0,-2.174767
15.0,10.0,55.0,-2.174767
10.0,15.0,56.0,-4.661767
15.0,10.0,56.0,-4.661767
10.0,15.0,57.0,29.713486
15.0,10.0,57.0,29.713486
10.0,15.0,58.0,34.11988
15.0,10.0,58.0,34.11988
10.0,15.0,59.0,36.46015
15.0,10.0,59.0,36.46015
10.0,15.0,60.0,33.832867
15.0,10.0,60.0,33.832867
10.0,15.0,61.0,36.221996
15.0,10.0,61.0,36.221996
10.0,15.0,62.0,25.181538
15.0,10.0,62.0,25.181538
10.0,15.0,63.0,33.98259
15.0,10.0,63.0,33.98259
10.0,15.0,64.0,51.48966
15.0,10.0,64.0,51.48966
10.0,15.0,65.0,9.165778
15.0,10.0,65.0,9.165778
10.0,15.0,66.0,44.91739
15.0,10.0,66.0,44.91739
10.0,15.0,67.0,21.633984
15.0,10.0,67.0,21.633984
10.0,15.0,68.0,33.043983
15.0,10.0,68.0,33.043983
10.0,15.0,69.0,-23.956629
15.0,10.0,69.0,-23.956629
10.0,21.0,38.0,17.173023
21.0,10.0,38.0,17.173023
10.0,21.0,39.0,17.469645
21.0,10.0,39.0,17.469645
10.0,21.0,40.0,45.899677
21.0,10.0,40.0,45.899677
10.0,21.0,41.0,12.948533
21.0,10.0,41.0,12.948533
10.0,21.0,42.0,18.157875
21.0,10.0,42.0,18.157875
10.0,21.0,43.0,-0.28744167
21.0,10.0,43.0,-0.28744167
10.0,21.0,44.0,27.885979
21.0,10.0,44.0,27.885979
10.0,21.0,45.0,21.841032
21.0,10.0,45.0,21.841032
10.0,21.0,46.0,44.706886
21.0,10.0,46.0,44.706886
10.0,21.0,47.0,18.016306
21.0,10.0,47.0,18.016306
10.0,21.0,48.0,8.556535
21.0,10.0,48.0,8.556535
10.0,21.0,49.0,9.428332
21.0,10.0,49.0,9.428332
10.0,21.0,50.0,25.155111
21.0,10.0,50.0,25.155111
10.0,21.0,51.0,29.72785
21.0,10.0,51.0,29.72785
10.0,21.0,52.0,10.932897
21.0,10.0,52.0,10.932897
10.0,21.0,53.0,28.111546
21.0,10.0,53.0,28.111546
10.0,21.0,54.0,11.393121
21.0,10.0,54.0,11.393121
10.0,21.0,55.0,16.226109
21.0,10.0,55.0,16.226109
10.0,21.0,56.0,6.291857
21.0,10.0,56.0,6.291857
10.0,21.0,57.0,21.656116
21.0,10.0,57.0,21.656116
10.0,21.0,58.0,7.0713315
21.0,10.0,58.0,7.0713315
10.0,21.0,59.0,26.871769
21.0,10.0,59.0,26.871769
10.0,21.0,60.0,42.494915
21.0,10.0,60.0,42.494915
10.0,21.0,61.0,19.29031
21.0,10.0,61.0,19.29031
10.0,21.0,62.0,29.42773
21.0,10.0,62.0,29.42773
10.0,21.0,63.0,16.004267
21.0,10.0,63.0,16.004267
10.0,21.0,64.0,8.738896
21.0,10.0,64.0,8.738896
10.0,21.0,65.0,18.321823
21.0,10.0,65.0,18.321823
10.0,21.0,66.0,22.674725
21.0,10.0,66.0,22.674725
10.0,21.0,67.0,53.952194
21.0,10.0,67.0,53.952194
10.0,21.0,68.0,35.03718
21.0,10.0,68.0,35.03718
10.0,21.0,69.0,25.116987
21.0,10.0,69.0,25.116987
10.0,16.0,38.0,15.76664
16.0,10.0,38.0,15.76664
10.0,16.0,39.0,14.194251
16.0,10.0,39.0,14.194251
10.0,16.0,40.0,22.709028
16.0,10.0,40.0,22.709028
10.0,16.0,41.0,25.384964
16.0,10.0,41.0,25.384964
10.0,16.0,42.0,15.428445
16.0,10.0,42.0,15.428445
10.0,16.0,43.0,-9.054622
16.0,10.0,43.0,-9.054622
10.0,16.0,44.0,14.660975
16.0,10.0,44.0,14.660975
10.0,16.0,45.0,30.046696
16.0,10.0,45.0,30.046696
10.0,16.0,46.0,10.267313
16.0,10.0,46.0,10.267313
10.0,16.0,47.0,17.999096
16.0,10.0,47.0,17.999096
10.0,16.0,48.0,-1.5068421
16.0,10.0,48.0,-1.5068421
10.0,16.0,49.0,3.2949798
16.0,10.0,49.0,3.2949798
10.0,16.0,50.0,4.966863
16.0,10.0,50.0,4.966863
10.0,16.0,51.0,-5.999381
16.0,10.0,51.0,-5.999381
10.0,16.0,52.0,9.2376995
16.0,10.0,52.0,9.2376995
10.0,16.0,53.0,17.441755
16.0,10.0,53.0,17.441755
10.0,16.0,54.0,11.3442955
16.0,10.0,54.0,11.3442955
10.0,16.0,55.0,13.547043
16.0,10.0,55.0,13.547043
10.0,16.0,56.0,3.6259837
16.0,10.0,56.0,3.6259837
10.0,16.0,57.0,13.203104
16.0,10.0,57.0,13.203104
10.0,16.0,58.0,-12.532275
16.0,10.0,58.0,-12.532275
10.0,16.0,59.0,14.813237
16.0,10.0,59.0,14.813237
10.0,16.0,60.0,27.353947
16.0,10.0,60.0,27.353947
10.0,16.0,61.0,0.014177841
16.0,10.0,61.0,0.014177841
10.0,16.0,62.0,17.910187
16.0,10.0,62.0,17.910187
10.0,16.0,63.0,13.82545
16.0,10.0,63.0,13.82545
10.0,16.0,64.0,18.156898
16.0,10.0,64.0,18.156898
10.0,16.0,65.0,15.846992
16.0,10.0,65.0,15.846992
10.0,16.0,66.0,24.87424
16.0,10.0,66.0,24.87424
10.0,16.0,67.0,2.1033418
16.0,10.0,67.0,2.1033418
10.0,16.0,68.0,12.5063925
16.0,10.0,68.0,12.5063925
10.0,16.0,69.0,4.336603
16.0,10.0,69.0,4.336603
10.0,22.0,38.0,9.802151
22.0,10.0,38.0,9.802151
10.0,22.0,39.0,17.174103
22.0,10.0,39.0,17.174103
10.0,22.0,40.0,20.779978
22.0,10.0,40.0,20.779978
10.0,22.0,41.0,31.937153
22.0,10.0,41.0,31.937153
10.0,22.0,42.0,22.942286
22.0,10.0,42.0,22.942286
10.0,22.0,43.0,-4.2507505
22.0,10.0,43.0,-4.2507505
10.0,22.0,44.0,19.586863
22.0,10.0,44.0,19.586863
10.0,22.0,45.0,32.57503
22.0,10.0,45.0,32.57503
10.0,22.0,46.0,24.225454
22.0,10.0,46.0,24.225454
10.0,22.0,47.0,8.046807
22.0,10.0,47.0,8.046807
10.0,22.0,48.0,-201.16139
22.0,10.0,48.0,-201.16139
10.0,22.0,49.0,29.406473
22.0,10.0,49.0,29.406473
10.0,22.0,50.0,17.520018
22.0,10.0,50.0,17.520018
10.0,22.0,51.0,23.811657
22.0,10.0,51.0,23.811657
10.0,22.0,52.0,17.603271
22.0,10.0,52.0,17.603271
10.0,22.0,53.0,29.29976
22.0,10.0,53.0,29.29976
10.0,22.0,54.0,19.547243
22.0,10.0,54.0,19.547243
10.0,22.0,55.0,33.89401
22.0,10.0,55.0,33.89401
10.0,22.0,56.0,0.20338899
22.0,10.0,56.0,0.20338899
10.0,22.0,57.0,33.98541
22.0,10.0,57.0,33.98541
10.0,22.0,58.0,-1.8182383
22.0,10.0,58.0,-1.8182383
10.0,22.0,59.0,0.09756711
22.0,10.0,59.0,0.09756711
10.0,22.0,60.0,37.060368
22.0,10.0,60.0,37.060368
10.0,22.0,61.0,5.114111
22.0,10.0,61.0,5.114111
10.0,22.0,62.0,21.882849
22.0,10.0,62.0,21.882849
10.0,22.0,63.0,24.288465
22.0,10.0,63.0,24.288465
10.0,22.0,64.0,14.659483
22.0,10.0,64.0,14.659483
10.0,22.0,65.0,22.965681
22.0,10.0,65.0,22.965681
10.0,22.0,66.0,33.061382
22.0,10.0,66.0,33.061382
10.0,22.0,67.0,21.537415
22.0,10.0,67.0,21.537415
10.0,22.0,68.0,14.319523
22.0,10.0,68.0,14.319523
10.0,22.0,69.0,30.996706
22.0,10.0,69.0,30.996706
37.0,26.0,38.0,2.4828575
26.0,37.0,38.0,2.4828575
37.0,26.0,39.0,3.616641
26.0,37.0,39.0,3.616641
37.0,26.0,40.0,2.0753486
26.0,37.0,40.0,2.0753486
37.0,26.0,41.0,10.573661
26.0,37.0,41.0,10.573661
37.0,26.0,42.0,8.711308
26.0,37.0,42.0,8.711308
37.0,26.0,43.0,-7.7188907
26.0,37.0,43.0,-7.7188907
37.0,26.0,44.0,9.051749
26.0,37.0,44.0,9.051749
37.0,26.0,45.0,3.5171435
26.0,37.0,45.0,3.5171435
37.0,26.0,46.0,-7.5270433
26.0,37.0,46.0,-7.5270433
37.0,26.0,47.0,6.9179215
26.0,37.0,47.0,6.9179215
37.0,26.0,48.0,2.9559264
26.0,37.0,48.0,2.9559264
37.0,26.0,49.0,-16.466623
26.0,37.0,49.0,-16.466623
37.0,26.0,50.0,6.2798243
26.0,37.0,50.0,6.2798243
37.0,26.0,51.0,-80.26122
26.0,37.0,51.0,-80.26122
37.0,26.0,52.0,-1.112978
26.0,37.0,52.0,-1.112978
37.0,26.0,53.0,7.6110363
26.0,37.0,53.0,7.6110363
37.0,26.0,54.0,-9.291439
26.0,37.0,54.0,-9.291439
37.0,26.0,55.0,-4.043482
26.0,37.0,55.0,-4.043482
37.0,26.0,56.0,7.744894
26.0,37.0,56.0,7.744894
37.0,26.0,57.0,-8.997267
26.0,37.0,57.0,-8.997267
37.0,26.0,58.0,-5.692791
26.0,37.0,58.0,-5.692791
37.0,26.0,59.0,7.478389
26.0,37.0,59.0,7.478389
37.0,26.0,60.0,2.2463064
26.0,37.0,60.0,2.2463064
37.0,26.0,61.0,-1.7718601
26.0,37.0,61.0,-1.7718601
37.0,26.0,62.0,13.8151045
26.0,37.0,62.0,13.8151045
37.0,26.0,63.0,-7.634056
26.0,37.0,63.0,-7.634056
37.0,26.0,64.0,-5.473317
26.0,37.0,64.0,-5.473317
37.0,26.0,65.0,-2.4718032
26.0,37.0,65.0,-2.4718032
37.0,26.0,66.0,-9.588296
26.0,37.0,66.0,-9.588296
37.0,26.0,67.0,0.8195415
26.0,37.0,67.0,0.8195415
37.0,26.0,68.0,1.0295829
26.0,37.0,68.0,1.0295829
37.0,26.0,69.0,21.214638
26.0,37.0,69.0,21.214638
37.0,0.0,38.0,5.857214
0.0,37.0,38.0,5.857214
37.0,0.0,39.0,10.313843
0.0,37.0,39.0,10.313843
37.0,0.0,40.0,-2.9319198
0.0,37.0,40.0,-2.9319198
37.0,0.0,41.0,7.3815317
0.0,37.0,41.0,7.3815317
37.0,0.0,42.0,11.926379
0.0,37.0,42.0,11.926379
37.0,0.0,43.0,-3.4947996
0.0,37.0,43.0,-3.4947996
37.0,0.0,44.0,-3.2443054
0.0,37.0,44.0,-3.2443054
37.0,0.0,45.0,-12.572396
0.0,37.0,45.0,-12.572396
37.0,0.0,46.0,-3.5780413
0.0,37.0,46.0,-3.5780413
37.0,0.0,47.0,3.5249104
0.0,37.0,47.0,3.5249104
37.0,0.0,48.0,34.64842
0.0,37.0,48.0,34.64842
37.0,0.0,49.0,-2.763945
0.0,37.0,49.0,-2.763945
37.0,0.0,50.0,4.727628
0.0,37.0,50.0,4.727628
37.0,0.0,51.0,16.386951
0.0,37.0,51.0,16.386951
37.0,0.0,52.0,-6.8275166
0.0,37.0,52.0,-6.8275166
37.0,0.0,53.0,-5.2434106
0.0,37.0,53.0,-5.2434106
37.0,0.0,54.0,-5.23217
0.0,37.0,54.0,-5.23217
37.0,0.0,55.0,4.2754183
0.0,37.0,55.0,4.2754183
37.0,0.0,56.0,37.199497
0.0,37.0,56.0,37.199497
37.0,0.0,57.0,-4.191867
0.0,37.0,57.0,-4.191867
37.0,0.0,58.0,-2.4185026
0.0,37.0,58.0,-2.4185026
37.0,0.0,59.0,20.664757
0.0,37.0,59.0,20.664757
37.0,0.0,60.0,-3.486079
0.0,37.0,60.0,-3.486079
37.0,0.0,61.0,-8.32813
0.0,37.0,61.0,-8.32813
37.0,0.0,62.0,-13.518388
0.0,37.0,62.0,-13.518388
37.0,0.0,63.0,7.4837375
0.0,37.0,63.0,7.4837375
37.0,0.0,64.0,3.4358876
0.0,37.0,64.0,3.4358876
37.0,0.0,65.0,9.9100485
0.0,37.0,65.0,9.9100485
37.0,0.0,66.0,-9.544528
0.0,37.0,66.0,-9.544528
37.0,0.0,67.0,-16.153254
0.0,37.0,67.0,-16.153254
37.0,0.0,68.0,-18.066822
0.0,37.0,68.0,-18.066822
37.0,0.0,69.0,15.491276
0.0,37.0,69.0,15.491276
37.0,1.0,38.0,10.807659
1.0,37.0,38.0,10.807659
37.0,1.0,39.0,7.743638
1.0,37.0,39.0,7.743638
37.0,1.0,40.0,7.2556605
1.0,37.0,40.0,7.2556605
37.0,1.0,41.0,18.02338
1.0,37.0,41.0,18.02338
37.0,1.0,42.0,4.3378525
1.0,37.0,42.0,4.3378525
37.0,1.0,43.0,6.3609047
1.0,37.0,43.0,6.3609047
37.0,1.0,44.0,5.303828
1.0,37.0,44.0,5.303828
37.0,1.0,45.0,-7.0382323
1.0,37.0,45.0,-7.0382323
37.0,1.0,46.0,4.137264
1.0,37.0,46.0,4.137264
37.0,1.0,47.0,9.423566
1.0,37.0,47.0,9.423566
37.0,1.0,48.0,-13.393074
1.0,37.0,48.0,-13.393074
37.0,1.0,49.0,5.2455926
1.0,37.0,49.0,5.2455926
37.0,1.0,50.0,8.451581
1.0,37.0,50.0,8.451581
37.0,1.0,51.0,6.0531983
1.0,37.0,51.0,6.0531983
37.0,1.0,52.0,11.335276
1.0,37.0,52.0,11.335276
37.0,1.0,53.0,-0.3903367
1.0,37.0,53.0,-0.3903367
37.0,1.0,54.0,0.33309293
1.0,37.0,54.0,0.33309293
37.0,1.0,55.0,7.066261
1.0,37.0,55.0,7.066261
37.0,1.0,56.0,23.969467
1.0,37.0,56.0,23.969467
37.0,1.0,57.0,-6.361245
1.0,37.0,57.0,-6.361245
37.0,1.0,58.0,10.283099
1.0,37.0,58.0,10.283099
37.0,1.0,59.0,9.134729
1.0,37.0,59.0,9.134729
37.0,1.0,60.0,8.090659
1.0,37.0,60.0,8.090659
37.0,1.0,61.0,10.132355
1.0,37.0,61.0,10.132355
37.0,1.0,62.0,9.776473
1.0,37.0,62.0,9.776473
37.0,1.0,63.0,6.7458844
1.0,37.0,63.0,6.7458844
37.0,1.0,64.0,22.565989
1.0,37.0,64.0,22.565989
37.0,1.0,65.0,2.0264328
1.0,37.0,65.0,2.0264328
37.0,1.0,66.0,-4.140664
1.0,37.0,66.0,-4.140664
37.0,1.0,67.0,-10.920113
1.0,37.0,67.0,-10.920113
37.0,1.0,68.0,12.48014
1.0,37.0,68.0,12.48014
37.0,1.0,69.0,18.54748
1.0,37.0,69.0,18.54748
37.0,2.0,38.0,12.102318
2.0,37.0,38.0,12.102318
37.0,2.0,39.0,33.63744
2.0,37.0,39.0,33.63744
37.0,2.0,40.0,11.896573
2.0,37.0,40.0,11.896573
37.0,2.0,41.0,23.14198
2.0,37.0,41.0,23.14198
37.0,2.0,42.0,27.688421
2.0,37.0,42.0,27.688421
37.0,2.0,43.0,27.900019
2.0,37.0,43.0,27.900019
37.0,2.0,44.0,16.824423
2.0,37.0,44.0,16.824423
37.0,2.0,45.0,16.125273
2.0,37.0,45.0,16.125273
37.0,2.0,46.0,11.254391
2.0,37.0,46.0,11.254391
37.0,2.0,47.0,25.096584
2.0,37.0,47.0,25.096584
37.0,2.0,48.0,103.209496
2.0,37.0,48.0,103.209496
37.0,2.0,49.0,22.938725
2.0,37.0,49.0,22.938725
37.0,2.0,50.0,29.08032
2.0,37.0,50.0,29.08032
37.0,2.0,51.0,17.697319
2.0,37.0,51.0,17.697319
37.0,2.0,52.0,11.679417
2.0,37.0,52.0,11.679417
37.0,2.0,53.0,15.01954
2.0,37.0,53.0,15.01954
37.0,2.0,54.0,5.283234
2.0,37.0,54.0,5.283234
37.0,2.0,55.0,24.340376
2.0,37.0,55.0,24.340376
37.0,2.0,56.0,40.022602
2.0,37.0,56.0,40.022602
37.0,2.0,57.0,22.778051
2.0,37.0,57.0,22.778051
37.0,2.0,58.0,7.570515
2.0,37.0,58.0,7.570515
37.0,2.0,59.0,34.385418
2.0,37.0,59.0,34.385418
37.0,2.0,60.0,8.861275
2.0,37.0,60.0,8.861275
37.0,2.0,61.0,27.100431
2.0,37.0,61.0,27.100431
37.0,2.0,62.0,37.68879
2.0,37.0,62.0,37.68879
37.0,2.0,63.0,27.271034
2.0,37.0,63.0,27.271034
37.0,2.0,64.0,2.8089883
2.0,37.0,64.0,2.8089883
37.0,2.0,65.0,16.254173
2.0,37.0,65.0,16.254173
37.0,2.0,66.0,17.326622
2.0,37.0,66.0,17.326622
37.0,2.0,67.0,137.28358
2.0,37.0,67.0,137.28358
37.0,2.0,68.0,8.335701
2.0,37.0,68.0,8.335701
37.0,2.0,69.0,41.954594
2.0,37.0,69.0,41.954594
37.0,3.0,38.0,2.1975703
3.0,37.0,38.0,2.1975703
37.0,3.0,39.0,-9.140127
3.0,37.0,39.0,-9.140127
37.0,3.0,40.0,28.443335
3.0,37.0,40.0,28.443335
37.0,3.0,41.0,18.225752
3.0,37.0,41.0,18.225752
37.0,3.0,42.0,12.182422
3.0,37.0,42.0,12.182422
37.0,3.0,43.0,-8.640411
3.0,37.0,43.0,-8.640411
37.0,3.0,44.0,15.769893
3.0,37.0,44.0,15.769893
37.0,3.0,45.0,10.4864645
3.0,37.0,45.0,10.4864645
37.0,3.0,46.0,-13.797357
3.0,37.0,46.0,-13.797357
37.0,3.0,47.0,-21.356815
3.0,37.0,47.0,-21.356815
37.0,3.0,48.0,24.655157
3.0,37.0,48.0,24.655157
37.0,3.0,49.0,11.02237
3.0,37.0,49.0,11.02237
37.0,3.0,50.0,-5.866758
3.0,37.0,50.0,-5.866758
37.0,3.0,51.0,102.90302
3.0,37.0,51.0,102.90302
37.0,3.0,52.0,-15.457255
3.0,37.0,52.0,-15.457255
37.0,3.0,53.0,24.911854
3.0,37.0,53.0,24.911854
37.0,3.0,54.0,-7.112623
3.0,37.0,54.0,-7.112623
37.0,3.0,55.0,-26.908335
3.0,37.0,55.0,-26.908335
37.0,3.0,56.0,23.083263
3.0,37.0,56.0,23.083263
37.0,3.0,57.0,-10.108139
3.0,37.0,57.0,-10.108139
37.0,3.0,58.0,-15.982648
3.0,37.0,58.0,-15.982648
37.0,3.0,59.0,9.579096
3.0,37.0,59.0,9.579096
37.0,3.0,60.0,14.594273
3.0,37.0,60.0,14.594273
37.0,3.0,61.0,1.4042149
3.0,37.0,61.0,1.4042149
37.0,3.0,62.0,3.1712832
3.0,37.0,62.0,3.1712832
37.0,3.0,63.0,-17.979683
3.0,37.0,63.0,-17.979683
37.0,3.0,64.0,5.9297013
3.0,37.0,64.0,5.9297013
37.0,3.0,65.0,18.272234
3.0,37.0,65.0,18.272234
37.0,3.0,66.0,-7.6063786
3.0,37.0,66.0,-7.6063786
37.0,3.0,67.0,-20.033865
3.0,37.0,67.0,-20.033865
37.0,3.0,68.0,-13.40678
3.0,37.0,68.0,-13.40678
37.0,3.0,69.0,20.497768
3.0,37.0,69.0,20.497768
37.0,27.0,38.0,1.2919209
27.0,37.0,38.0,1.2919209
37.0,27.0,39.0,7.918228
27.0,37.0,39.0,7.918228
37.0,27.0,40.0,10.8301115
27.0,37.0,40.0,10.8301115
37.0,27.0,41.0,15.619256
27.0,37.0,41.0,15.619256
37.0,27.0,42.0,10.533205
27.0,37.0,42.0,10.533205
37.0,27.0,43.0,8.524182
27.0,37.0,43.0,8.524182
37.0,27.0,44.0,-3.8391325
27.0,37.0,44.0,-3.8391325
37.0,27.0,45.0,2.8293054
27.0,37.0,45.0,2.8293054
37.0,27.0,46.0,6.3660703
27.0,37.0,46.0,6.3660703
37.0,27.0,47.0,4.4859095
27.0,37.0,47.0,4.4859095
37.0,27.0,48.0,-5.1989837
27.0,37.0,48.0,-5.1989837
37.0,27.0,49.0,-0.02495409
27.0,37.0,49.0,-0.02495409
37.0,27.0,50.0,3.745591
27.0,37.0,50.0,3.745591
37.0,27.0,51.0,16.628984
27.0,37.0,51.0,16.628984
37.0,27.0,52.0,-4.7084
27.0,37.0,52.0,-4.7084
37.0,27.0,53.0,3.2647913
27.0,37.0,53.0,3.2647913
37.0,27.0,54.0,-6.6335645
27.0,37.0,54.0,-6.6335645
37.0,27.0,55.0,-15.527088
27.0,37.0,55.0,-15.527088
37.0,27.0,56.0,60.62477
27.0,37.0,56.0,60.62477
37.0,27.0,57.0,0.55389637
27.0,37.0,57.0,0.55389637
37.0,27.0,58.0,-25.545906
27.0,37.0,58.0,-25.545906
37.0,27.0,59.0,-1.1469159
27.0,37.0,59.0,-1.1469159
37.0,27.0,60.0,25.853708
27.0,37.0,60.0,25.853708
37.0,27.0,61.0,-8.2352
27.0,37.0,61.0,-8.2352
37.0,27.0,62.0,15.201628
27.0,37.0,62.0,15.201628
37.0,27.0,63.0,-6.9945245
27.0,37.0,63.0,-6.9945245
37.0,27.0,64.0,9.288531
27.0,37.0,64.0,9.288531
37.0,27.0,65.0,1.7550309
27.0,37.0,65.0,1.7550309
37.0,27.0,66.0,-20.473696
27.0,37.0,66.0,-20.473696
37.0,27.0,67.0,-24.756212
27.0,37.0,67.0,-24.756212
37.0,27.0,68.0,12.669051
27.0,37.0,68.0,12.669051
37.0,27.0,69.0,19.438053
27.0,37.0,69.0,19.438053
37.0,28.0,38.0,0.8648897
28.0,37.0,38.0,0.8648897
37.0,28.0,39.0,3.975387
28.0,37.0,39.0,3.975387
37.0,28.0,40.0,4.0923624
28.0,37.0,40.0,4.0923624
37.0,28.0,41.0,1.8241178
28.0,37.0,41.0,1.8241178
37.0,28.0,42.0,7.1100225
28.0,37.0,42.0,7.1100225
37.0,28.0,43.0,3.3823318
28.0,37.0,43.0,3.3823318
37.0,28.0,44.0,-2.3330777
28.0,37.0,44.0,-2.3330777
37.0,28.0,45.0,2.8509276
28.0,37.0,45.0,2.8509276
37.0,28.0,46.0,-0.17810138
28.0,37.0,46.0,-0.17810138
37.0,28.0,47.0,5.563114
28.0,37.0,47.0,5.563114
37.0,28.0,48.0,-20.494125
28.0,37.0,48.0,-20.494125
37.0,28.0,49.0,-7.1301746
28.0,37.0,49.0,-7.1301746
37.0,28.0,50.0,-4.7886915
28.0,37.0,50.0,-4.7886915
37.0,28.0,51.0,22.616806
28.0,37.0,51.0,22.616806
37.0,28.0,52.0,-4.0833974
28.0,37.0,52.0,-4.0833974
37.0,28.0,53.0,-2.7845244
28.0,37.0,53.0,-2.7845244
37.0,28.0,54.0,-1.1954985
28.0,37.0,54.0,-1.1954985
37.0,28.0,55.0,6.0441895
28.0,37.0,55.0,6.0441895
37.0,28.0,56.0,27.820112
28.0,37.0,56.0,27.820112
37.0,28.0,57.0,3.6045778
28.0,37.0,57.0,3.6045778
37.0,28.0,58.0,-4.879753
28.0,37.0,58.0,-4.879753
37.0,28.0,59.0,12.081696
28.0,37.0,59.0,12.081696
37.0,28.0,60.0,20.396395
28.0,37.0,60.0,20.396395
37.0,28.0,61.0,-0.904349
28.0,37.0,61.0,-0.904349
37.0,28.0,62.0,7.3471494
28.0,37.0,62.0,7.3471494
37.0,28.0,63.0,7.8650794
28.0,37.0,63.0,7.8650794
37.0,28.0,64.0,3.9040353
28.0,37.0,64.0,3.9040353
37.0,28.0,65.0,3.3629131
28.0,37.0,65.0,3.3629131
37.0,28.0,66.0,-10.23827
28.0,37.0,66.0,-10.23827
37.0,28.0,67.0,12.103123
28.0,37.0,67.0,12.103123
37.0,28.0,68.0,0.3086291
28.0,37.0,68.0,0.3086291
37.0,28.0,69.0,26.572475
28.0,37.0,69.0,26.572475
37.0,4.0,38.0,26.322523
4.0,37.0,38.0,26.322523
37.0,4.0,39.0,52.36875
4.0,37.0,39.0,52.36875
37.0,4.0,40.0,-14.133816
4.0,37.0,40.0,-14.133816
37.0,4.0,41.0,26.450174
4.0,37.0,41.0,26.450174
37.0,4.0,42.0,-7.6583786
4.0,37.0,42.0,-7.6583786
37.0,4.0,43.0,50.19569
4.0,37.0,43.0,50.19569
37.0,4.0,44.0,-5.148566
4.0,37.0,44.0,-5.148566
37.0,4.0,45.0,-46.795944
4.0,37.0,45.0,-46.795944
37.0,4.0,46.0,-50.268776
4.0,37.0,46.0,-50.268776
37.0,4.0,47.0,19.721178
4.0,37.0,47.0,19.721178
37.0,4.0,48.0,60.519466
4.0,37.0,48.0,60.519466
37.0,4.0,49.0,37.64562
4.0,37.0,49.0,37.64562
37.0,4.0,50.0,2.3178253
4.0,37.0,50.0,2.3178253
37.0,4.0,51.0,113.55424
4.0,37.0,51.0,113.55424
37.0,4.0,52.0,27.500977
4.0,37.0,52.0,27.500977
37.0,4.0,53.0,-108.34482
4.0,37.0,53.0,-108.34482
37.0,4.0,54.0,-7.3542466
4.0,37.0,54.0,-7.3542466
37.0,4.0,55.0,28.087769
4.0,37.0,55.0,28.087769
37.0,4.0,56.0,34.65372
4.0,37.0,56.0,34.65372
37.0,4.0,57.0,-3.5262477
4.0,37.0,57.0,-3.5262477
37.0,4.0,58.0,68.33643
4.0,37.0,58.0,68.33643
37.0,4.0,59.0,10.973316
4.0,37.0,59.0,10.973316
37.0,4.0,60.0,-26.614193
4.0,37.0,60.0,-26.614193
37.0,4.0,61.0,3.6660368
4.0,37.0,61.0,3.6660368
37.0,4.0,62.0,-45.272568
4.0,37.0,62.0,-45.272568
37.0,4.0,63.0,4.389737
4.0,37.0,63.0,4.389737
37.0,4.0,64.0,1.7685938
4.0,37.0,64.0,1.7685938
37.0,4.0,65.0,6.811591
4.0,37.0,65.0,6.811591
37.0,4.0,66.0,31.282635
4.0,37.0,66.0,31.282635
37.0,4.0,67.0,-4.443397
4.0,37.0,67.0,-4.443397
37.0,4.0,68.0,-5.412556
4.0,37.0,68.0,-5.412556
37.0,4.0,69.0,24.386248
4.0,37.0,69.0,24.386248
37.0,29.0,38.0,-17.567999
29.0,37.0,38.0,-17.567999
37.0,29.0,39.0,-0.16753529
29.0,37.0,39.0,-0.16753529
37.0,29.0,40.0,0.69974416
29.0,37.0,40.0,0.69974416
37.0,29.0,41.0,9.269283
29.0,37.0,41.0,9.269283
37.0,29.0,42.0,6.8808722
29.0,37.0,42.0,6.8808722
37.0,29.0,43.0,-22.674807
29.0,37.0,43.0,-22.674807
37.0,29.0,44.0,-23.331163
29.0,37.0,44.0,-23.331163
37.0,29.0,45.0,-4.008742
29.0,37.0,45.0,-4.008742
37.0,29.0,46.0,-19.254736
29.0,37.0,46.0,-19.254736
37.0,29.0,47.0,6.5884237
29.0,37.0,47.0,6.5884237
37.0,29.0,48.0,12.21639
29.0,37.0,48.0,12.21639
37.0,29.0,49.0,20.460928
29.0,37.0,49.0,20.460928
37.0,29.0,50.0,-6.077017
29.0,37.0,50.0,-6.077017
37.0,29.0,51.0,-10.862632
29.0,37.0,51.0,-10.862632
37.0,29.0,52.0,16.709368
29.0,37.0,52.0,16.709368
37.0,29.0,53.0,9.381141
29.0,37.0,53.0,9.381141
37.0,29.0,54.0,2.450127
29.0,37.0,54.0,2.450127
37.0,29.0,55.0,3.7347753
29.0,37.0,55.0,3.7347753
37.0,29.0,56.0,42.540386
29.0,37.0,56.0,42.540386
37.0,29.0,57.0,-7.031443
29.0,37.0,57.0,-7.031443
37.0,29.0,58.0,14.703362
29.0,37.0,58.0,14.703362
37.0,29.0,59.0,10.605042
29.0,37.0,59.0,10.605042
37.0,29.0,60.0,7.2371006
29.0,37.0,60.0,7.2371006
37.0,29.0,61.0,-32.84202
29.0,37.0,61.0,-32.84202
37.0,29.0,62.0,3.6187155
29.0,37.0,62.0,3.6187155
37.0,29.0,63.0,6.7720566
29.0,37.0,63.0,6.7720566
37.0,29.0,64.0,15.621246
29.0,37.0,64.0,15.621246
37.0,29.0,65.0,5.4901953
29.0,37.0,65.0,5.4901953
37.0,29.0,66.0,1.927121
29.0,37.0,66.0,1.927121
37.0,29.0,67.0,-49.520344
29.0,37.0,67.0,-49.520344
37.0,29.0,68.0,6.498909
29.0,37.0,68.0,6.498909
37.0,29.0,69.0,-15.878935
29.0,37.0,69.0,-15.878935
37.0,5.0,38.0,1.4636997
5.0,37.0,38.0,1.4636997
37.0,5.0,39.0,10.930632
5.0,37.0,39.0,10.930632
37.0,5.0,40.0,9.632681
5.0,37.0,40.0,9.632681
37.0,5.0,41.0,10.379379
5.0,37.0,41.0,10.379379
37.0,5.0,42.0,-4.1583853
5.0,37.0,42.0,-4.1583853
37.0,5.0,43.0,13.588819
5.0,37.0,43.0,13.588819
37.0,5.0,44.0,6.2134314
5.0,37.0,44.0,6.2134314
37.0,5.0,45.0,-3.6225839
5.0,37.0,45.0,-3.6225839
37.0,5.0,46.0,-5.6854596
5.0,37.0,46.0,-5.6854596
37.0,5.0,47.0,7.560485
5.0,37.0,47.0,7.560485
37.0,5.0,48.0,39.427868
5.0,37.0,48.0,39.427868
37.0,5.0,49.0,-6.929982
5.0,37.0,49.0,-6.929982
37.0,5.0,50.0,5.3657575
5.0,37.0,50.0,5.3657575
37.0,5.0,51.0,-3.8479404
5.0,37.0,51.0,-3.8479404
37.0,5.0,52.0,3.557654
5.0,37.0,52.0,3.557654
37.0,5.0,53.0,2.214348
5.0,37.0,53.0,2.214348
37.0,5.0,54.0,9.302046
5.0,37.0,54.0,9.302046
37.0,5.0,55.0,-2.2495055
5.0,37.0,55.0,-2.2495055
37.0,5.0,56.0,3.7335286
5.0,37.0,56.0,3.7335286
37.0,5.0,57.0,-14.681976
5.0,37.0,57.0,-14.681976
37.0,5.0,58.0,12.572001
5.0,37.0,58.0,12.572001
37.0,5.0,59.0,5.445568
5.0,37.0,59.0,5.445568
37.0,5.0,60.0,13.370904
5.0,37.0,60.0,13.370904
37.0,5.0,61.0,-4.022046
5.0,37.0,61.0,-4.022046
37.0,5.0,62.0,10.260036
5.0,37.0,62.0,10.260036
37.0,5.0,63.0,2.1238647
5.0,37.0,63.0,2.1238647
37.0,5.0,64.0,6.702749
5.0,37.0,64.0,6.702749
37.0,5.0,65.0,0.98132753
5.0,37.0,65.0,0.98132753
37.0,5.0,66.0,-6.5421047
5.0,37.0,66.0,-6.5421047
37.0,5.0,67.0,-53.059032
5.0,37.0,67.0,-53.059032
37.0,5.0,68.0,9.91751
5.0,37.0,68.0,9.91751
37.0,5.0,69.0,23.774845
5.0,37.0,69.0,23.774845
37.0,30.0,38.0,1.0098693
30.0,37.0,38.0,1.0098693
37.0,30.0,39.0,6.6829967
30.0,37.0,39.0,6.6829967
37.0,30.0,40.0,-0.3273623
30.0,37.0,40.0,-0.3273623
37.0,30.0,41.0,7.277789
30.0,37.0,41.0,7.277789
37.0,30.0,42.0,32.369335
30.0,37.0,42.0,32.369335
37.0,30.0,43.0,22.682158
30.0,37.0,43.0,22.682158
37.0,30.0,44.0,7.1587434
30.0,37.0,44.0,7.1587434
37.0,30.0,45.0,21.124601
30.0,37.0,45.0,21.124601
37.0,30.0,46.0,1.9453329
30.0,37.0,46.0,1.9453329
37.0,30.0,47.0,22.832958
30.0,37.0,47.0,22.832958
37.0,30.0,48.0,-3.743116
30.0,37.0,48.0,-3.743116
37.0,30.0,49.0,9.422196
30.0,37.0,49.0,9.422196
37.0,30.0,50.0,3.471423
30.0,37.0,50.0,3.471423
37.0,30.0,51.0,8.315514
30.0,37.0,51.0,8.315514
37.0,30.0,52.0,25.936232
30.0,37.0,52.0,25.936232
37.0,30.0,53.0,11.696535
30.0,37.0,53.0,11.696535
37.0,30.0,54.0,6.0170145
30.0,37.0,54.0,6.0170145
37.0,30.0,55.0,-0.71010816
30.0,37.0,55.0,-0.71010816
37.0,30.0,56.0,10.034184
30.0,37.0,56.0,10.034184
37.0,30.0,57.0,-6.9282513
30.0,37.0,57.0,-6.9282513
37.0,30.0,58.0,-7.536111
30.0,37.0,58.0,-7.536111
37.0,30.0,59.0,-10.9150505
30.0,37.0,59.0,-10.9150505
37.0,30.0,60.0,13.8477335
30.0,37.0,60.0,13.8477335
37.0,30.0,61.0,-1.71747
30.0,37.0,61.0,-1.71747
37.0,30.0,62.0,13.606671
30.0,37.0,62.0,13.606671
37.0,30.0,63.0,5.305147
30.0,37.0,63.0,5.305147
37.0,30.0,64.0,19.58898
30.0,37.0,64.0,19.58898
37.0,30.0,65.0,13.678836
30.0,37.0,65.0,13.678836
37.0,30.0,66.0,3.2384849
30.0,37.0,66.0,3.2384849
37.0,30.0,67.0,21.664839
30.0,37.0,67.0,21.664839
37.0,30.0,68.0,-11.1933365
30.0,37.0,68.0,-11.1933365
37.0,30.0,69.0,44.06061
30.0,37.0,69.0,44.06061
37.0,6.0,38.0,4.692131
6.0,37.0,38.0,4.692131
37.0,6.0,39.0,76.39989
6.0,37.0,39.0,76.39989
37.0,6.0,40.0,1.4889882
6.0,37.0,40.0,1.4889882
37.0,6.0,41.0,8.014284
6.0,37.0,41.0,8.014284
37.0,6.0,42.0,48.512974
6.0,37.0,42.0,48.512974
37.0,6.0,43.0,5.907554
6.0,37.0,43.0,5.907554
37.0,6.0,44.0,13.582778
6.0,37.0,44.0,13.582778
37.0,6.0,45.0,14.203853
6.0,37.0,45.0,14.203853
37.0,6.0,46.0,18.741398
6.0,37.0,46.0,18.741398
37.0,6.0,47.0,16.456089
6.0,37.0,47.0,16.456089
37.0,6.0,48.0,7.9784136
6.0,37.0,48.0,7.9784136
37.0,6.0,49.0,19.223791
6.0,37.0,49.0,19.223791
37.0,6.0,50.0,-3.290962
6.0,37.0,50.0,-3.290962
37.0,6.0,51.0,12.576386
6.0,37.0,51.0,12.576386
37.0,6.0,52.0,-3.8964894
6.0,37.0,52.0,-3.8964894
37.0,6.0,53.0,13.541306
6.0,37.0,53.0,13.541306
37.0,6.0,54.0,-17.900545
6.0,37.0,54.0,-17.900545
37.0,6.0,55.0,-2.2892087
6.0,37.0,55.0,-2.2892087
37.0,6.0,56.0,24.441025
6.0,37.0,56.0,24.441025
37.0,6.0,57.0,1.6018543
6.0,37.0,57.0,1.6018543
37.0,6.0,58.0,-13.369202
6.0,37.0,58.0,-13.369202
37.0,6.0,59.0,11.682103
6.0,37.0,59.0,11.682103
37.0,6.0,60.0,-20.229948
6.0,37.0,60.0,-20.229948
37.0,6.0,61.0,59.72697
6.0,37.0,61.0,59.72697
37.0,6.0,62.0,-3.9584548
6.0,37.0,62.0,-3.9584548
37.0,6.0,63.0,11.65505
6.0,37.0,63.0,11.65505
37.0,6.0,64.0,9.255839
6.0,37.0,64.0,9.255839
37.0,6.0,65.0,-4.5439763
6.0,37.0,65.0,-4.5439763
37.0,6.0,66.0,27.910414
6.0,37.0,66.0,27.910414
37.0,6.0,67.0,42.911537
6.0,37.0,67.0,42.911537
37.0,6.0,68.0,22.75212
6.0,37.0,68.0,22.75212
37.0,6.0,69.0,40.73763
6.0,37.0,69.0,40.73763
37.0,23.0,38.0,4.563332
23.0,37.0,38.0,4.563332
37.0,23.0,39.0,13.781157
23.0,37.0,39.0,13.781157
37.0,23.0,40.0,-62.834377
23.0,37.0,40.0,-62.834377
37.0,23.0,41.0,-7.004504
23.0,37.0,41.0,-7.004504
37.0,23.0,42.0,4.6407156
23.0,37.0,42.0,4.6407156
37.0,23.0,43.0,7.9023333
23.0,37.0,43.0,7.9023333
37.0,23.0,44.0,2.868052
23.0,37.0,44.0,2.868052
37.0,23.0,45.0,6.510406
23.0,37.0,45.0,6.510406
37.0,23.0,46.0,-1.8376145
23.0,37.0,46.0,-1.8376145
37.0,23.0,47.0,13.632083
23.0,37.0,47.0,13.632083
37.0,23.0,48.0,12.697552
23.0,37.0,48.0,12.697552
37.0,23.0,49.0,3.696659
23.0,37.0,49.0,3.696659
37.0,23.0,50.0,8.71759
23.0,37.0,50.0,8.71759
37.0,23.0,51.0,6.568265
23.0,37.0,51.0,6.568265
37.0,23.0,52.0,1.1210603
23.0,37.0,52.0,1.1210603
37.0,23.0,53.0,17.414808
23.0,37.0,53.0,17.414808
37.0,23.0,54.0,4.393916
23.0,37.0,54.0,4.393916
37.0,23.0,55.0,-1.6846184
23.0,37.0,55.0,-1.6846184
37.0,23.0,56.0,13.183393
23.0,37.0,56.0,13.183393
37.0,23.0,57.0,9.592898
23.0,37.0,57.0,9.592898
37.0,23.0,58.0,3.082539
23.0,37.0,58.0,3.082539
37.0,23.0,59.0,-10.764187
23.0,37.0,59.0,-10.764187
37.0,23.0,60.0,21.960215
23.0,37.0,60.0,21.960215
37.0,23.0,61.0,2.050136
23.0,37.0,61.0,2.050136
37.0,23.0,62.0,21.870108
23.0,37.0,62.0,21.870108
37.0,23.0,63.0,-1.2433416
23.0,37.0,63.0,-1.2433416
37.0,23.0,64.0,5.663659
23.0,37.0,64.0,5.663659
37.0,23.0,65.0,13.269085
23.0,37.0,65.0,13.269085
37.0,23.0,66.0,-10.915192
23.0,37.0,66.0,-10.915192
37.0,23.0,67.0,21.024307
23.0,37.0,67.0,21.024307
37.0,23.0,68.0,14.827078
23.0,37.0,68.0,14.827078
37.0,23.0,69.0,47.612846
23.0,37.0,69.0,47.612846
37.0,7.0,38.0,-1.7506436
7.0,37.0,38.0,-1.7506436
37.0,7.0,39.0,11.637801
7.0,37.0,39.0,11.637801
37.0,7.0,40.0,9.082958
7.0,37.0,40.0,9.082958
37.0,7.0,41.0,9.595233
7.0,37.0,41.0,9.595233
37.0,7.0,42.0,11.168612
7.0,37.0,42.0,11.168612
37.0,7.0,43.0,10.35138
7.0,37.0,43.0,10.35138
37.0,7.0,44.0,8.005951
7.0,37.0,44.0,8.005951
37.0,7.0,45.0,14.191906
7.0,37.0,45.0,14.191906
37.0,7.0,46.0,-8.202778
7.0,37.0,46.0,-8.202778
37.0,7.0,47.0,-1.4182967
7.0,37.0,47.0,-1.4182967
37.0,7.0,48.0,46.131935
7.0,37.0,48.0,46.131935
37.0,7.0,49.0,3.9335454
7.0,37.0,49.0,3.9335454
37.0,7.0,50.0,13.099994
7.0,37.0,50.0,13.099994
37.0,7.0,51.0,-2.534507
7.0,37.0,51.0,-2.534507
37.0,7.0,52.0,4.9400225
7.0,37.0,52.0,4.9400225
37.0,7.0,53.0,12.091259
7.0,37.0,53.0,12.091259
37.0,7.0,54.0,-13.18962
7.0,37.0,54.0,-13.18962
37.0,7.0,55.0,3.3843017
7.0,37.0,55.0,3.3843017
37.0,7.0,56.0,34.485043
7.0,37.0,56.0,34.485043
37.0,7.0,57.0,-7.515115
7.0,37.0,57.0,-7.515115
37.0,7.0,58.0,-1.9320825
7.0,37.0,58.0,-1.9320825
37.0,7.0,59.0,26.676296
7.0,37.0,59.0,26.676296
37.0,7.0,60.0,13.166463
7.0,37.0,60.0,13.166463
37.0,7.0,61.0,-11.127936
7.0,37.0,61.0,-11.127936
37.0,7.0,62.0,15.530544
7.0,37.0,62.0,15.530544
37.0,7.0,63.0,10.025733
7.0,37.0,63.0,10.025733
37.0,7.0,64.0,-14.108889
7.0,37.0,64.0,-14.108889
37.0,7.0,65.0,-7.1182647
7.0,37.0,65.0,-7.1182647
37.0,7.0,66.0,-6.2719684
7.0,37.0,66.0,-6.2719684
37.0,7.0,67.0,-7.1125474
7.0,37.0,67.0,-7.1125474
37.0,7.0,68.0,-8.483347
7.0,37.0,68.0,-8.483347
37.0,7.0,69.0,32.72532
7.0,37.0,69.0,32.72532
37.0,24.0,38.0,2.1154547
24.0,37.0,38.0,2.1154547
37.0,24.0,39.0,0.9148089
24.0,37.0,39.0,0.9148089
37.0,24.0,40.0,-23.875332
24.0,37.0,40.0,-23.875332
37.0,24.0,41.0,0.47674295
24.0,37.0,41.0,0.47674295
37.0,24.0,42.0,5.9544473
24.0,37.0,42.0,5.9544473
37.0,24.0,43.0,8.568909
24.0,37.0,43.0,8.568909
37.0,24.0,44.0,7.879717
24.0,37.0,44.0,7.879717
37.0,24.0,45.0,-4.392346
24.0,37.0,45.0,-4.392346
37.0,24.0,46.0,1.8350818
24.0,37.0,46.0,1.8350818
37.0,24.0,47.0,0.8593248
24.0,37.0,47.0,0.8593248
37.0,24.0,48.0,-73.65865
24.0,37.0,48.0,-73.65865
37.0,24.0,49.0,1.7078103
24.0,37.0,49.0,1.7078103
37.0,24.0,50.0,6.2682967
24.0,37.0,50.0,6.2682967
37.0,24.0,51.0,-9.39895
24.0,37.0,51.0,-9.39895
37.0,24.0,52.0,-16.836618
24.0,37.0,52.0,-16.836618
37.0,24.0,53.0,5.7518406
24.0,37.0,53.0,5.7518406
37.0,24.0,54.0,-11.523039
24.0,37.0,54.0,-11.523039
37.0,24.0,55.0,0.36301616
24.0,37.0,55.0,0.36301616
37.0,24.0,56.0,4.333961
24.0,37.0,56.0,4.333961
37.0,24.0,57.0,-0.26763207
24.0,37.0,57.0,-0.26763207
37.0,24.0,58.0,-5.5969744
24.0,37.0,58.0,-5.5969744
37.0,24.0,59.0,-6.639466
24.0,37.0,59.0,-6.639466
37.0,24.0,60.0,-9.025939
24.0,37.0,60.0,-9.025939
37.0,24.0,61.0,-6.4650083
24.0,37.0,61.0,-6.4650083
37.0,24.0,62.0,4.8405957
24.0,37.0,62.0,4.8405957
37.0,24.0,63.0,-25.42066
24.0,37.0,63.0,-25.42066
37.0,24.0,64.0,-2.007882
24.0,37.0,64.0,-2.007882
37.0,24.0,65.0,4.5658226
24.0,37.0,65.0,4.5658226
37.0,24.0,66.0,7.858721
24.0,37.0,66.0,7.858721
37.0,24.0,67.0,-3.4536772
24.0,37.0,67.0,-3.4536772
37.0,24.0,68.0,1.7579994
24.0,37.0,68.0,1.7579994
37.0,24.0,69.0,29.711998
24.0,37.0,69.0,29.711998
37.0,8.0,38.0,1.7548424
8.0,37.0,38.0,1.7548424
37.0,8.0,39.0,15.703794
8.0,37.0,39.0,15.703794
37.0,8.0,40.0,8.222368
8.0,37.0,40.0,8.222368
37.0,8.0,41.0,22.91524
8.0,37.0,41.0,22.91524
37.0,8.0,42.0,7.5744553
8.0,37.0,42.0,7.5744553
37.0,8.0,43.0,12.775358
8.0,37.0,43.0,12.775358
37.0,8.0,44.0,4.637858
8.0,37.0,44.0,4.637858
37.0,8.0,45.0,-2.2764184
8.0,37.0,45.0,-2.2764184
37.0,8.0,46.0,-5.646711
8.0,37.0,46.0,-5.646711
37.0,8.0,47.0,14.700736
8.0,37.0,47.0,14.700736
37.0,8.0,48.0,5.63506
8.0,37.0,48.0,5.63506
37.0,8.0,49.0,3.990674
8.0,37.0,49.0,3.990674
37.0,8.0,50.0,6.4298515
8.0,37.0,50.0,6.4298515
37.0,8.0,51.0,3.1960857
8.0,37.0,51.0,3.1960857
37.0,8.0,52.0,1.6023442
8.0,37.0,52.0,1.6023442
37.0,8.0,53.0,12.008798
8.0,37.0,53.0,12.008798
37.0,8.0,54.0,5.5785923
8.0,37.0,54.0,5.5785923
37.0,8.0,55.0,5.007711
8.0,37.0,55.0,5.007711
37.0,8.0,56.0,14.643622
8.0,37.0,56.0,14.643622
37.0,8.0,57.0,14.65238
8.0,37.0,57.0,14.65238
37.0,8.0,58.0,-23.616312
8.0,37.0,58.0,-23.616312
37.0,8.0,59.0,16.713245
8.0,37.0,59.0,16.713245
37.0,8.0,60.0,5.397775
8.0,37.0,60.0,5.397775
37.0,8.0,61.0,-3.6472352
8.0,37.0,61.0,-3.6472352
37.0,8.0,62.0,16.26798
8.0,37.0,62.0,16.26798
37.0,8.0,63.0,9.781422
8.0,37.0,63.0,9.781422
37.0,8.0,64.0,17.55767
8.0,37.0,64.0,17.55767
37.0,8.0,65.0,3.6323905
8.0,37.0,65.0,3.6323905
37.0,8.0,66.0,9.168013
8.0,37.0,66.0,9.168013
37.0,8.0,67.0,-25.270605
8.0,37.0,67.0,-25.270605
37.0,8.0,68.0,0.25839666
8.0,37.0,68.0,0.25839666
37.0,8.0,69.0,26.418715
8.0,37.0,69.0,26.418715
37.0,9.0,38.0,4.7127557
9.0,37.0,38.0,4.7127557
37.0,9.0,39.0,15.169839
9.0,37.0,39.0,15.169839
37.0,9.0,40.0,-2.7114115
9.0,37.0,40.0,-2.7114115
37.0,9.0,41.0,-29.1438
9.0,37.0,41.0,-29.1438
37.0,9.0,42.0,10.960555
9.0,37.0,42.0,10.960555
37.0,9.0,43.0,19.212763
9.0,37.0,43.0,19.212763
37.0,9.0,44.0,5.1073365
9.0,37.0,44.0,5.1073365
37.0,9.0,45.0,1.5825461
9.0,37.0,45.0,1.5825461
37.0,9.0,46.0,-3.3524005
9.0,37.0,46.0,-3.3524005
37.0,9.0,47.0,24.005974
9.0,37.0,47.0,24.005974
37.0,9.0,48.0,28.196173
9.0,37.0,48.0,28.196173
37.0,9.0,49.0,16.43462
9.0,37.0,49.0,16.43462
37.0,9.0,50.0,3.7121766
9.0,37.0,50.0,3.7121766
37.0,9.0,51.0,2.8361702
9.0,37.0,51.0,2.8361702
37.0,9.0,52.0,4.069214
9.0,37.0,52.0,4.069214
37.0,9.0,53.0,8.826104
9.0,37.0,53.0,8.826104
37.0,9.0,54.0,-2.0797207
9.0,37.0,54.0,-2.0797207
37.0,9.0,55.0,-2.6015403
9.0,37.0,55.0,-2.6015403
37.0,9.0,56.0,3.3876247
9.0,37.0,56.0,3.3876247
37.0,9.0,57.0,-20.315739
9.0,37.0,57.0,-20.315739
37.0,9.0,58.0,12.454211
9.0,37.0,58.0,12.454211
37.0,9.0,59.0,15.072006
9.0,37.0,59.0,15.072006
37.0,9.0,60.0,-0.73752856
9.0,37.0,60.0,-0.73752856
37.0,9.0,61.0,-2.9384348
9.0,37.0,61.0,-2.9384348
37.0,9.0,62.0,2.9441075
9.0,37.0,62.0,2.9441075
37.0,9.0,63.0,15.324922
9.0,37.0,63.0,15.324922
37.0,9.0,64.0,9.809048
9.0,37.0,64.0,9.809048
37.0,9.0,65.0,-1.6845115
9.0,37.0,65.0,-1.6845115
37.0,9.0,66.0,8.52659
9.0,37.0,66.0,8.52659
37.0,9.0,67.0,0.6247073
9.0,37.0,67.0,0.6247073
37.0,9.0,68.0,-0.3933726
9.0,37.0,68.0,-0.3933726
37.0,9.0,69.0,37.23268
9.0,37.0,69.0,37.23268
37.0,31.0,38.0,4.372949
31.0,37.0,38.0,4.372949
37.0,31.0,39.0,0.5073839
31.0,37.0,39.0,0.5073839
37.0,31.0,40.0,-8.605667
31.0,37.0,40.0,-8.605667
37.0,31.0,41.0,-10.795755
31.0,37.0,41.0,-10.795755
37.0,31.0,42.0,2.2487793
31.0,37.0,42.0,2.2487793
37.0,31.0,43.0,-18.217123
31.0,37.0,43.0,-18.217123
37.0,31.0,44.0,-7.638984
31.0,37.0,44.0,-7.638984
37.0,31.0,45.0,-6.390749
31.0,37.0,45.0,-6.390749
37.0,31.0,46.0,-21.528738
31.0,37.0,46.0,-21.528738
37.0,31.0,47.0,-1.677787
31.0,37.0,47.0,-1.677787
37.0,31.0,48.0,-2.8018086
31.0,37.0,48.0,-2.8018086
37.0,31.0,49.0,-19.040472
31.0,37.0,49.0,-19.040472
37.0,31.0,50.0,-4.6008573
31.0,37.0,50.0,-4.6008573
37.0,31.0,51.0,1.0587858
31.0,37.0,51.0,1.0587858
37.0,31.0,52.0,-1.0494899
31.0,37.0,52.0,-1.0494899
37.0,31.0,53.0,-7.2232876
31.0,37.0,53.0,-7.2232876
37.0,31.0,54.0,-10.311863
31.0,37.0,54.0,-10.311863
37.0,31.0,55.0,-5.713922
31.0,37.0,55.0,-5.713922
37.0,31.0,56.0,-2.195961
31.0,37.0,56.0,-2.195961
37.0,31.0,57.0,-4.701717
31.0,37.0,57.0,-4.701717
37.0,31.0,58.0,-26.28728
31.0,37.0,58.0,-26.28728
37.0,31.0,59.0,-1.6694272
31.0,37.0,59.0,-1.6694272
37.0,31.0,60.0,1.4540118
31.0,37.0,60.0,1.4540118
37.0,31.0,61.0,-23.786386
31.0,37.0,61.0,-23.786386
37.0,31.0,62.0,-10.315422
31.0,37.0,62.0,-10.315422
37.0,31.0,63.0,-2.5458534
31.0,37.0,63.0,-2.5458534
37.0,31.0,64.0,3.5402682
31.0,37.0,64.0,3.5402682
37.0,31.0,65.0,0.8772275
31.0,37.0,65.0,0.8772275
37.0,31.0,66.0,-14.292192
31.0,37.0,66.0,-14.292192
37.0,31.0,67.0,32.363953
31.0,37.0,67.0,32.363953
37.0,31.0,68.0,-28.571148
31.0,37.0,68.0,-28.571148
37.0,31.0,69.0,17.632307
31.0,37.0,69.0,17.632307
37.0,32.0,38.0,-20.840961
32.0,37.0,38.0,-20.840961
37.0,32.0,39.0,-0.7233225
32.0,37.0,39.0,-0.7233225
37.0,32.0,40.0,-4.8404965
32.0,37.0,40.0,-4.8404965
37.0,32.0,41.0,21.474607
32.0,37.0,41.0,21.474607
37.0,32.0,42.0,0.105992764
32.0,37.0,42.0,0.105992764
37.0,32.0,43.0,3.812001
32.0,37.0,43.0,3.812001
37.0,32.0,44.0,5.648124
32.0,37.0,44.0,5.648124
37.0,32.0,45.0,-28.088259
32.0,37.0,45.0,-28.088259
37.0,32.0,46.0,-8.315902
32.0,37.0,46.0,-8.315902
37.0,32.0,47.0,-1.8297186
32.0,37.0,47.0,-1.8297186
37.0,32.0,48.0,-8.6313305
32.0,37.0,48.0,-8.6313305
37.0,32.0,49.0,-29.077324
32.0,37.0,49.0,-29.077324
37.0,32.0,50.0,-3.9793472
32.0,37.0,50.0,-3.9793472
37.0,32.0,51.0,-18.755173
32.0,37.0,51.0,-18.755173
37.0,32.0,52.0,-3.8824158
32.0,37.0,52.0,-3.8824158
37.0,32.0,53.0,2.0622134
32.0,37.0,53.0,2.0622134
37.0,32.0,54.0,-12.522348
32.0,37.0,54.0,-12.522348
37.0,32.0,55.0,-13.942585
32.0,37.0,55.0,-13.942585
37.0,32.0,56.0,4.76425
32.0,37.0,56.0,4.76425
37.0,32.0,57.0,5.618424
32.0,37.0,57.0,5.618424
37.0,32.0,58.0,-39.489002
32.0,37.0,58.0,-39.489002
37.0,32.0,59.0,-20.12204
32.0,37.0,59.0,-20.12204
37.0,32.0,60.0,-26.710861
32.0,37.0,60.0,-26.710861
37.0,32.0,61.0,3.2782884
32.0,37.0,61.0,3.2782884
37.0,32.0,62.0,3.6350353
32.0,37.0,62.0,3.6350353
37.0,32.0,63.0,-0.9743136
32.0,37.0,63.0,-0.9743136
37.0,32.0,64.0,1.792372
32.0,37.0,64.0,1.792372
37.0,32.0,65.0,-4.1537905
32.0,37.0,65.0,-4.1537905
37.0,32.0,66.0,-9.966295
32.0,37.0,66.0,-9.966295
37.0,32.0,67.0,-25.474691
32.0,37.0,67.0,-25.474691
37.0,32.0,68.0,9.501184
32.0,37.0,68.0,9.501184
37.0,32.0,69.0,-9.149004
32.0,37.0,69.0,-9.149004
37.0,33.0,38.0,7.8426857
33.0,37.0,38.0,7.8426857
37.0,33.0,39.0,3.7560954
33.0,37.0,39.0,3.7560954
37.0,33.0,40.0,-3.2960799
33.0,37.0,40.0,-3.2960799
37.0,33.0,41.0,-3.4085717
33.0,37.0,41.0,-3.4085717
37.0,33.0,42.0,-5.7587047
33.0,37.0,42.0,-5.7587047
37.0,33.0,43.0,2.0965722
33.0,37.0,43.0,2.0965722
37.0,33.0,44.0,5.829209
33.0,37.0,44.0,5.829209
37.0,33.0,45.0,-4.6763997
33.0,37.0,45.0,-4.6763997
37.0,33.0,46.0,-9.485756
33.0,37.0,46.0,-9.485756
37.0,33.0,47.0,14.520201
33.0,37.0,47.0,14.520201
37.0,33.0,48.0,-8.139993
33.0,37.0,48.0,-8.139993
37.0,33.0,49.0,15.284489
33.0,37.0,49.0,15.284489
37.0,33.0,50.0,7.088172
33.0,37.0,50.0,7.088172
37.0,33.0,51.0,-3.0986285
33.0,37.0,51.0,-3.0986285
37.0,33.0,52.0,-12.727489
33.0,37.0,52.0,-12.727489
37.0,33.0,53.0,2.6939008
33.0,37.0,53.0,2.6939008
37.0,33.0,54.0,-7.358653
33.0,37.0,54.0,-7.358653
37.0,33.0,55.0,-3.7527547
33.0,37.0,55.0,-3.7527547
37.0,33.0,56.0,18.360397
33.0,37.0,56.0,18.360397
37.0,33.0,57.0,-8.53833
33.0,37.0,57.0,-8.53833
37.0,33.0,58.0,-1.1324472
33.0,37.0,58.0,-1.1324472
37.0,33.0,59.0,2.3575351
33.0,37.0,59.0,2.3575351
37.0,33.0,60.0,-2.6991925
33.0,37.0,60.0,-2.6991925
37.0,33.0,61.0,-1.0355818
33.0,37.0,61.0,-1.0355818
37.0,33.0,62.0,-14.043847
33.0,37.0,62.0,-14.043847
37.0,33.0,63.0,-1.975216
33.0,37.0,63.0,-1.975216
37.0,33.0,64.0,-1.3564415
33.0,37.0,64.0,-1.3564415
37.0,33.0,65.0,12.288272
33.0,37.0,65.0,12.288272
37.0,33.0,66.0,3.979946
33.0,37.0,66.0,3.979946
37.0,33.0,67.0,-23.52481
33.0,37.0,67.0,-23.52481
37.0,33.0,68.0,2.9210746
33.0,37.0,68.0,2.9210746
37.0,33.0,69.0,48.409184
33.0,37.0,69.0,48.409184
37.0,10.0,38.0,7.1527457
10.0,37.0,38.0,7.1527457
37.0,10.0,39.0,29.863543
10.0,37.0,39.0,29.863543
37.0,10.0,40.0,-14.120018
10.0,37.0,40.0,-14.120018
37.0,10.0,41.0,-8.117015
10.0,37.0,41.0,-8.117015
37.0,10.0,42.0,19.61142
10.0,37.0,42.0,19.61142
37.0,10.0,43.0,6.789193
10.0,37.0,43.0,6.789193
37.0,10.0,44.0,-5.84782
10.0,37.0,44.0,-5.84782
37.0,10.0,45.0,-2.9356868
10.0,37.0,45.0,-2.9356868
37.0,10.0,46.0,6.0013065
10.0,37.0,46.0,6.0013065
37.0,10.0,47.0,34.32234
10.0,37.0,47.0,34.32234
37.0,10.0,48.0,2.9188035
10.0,37.0,48.0,2.9188035
37.0,10.0,49.0,12.953196
10.0,37.0,49.0,12.953196
37.0,10.0,50.0,5.389437
10.0,37.0,50.0,5.389437
37.0,10.0,51.0,4.1696286
10.0,37.0,51.0,4.1696286
37.0,10.0,52.0,16.142914
10.0,37.0,52.0,16.142914
37.0,10.0,53.0,22.654337
10.0,37.0,53.0,22.654337
37.0,10.0,54.0,4.5928082
10.0,37.0,54.0,4.5928082
37.0,10.0,55.0,18.570932
10.0,37.0,55.0,18.570932
37.0,10.0,56.0,5.129122
10.0,37.0,56.0,5.129122
37.0,10.0,57.0,2.8286636
10.0,37.0,57.0,2.8286636
37.0,10.0,58.0,12.993387
10.0,37.0,58.0,12.993387
37.0,10.0,59.0,17.598663
10.0,37.0,59.0,17.598663
37.0,10.0,60.0,5.056111
10.0,37.0,60.0,5.056111
37.0,10.0,61.0,7.187672
10.0,37.0,61.0,7.187672
37.0,10.0,62.0,0.41065085
10.0,37.0,62.0,0.41065085
37.0,10.0,63.0,23.006475
10.0,37.0,63.0,23.006475
37.0,10.0,64.0,20.946548
10.0,37.0,64.0,20.946548
37.0,10.0,65.0,-1.9667611
10.0,37.0,65.0,-1.9667611
37.0,10.0,66.0,10.510218
10.0,37.0,66.0,10.510218
37.0,10.0,67.0,-6.3199553
10.0,37.0,67.0,-6.3199553
37.0,10.0,68.0,0.25878915
10.0,37.0,68.0,0.25878915
37.0,10.0,69.0,46.737354
10.0,37.0,69.0,46.737354
37.0,11.0,38.0,8.066202
11.0,37.0,38.0,8.066202
37.0,11.0,39.0,16.243103
11.0,37.0,39.0,16.243103
37.0,11.0,40.0,-11.710292
11.0,37.0,40.0,-11.710292
37.0,11.0,41.0,-8.635832
11.0,37.0,41.0,-8.635832
37.0,11.0,42.0,15.3178
11.0,37.0,42.0,15.3178
37.0,11.0,43.0,13.744021
11.0,37.0,43.0,13.744021
37.0,11.0,44.0,-5.6926455
11.0,37.0,44.0,-5.6926455
37.0,11.0,45.0,7.8283086
11.0,37.0,45.0,7.8283086
37.0,11.0,46.0,-8.969979
11.0,37.0,46.0,-8.969979
37.0,11.0,47.0,21.662163
11.0,37.0,47.0,21.662163
37.0,11.0,48.0,11.8813305
11.0,37.0,48.0,11.8813305
37.0,11.0,49.0,5.748893
11.0,37.0,49.0,5.748893
37.0,11.0,50.0,15.37877
11.0,37.0,50.0,15.37877
37.0,11.0,51.0,6.3304524
11.0,37.0,51.0,6.3304524
37.0,11.0,52.0,2.7070203
11.0,37.0,52.0,2.7070203
37.0,11.0,53.0,14.045891
11.0,37.0,53.0,14.045891
37.0,11.0,54.0,-0.11257471
11.0,37.0,54.0,-0.11257471
37.0,11.0,55.0,0.30002508
11.0,37.0,55.0,0.30002508
37.0,11.0,56.0,18.83006
11.0,37.0,56.0,18.83006
37.0,11.0,57.0,-5.3849244
11.0,37.0,57.0,-5.3849244
37.0,11.0,58.0,37.26312
11.0,37.0,58.0,37.26312
37.0,11.0,59.0,9.655544
11.0,37.0,59.0,9.655544
37.0,11.0,60.0,2.2527115
11.0,37.0,60.0,2.2527115
37.0,11.0,61.0,-4.394425
11.0,37.0,61.0,-4.394425
37.0,11.0,62.0,5.0955553
11.0,37.0,62.0,5.0955553
37.0,11.0,63.0,-8.235665
11.0,37.0,63.0,-8.235665
37.0,11.0,64.0,4.6955924
11.0,37.0,64.0,4.6955924
37.0,11.0,65.0,9.9081135
11.0,37.0,65.0,9.9081135
37.0,11.0,66.0,-1.4669963
11.0,37.0,66.0,-1.4669963
37.0,11.0,67.0,9.464489
11.0,37.0,67.0,9.464489
37.0,11.0,68.0,-20.279781
11.0,37.0,68.0,-20.279781
37.0,11.0,69.0,49.385845
11.0,37.0,69.0,49.385845
37.0,12.0,38.0,2.8899
12.0,37.0,38.0,2.8899
37.0,12.0,39.0,-0.21812177
12.0,37.0,39.0,-0.21812177
37.0,12.0,40.0,18.819763
12.0,37.0,40.0,18.819763
37.0,12.0,41.0,-1.0294234
12.0,37.0,41.0,-1.0294234
37.0,12.0,42.0,6.7516947
12.0,37.0,42.0,6.7516947
37.0,12.0,43.0,5.916454
12.0,37.0,43.0,5.916454
37.0,12.0,44.0,1.6949469
12.0,37.0,44.0,1.6949469
37.0,12.0,45.0,8.809744
12.0,37.0,45.0,8.809744
37.0,12.0,46.0,8.261473
12.0,37.0,46.0,8.261473
37.0,12.0,47.0,11.091898
12.0,37.0,47.0,11.091898
37.0,12.0,48.0,-20.544025
12.0,37.0,48.0,-20.544025
37.0,12.0,49.0,3.3952408
12.0,37.0,49.0,3.3952408
37.0,12.0,50.0,2.3213964
12.0,37.0,50.0,2.3213964
37.0,12.0,51.0,-8.878578
12.0,37.0,51.0,-8.878578
37.0,12.0,52.0,-1.2665024
12.0,37.0,52.0,-1.2665024
37.0,12.0,53.0,7.022065
12.0,37.0,53.0,7.022065
37.0,12.0,54.0,-2.0416048
12.0,37.0,54.0,-2.0416048
37.0,12.0,55.0,4.822029
12.0,37.0,55.0,4.822029
37.0,12.0,56.0,19.411995
12.0,37.0,56.0,19.411995
37.0,12.0,57.0,-1.7069317
12.0,37.0,57.0,-1.7069317
37.0,12.0,58.0,-13.591661
12.0,37.0,58.0,-13.591661
37.0,12.0,59.0,3.1754763
12.0,37.0,59.0,3.1754763
37.0,12.0,60.0,35.651573
12.0,37.0,60.0,35.651573
37.0,12.0,61.0,4.047905
12.0,37.0,61.0,4.047905
37.0,12.0,62.0,24.449663
12.0,37.0,62.0,24.449663
37.0,12.0,63.0,-8.293812
12.0,37.0,63.0,-8.293812
37.0,12.0,64.0,5.6858916
12.0,37.0,64.0,5.6858916
37.0,12.0,65.0,1.7701088
12.0,37.0,65.0,1.7701088
37.0,12.0,66.0,-5.4797263
12.0,37.0,66.0,-5.4797263
37.0,12.0,67.0,14.1132145
12.0,37.0,67.0,14.1132145
37.0,12.0,68.0,9.727777
12.0,37.0,68.0,9.727777
37.0,12.0,69.0,5.8212037
12.0,37.0,69.0,5.8212037
37.0,13.0,38.0,21.641693
13.0,37.0,38.0,21.641693
37.0,13.0,39.0,35.584606
13.0,37.0,39.0,35.584606
37.0,13.0,40.0,20.635359
13.0,37.0,40.0,20.635359
37.0,13.0,41.0,42.73713
13.0,37.0,41.0,42.73713
37.0,13.0,42.0,3.6131566
13.0,37.0,42.0,3.6131566
37.0,13.0,43.0,31.27795
13.0,37.0,43.0,31.27795
37.0,13.0,44.0,7.8953466
13.0,37.0,44.0,7.8953466
37.0,13.0,45.0,-4.4817944
13.0,37.0,45.0,-4.4817944
37.0,13.0,46.0,-10.297569
13.0,37.0,46.0,-10.297569
37.0,13.0,47.0,10.612796
13.0,37.0,47.0,10.612796
37.0,13.0,48.0,44.773903
13.0,37.0,48.0,44.773903
37.0,13.0,49.0,15.434013
13.0,37.0,49.0,15.434013
37.0,13.0,50.0,-6.7343984
13.0,37.0,50.0,-6.7343984
37.0,13.0,51.0,3.2587628
13.0,37.0,51.0,3.2587628
37.0,13.0,52.0,8.268041
13.0,37.0,52.0,8.268041
37.0,13.0,53.0,0.686695
13.0,37.0,53.0,0.686695
37.0,13.0,54.0,3.7723005
13.0,37.0,54.0,3.7723005
37.0,13.0,55.0,-0.2008299
13.0,37.0,55.0,-0.2008299
37.0,13.0,56.0,28.782898
13.0,37.0,56.0,28.782898
37.0,13.0,57.0,1.9073619
13.0,37.0,57.0,1.9073619
37.0,13.0,58.0,7.3835163
13.0,37.0,58.0,7.3835163
37.0,13.0,59.0,11.0926
13.0,37.0,59.0,11.0926
37.0,13.0,60.0,18.43244
13.0,37.0,60.0,18.43244
37.0,13.0,61.0,15.81069
13.0,37.0,61.0,15.81069
37.0,13.0,62.0,30.753605
13.0,37.0,62.0,30.753605
37.0,13.0,63.0,0.7516778
13.0,37.0,63.0,0.7516778
37.0,13.0,64.0,27.05459
13.0,37.0,64.0,27.05459
37.0,13.0,65.0,0.5342799
13.0,37.0,65.0,0.5342799
37.0,13.0,66.0,-9.049715
13.0,37.0,66.0,-9.049715
37.0,13.0,67.0,19.406668
13.0,37.0,67.0,19.406668
37.0,13.0,68.0,1.0275145
13.0,37.0,68.0,1.0275145
37.0,13.0,69.0,-9.444521
13.0,37.0,69.0,-9.444521
37.0,14.0,38.0,1.6744503
14.0,37.0,38.0,1.6744503
37.0,14.0,39.0,3.9041955
14.0,37.0,39.0,3.9041955
37.0,14.0,40.0,10.759772
14.0,37.0,40.0,10.759772
37.0,14.0,41.0,-12.922643
14.0,37.0,41.0,-12.922643
37.0,14.0,42.0,-2.2204986
14.0,37.0,42.0,-2.2204986
37.0,14.0,43.0,12.626912
14.0,37.0,43.0,12.626912
37.0,14.0,44.0,-0.27822536
14.0,37.0,44.0,-0.27822536
37.0,14.0,45.0,-7.0682135
14.0,37.0,45.0,-7.0682135
37.0,14.0,46.0,5.005378
14.0,37.0,46.0,5.005378
37.0,14.0,47.0,10.776229
14.0,37.0,47.0,10.776229
37.0,14.0,48.0,29.730839
14.0,37.0,48.0,29.730839
37.0,14.0,49.0,5.5900803
14.0,37.0,49.0,5.5900803
37.0,14.0,50.0,9.170149
14.0,37.0,50.0,9.170149
37.0,14.0,51.0,-4.9114413
14.0,37.0,51.0,-4.9114413
37.0,14.0,52.0,-11.420423
14.0,37.0,52.0,-11.420423
37.0,14.0,53.0,-18.433088
14.0,37.0,53.0,-18.433088
37.0,14.0,54.0,-2.0158355
14.0,37.0,54.0,-2.0158355
37.0,14.0,55.0,-13.517586
14.0,37.0,55.0,-13.517586
37.0,14.0,56.0,24.987204
14.0,37.0,56.0,24.987204
37.0,14.0,57.0,6.261168
14.0,37.0,57.0,6.261168
37.0,14.0,58.0,-0.00872283
14.0,37.0,58.0,-0.00872283
37.0,14.0,59.0,7.8884816
14.0,37.0,59.0,7.8884816
37.0,14.0,60.0,9.522327
14.0,37.0,60.0,9.522327
37.0,14.0,61.0,-14.901429
14.0,37.0,61.0,-14.901429
37.0,14.0,62.0,10.305217
14.0,37.0,62.0,10.305217
37.0,14.0,63.0,-12.259891
14.0,37.0,63.0,-12.259891
37.0,14.0,64.0,8.689809
14.0,37.0,64.0,8.689809
37.0,14.0,65.0,4.8034573
14.0,37.0,65.0,4.8034573
37.0,14.0,66.0,-16.890299
14.0,37.0,66.0,-16.890299
37.0,14.0,67.0,-47.33894
14.0,37.0,67.0,-47.33894
37.0,14.0,68.0,16.426565
14.0,37.0,68.0,16.426565
37.0,14.0,69.0,41.154366
14.0,37.0,69.0,41.154366
37.0,34.0,38.0,1.3248237
34.0,37.0,38.0,1.3248237
37.0,34.0,39.0,10.196887
34.0,37.0,39.0,10.196887
37.0,34.0,40.0,4.691808
34.0,37.0,40.0,4.691808
37.0,34.0,41.0,20.759493
34.0,37.0,41.0,20.759493
37.0,34.0,42.0,6.181891
34.0,37.0,42.0,6.181891
37.0,34.0,43.0,8.931768
34.0,37.0,43.0,8.931768
37.0,34.0,44.0,-2.0148625
34.0,37.0,44.0,-2.0148625
37.0,34.0,45.0,6.829954
34.0,37.0,45.0,6.829954
37.0,34.0,46.0,-9.849213
34.0,37.0,46.0,-9.849213
37.0,34.0,47.0,19.683786
34.0,37.0,47.0,19.683786
37.0,34.0,48.0,5.293998
34.0,37.0,48.0,5.293998
37.0,34.0,49.0,-6.6412196
34.0,37.0,49.0,-6.6412196
37.0,34.0,50.0,-2.111137
34.0,37.0,50.0,-2.111137
37.0,34.0,51.0,-27.68547
34.0,37.0,51.0,-27.68547
37.0,34.0,52.0,-3.2547224
34.0,37.0,52.0,-3.2547224
37.0,34.0,53.0,0.6866146
34.0,37.0,53.0,0.6866146
37.0,34.0,54.0,5.415225
34.0,37.0,54.0,5.415225
37.0,34.0,55.0,2.0099409
34.0,37.0,55.0,2.0099409
37.0,34.0,56.0,4.5668664
34.0,37.0,56.0,4.5668664
37.0,34.0,57.0,-5.5606833
34.0,37.0,57.0,-5.5606833
37.0,34.0,58.0,22.607922
34.0,37.0,58.0,22.607922
37.0,34.0,59.0,22.736889
34.0,37.0,59.0,22.736889
37.0,34.0,60.0,11.121589
34.0,37.0,60.0,11.121589
37.0,34.0,61.0,6.786598
34.0,37.0,61.0,6.786598
37.0,34.0,62.0,23.870705
34.0,37.0,62.0,23.870705
37.0,34.0,63.0,6.504195
34.0,37.0,63.0,6.504195
37.0,34.0,64.0,20.632904
34.0,37.0,64.0,20.632904
37.0,34.0,65.0,-4.2030487
34.0,37.0,65.0,-4.2030487
37.0,34.0,66.0,-0.5648102
34.0,37.0,66.0,-0.5648102
37.0,34.0,67.0,21.979843
34.0,37.0,67.0,21.979843
37.0,34.0,68.0,-4.3623996
34.0,37.0,68.0,-4.3623996
37.0,34.0,69.0,10.479225
34.0,37.0,69.0,10.479225
37.0,20.0,38.0,-2.4253938
20.0,37.0,38.0,-2.4253938
37.0,20.0,39.0,-16.815536
20.0,37.0,39.0,-16.815536
37.0,20.0,40.0,-20.439325
20.0,37.0,40.0,-20.439325
37.0,20.0,41.0,0.8733036
20.0,37.0,41.0,0.8733036
37.0,20.0,42.0,15.421699
20.0,37.0,42.0,15.421699
37.0,20.0,43.0,2.2813387
20.0,37.0,43.0,2.2813387
37.0,20.0,44.0,-14.252333
20.0,37.0,44.0,-14.252333
37.0,20.0,45.0,1.5767424
20.0,37.0,45.0,1.5767424
37.0,20.0,46.0,-17.95828
20.0,37.0,46.0,-17.95828
37.0,20.0,47.0,3.86787
20.0,37.0,47.0,3.86787
37.0,20.0,48.0,16.32781
20.0,37.0,48.0,16.32781
37.0,20.0,49.0,-19.747736
20.0,37.0,49.0,-19.747736
37.0,20.0,50.0,-12.539362
20.0,37.0,50.0,-12.539362
37.0,20.0,51.0,-7.021869
20.0,37.0,51.0,-7.021869
37.0,20.0,52.0,-0.72776383
20.0,37.0,52.0,-0.72776383
37.0,20.0,53.0,3.5844543
20.0,37.0,53.0,3.5844543
37.0,20.0,54.0,-21.8663
20.0,37.0,54.0,-21.8663
37.0,20.0,55.0,-4.0146356
20.0,37.0,55.0,-4.0146356
37.0,20.0,56.0,23.200151
20.0,37.0,56.0,23.200151
37.0,20.0,57.0,-24.042187
20.0,37.0,57.0,-24.042187
37.0,20.0,58.0,-0.096947305
20.0,37.0,58.0,-0.096947305
37.0,20.0,59.0,-25.378592
20.0,37.0,59.0,-25.378592
37.0,20.0,60.0,-5.681231
20.0,37.0,60.0,-5.681231
37.0,20.0,61.0,-27.453049
20.0,37.0,61.0,-27.453049
37.0,20.0,62.0,2.552935
20.0,37.0,62.0,2.552935
37.0,20.0,63.0,-5.6665115
20.0,37.0,63.0,-5.6665115
37.0,20.0,64.0,3.7660847
20.0,37.0,64.0,3.7660847
37.0,20.0,65.0,2.0097516
20.0,37.0,65.0,2.0097516
37.0,20.0,66.0,5.9372954
20.0,37.0,66.0,5.9372954
37.0,20.0,67.0,8.925026
20.0,37.0,67.0,8.925026
37.0,20.0,68.0,-24.365355
20.0,37.0,68.0,-24.365355
37.0,20.0,69.0,25.714102
20.0,37.0,69.0,25.714102
37.0,35.0,38.0,-11.785761
35.0,37.0,38.0,-11.785761
37.0,35.0,39.0,-3.9886153
35.0,37.0,39.0,-3.9886153
37.0,35.0,40.0,37.22126
35.0,37.0,40.0,37.22126
37.0,35.0,41.0,-1.1384472
35.0,37.0,41.0,-1.1384472
37.0,35.0,42.0,25.190302
35.0,37.0,42.0,25.190302
37.0,35.0,43.0,16.427515
35.0,37.0,43.0,16.427515
37.0,35.0,44.0,39.929947
35.0,37.0,44.0,39.929947
37.0,35.0,45.0,-8.079838
35.0,37.0,45.0,-8.079838
37.0,35.0,46.0,22.418676
35.0,37.0,46.0,22.418676
37.0,35.0,47.0,10.992164
35.0,37.0,47.0,10.992164
37.0,35.0,48.0,-8.721043
35.0,37.0,48.0,-8.721043
37.0,35.0,49.0,7.8589363
35.0,37.0,49.0,7.8589363
37.0,35.0,50.0,5.593512
35.0,37.0,50.0,5.593512
37.0,35.0,51.0,3.7659764
35.0,37.0,51.0,3.7659764
37.0,35.0,52.0,3.6075165
35.0,37.0,52.0,3.6075165
37.0,35.0,53.0,-15.5426035
35.0,37.0,53.0,-15.5426035
37.0,35.0,54.0,-2.5478575
35.0,37.0,54.0,-2.5478575
37.0,35.0,55.0,2.0458236
35.0,37.0,55.0,2.0458236
37.0,35.0,56.0,0.44465688
35.0,37.0,56.0,0.44465688
37.0,35.0,57.0,1.8223577
35.0,37.0,57.0,1.8223577
37.0,35.0,58.0,-4.230089
35.0,37.0,58.0,-4.230089
37.0,35.0,59.0,4.1694565
35.0,37.0,59.0,4.1694565
37.0,35.0,60.0,11.222972
35.0,37.0,60.0,11.222972
37.0,35.0,61.0,1.4062858
35.0,37.0,61.0,1.4062858
37.0,35.0,62.0,19.711649
35.0,37.0,62.0,19.711649
37.0,35.0,63.0,18.51833
35.0,37.0,63.0,18.51833
37.0,35.0,64.0,8.70527
35.0,37.0,64.0,8.70527
37.0,35.0,65.0,3.7039418
35.0,37.0,65.0,3.7039418
37.0,35.0,66.0,3.8008056
35.0,37.0,66.0,3.8008056
37.0,35.0,67.0,0.7504163
35.0,37.0,67.0,0.7504163
37.0,35.0,68.0,-3.3478477
35.0,37.0,68.0,-3.3478477
37.0,35.0,69.0,39.85968
35.0,37.0,69.0,39.85968
37.0,15.0,38.0,3.2932205
15.0,37.0,38.0,3.2932205
37.0,15.0,39.0,22.159513
15.0,37.0,39.0,22.159513
37.0,15.0,40.0,4.400528
15.0,37.0,40.0,4.400528
37.0,15.0,41.0,12.325525
15.0,37.0,41.0,12.325525
37.0,15.0,42.0,11.946725
15.0,37.0,42.0,11.946725
37.0,15.0,43.0,-1.431525
15.0,37.0,43.0,-1.431525
37.0,15.0,44.0,5.773077
15.0,37.0,44.0,5.773077
37.0,15.0,45.0,-3.752903
15.0,37.0,45.0,-3.752903
37.0,15.0,46.0,-0.366034
15.0,37.0,46.0,-0.366034
37.0,15.0,47.0,4.950517
15.0,37.0,47.0,4.950517
37.0,15.0,48.0,49.120937
15.0,37.0,48.0,49.120937
37.0,15.0,49.0,-2.2943692
15.0,37.0,49.0,-2.2943692
37.0,15.0,50.0,-1.1904488
15.0,37.0,50.0,-1.1904488
37.0,15.0,51.0,-18.226954
15.0,37.0,51.0,-18.226954
37.0,15.0,52.0,-3.323478
15.0,37.0,52.0,-3.323478
37.0,15.0,53.0,7.8571587
15.0,37.0,53.0,7.8571587
37.0,15.0,54.0,-15.3033695
15.0,37.0,54.0,-15.3033695
37.0,15.0,55.0,3.9467568
15.0,37.0,55.0,3.9467568
37.0,15.0,56.0,31.622244
15.0,37.0,56.0,31.622244
37.0,15.0,57.0,-10.327087
15.0,37.0,57.0,-10.327087
37.0,15.0,58.0,29.1359
15.0,37.0,58.0,29.1359
37.0,15.0,59.0,31.903135
15.0,37.0,59.0,31.903135
37.0,15.0,60.0,9.880033
15.0,37.0,60.0,9.880033
37.0,15.0,61.0,-14.484181
15.0,37.0,61.0,-14.484181
37.0,15.0,62.0,3.8421276
15.0,37.0,62.0,3.8421276
37.0,15.0,63.0,5.152034
15.0,37.0,63.0,5.152034
37.0,15.0,64.0,6.985951
15.0,37.0,64.0,6.985951
37.0,15.0,65.0,1.8538741
15.0,37.0,65.0,1.8538741
37.0,15.0,66.0,-3.2629848
15.0,37.0,66.0,-3.2629848
37.0,15.0,67.0,29.474716
15.0,37.0,67.0,29.474716
37.0,15.0,68.0,-7.986509
15.0,37.0,68.0,-7.986509
37.0,15.0,69.0,28.389133
15.0,37.0,69.0,28.389133
37.0,21.0,38.0,13.139628
21.0,37.0,38.0,13.139628
37.0,21.0,39.0,10.759619
21.0,37.0,39.0,10.759619
37.0,21.0,40.0,10.519521
21.0,37.0,40.0,10.519521
37.0,21.0,41.0,3.4036028
21.0,37.0,41.0,3.4036028
37.0,21.0,42.0,-10.351501
21.0,37.0,42.0,-10.351501
37.0,21.0,43.0,-8.409556
21.0,37.0,43.0,-8.409556
37.0,21.0,44.0,-6.947626
21.0,37.0,44.0,-6.947626
37.0,21.0,45.0,-4.434408
21.0,37.0,45.0,-4.434408
37.0,21.0,46.0,-4.926631
21.0,37.0,46.0,-4.926631
37.0,21.0,47.0,1.9504095
21.0,37.0,47.0,1.9504095
37.0,21.0,48.0,7.102347
21.0,37.0,48.0,7.102347
37.0,21.0,49.0,-22.559757
21.0,37.0,49.0,-22.559757
37.0,21.0,50.0,-3.3101034
21.0,37.0,50.0,-3.3101034
37.0,21.0,51.0,20.28007
21.0,37.0,51.0,20.28007
37.0,21.0,52.0,-14.415697
21.0,37.0,52.0,-14.415697
37.0,21.0,53.0,9.87549
21.0,37.0,53.0,9.87549
37.0,21.0,54.0,-4.5380054
21.0,37.0,54.0,-4.5380054
37.0,21.0,55.0,-0.42203465
21.0,37.0,55.0,-0.42203465
37.0,21.0,56.0,18.014482
21.0,37.0,56.0,18.014482
37.0,21.0,57.0,-9.96195
21.0,37.0,57.0,-9.96195
37.0,21.0,58.0,12.598224
21.0,37.0,58.0,12.598224
37.0,21.0,59.0,7.0270247
21.0,37.0,59.0,7.0270247
37.0,21.0,60.0,5.6195207
21.0,37.0,60.0,5.6195207
37.0,21.0,61.0,6.7697678
21.0,37.0,61.0,6.7697678
37.0,21.0,62.0,7.8445706
21.0,37.0,62.0,7.8445706
37.0,21.0,63.0,-0.098812774
21.0,37.0,63.0,-0.098812774
37.0,21.0,64.0,0.45804614
21.0,37.0,64.0,0.45804614
37.0,21.0,65.0,-1.3070775
21.0,37.0,65.0,-1.3070775
37.0,21.0,66.0,-19.4524
21.0,37.0,66.0,-19.4524
37.0,21.0,67.0,-14.145912
21.0,37.0,67.0,-14.145912
37.0,21.0,68.0,-2.6266747
21.0,37.0,68.0,-2.6266747
37.0,21.0,69.0,28.418697
21.0,37.0,69.0,28.418697
37.0,16.0,38.0,10.23159
16.0,37.0,38.0,10.23159
37.0,16.0,39.0,4.250217
16.0,37.0,39.0,4.250217
37.0,16.0,40.0,13.672643
16.0,37.0,40.0,13.672643
37.0,16.0,41.0,8.270381
16.0,37.0,41.0,8.270381
37.0,16.0,42.0,3.4103117
16.0,37.0,42.0,3.4103117
37.0,16.0,43.0,2.6086235
16.0,37.0,43.0,2.6086235
37.0,16.0,44.0,3.9830618
16.0,37.0,44.0,3.9830618
37.0,16.0,45.0,10.104065
16.0,37.0,45.0,10.104065
37.0,16.0,46.0,1.7056215
16.0,37.0,46.0,1.7056215
37.0,16.0,47.0,3.5441644
16.0,37.0,47.0,3.5441644
37.0,16.0,48.0,5.622844
16.0,37.0,48.0,5.622844
37.0,16.0,49.0,-5.475117
16.0,37.0,49.0,-5.475117
37.0,16.0,50.0,-0.8200166
16.0,37.0,50.0,-0.8200166
37.0,16.0,51.0,-7.73949
16.0,37.0,51.0,-7.73949
37.0,16.0,52.0,5.5036707
16.0,37.0,52.0,5.5036707
37.0,16.0,53.0,3.4715428
16.0,37.0,53.0,3.4715428
37.0,16.0,54.0,3.8661027
16.0,37.0,54.0,3.8661027
37.0,16.0,55.0,15.559739
16.0,37.0,55.0,15.559739
37.0,16.0,56.0,11.684746
16.0,37.0,56.0,11.684746
37.0,16.0,57.0,3.21411
16.0,37.0,57.0,3.21411
37.0,16.0,58.0,-23.707829
16.0,37.0,58.0,-23.707829
37.0,16.0,59.0,15.338572
16.0,37.0,59.0,15.338572
37.0,16.0,60.0,6.829991
16.0,37.0,60.0,6.829991
37.0,16.0,61.0,1.2167017
16.0,37.0,61.0,1.2167017
37.0,16.0,62.0,7.516178
16.0,37.0,62.0,7.516178
37.0,16.0,63.0,12.184709
16.0,37.0,63.0,12.184709
37.0,16.0,64.0,22.30815
16.0,37.0,64.0,22.30815
37.0,16.0,65.0,9.477599
16.0,37.0,65.0,9.477599
37.0,16.0,66.0,0.6504153
16.0,37.0,66.0,0.6504153
37.0,16.0,67.0,16.719933
16.0,37.0,67.0,16.719933
37.0,16.0,68.0,4.171054
16.0,37.0,68.0,4.171054
37.0,16.0,69.0,1.2102741
16.0,37.0,69.0,1.2102741
37.0,17.0,38.0,9.024975
17.0,37.0,38.0,9.024975
37.0,17.0,39.0,3.8861148
17.0,37.0,39.0,3.8861148
37.0,17.0,40.0,12.680819
17.0,37.0,40.0,12.680819
37.0,17.0,41.0,6.133953
17.0,37.0,41.0,6.133953
37.0,17.0,42.0,12.854849
17.0,37.0,42.0,12.854849
37.0,17.0,43.0,-4.757423
17.0,37.0,43.0,-4.757423
37.0,17.0,44.0,13.458553
17.0,37.0,44.0,13.458553
37.0,17.0,45.0,9.101099
17.0,37.0,45.0,9.101099
37.0,17.0,46.0,7.891676
17.0,37.0,46.0,7.891676
37.0,17.0,47.0,13.832616
17.0,37.0,47.0,13.832616
37.0,17.0,48.0,-1.3157096
17.0,37.0,48.0,-1.3157096
37.0,17.0,49.0,3.8226423
17.0,37.0,49.0,3.8226423
37.0,17.0,50.0,5.5767345
17.0,37.0,50.0,5.5767345
37.0,17.0,51.0,6.7131224
17.0,37.0,51.0,6.7131224
37.0,17.0,52.0,-6.919209
17.0,37.0,52.0,-6.919209
37.0,17.0,53.0,7.0290184
17.0,37.0,53.0,7.0290184
37.0,17.0,54.0,4.86056
17.0,37.0,54.0,4.86056
37.0,17.0,55.0,16.465397
17.0,37.0,55.0,16.465397
37.0,17.0,56.0,12.761361
17.0,37.0,56.0,12.761361
37.0,17.0,57.0,4.579398
17.0,37.0,57.0,4.579398
37.0,17.0,58.0,6.958287
17.0,37.0,58.0,6.958287
37.0,17.0,59.0,8.691914
17.0,37.0,59.0,8.691914
37.0,17.0,60.0,2.8017704
17.0,37.0,60.0,2.8017704
37.0,17.0,61.0,-4.337527
17.0,37.0,61.0,-4.337527
37.0,17.0,62.0,8.958732
17.0,37.0,62.0,8.958732
37.0,17.0,63.0,2.450233
17.0,37.0,63.0,2.450233
37.0,17.0,64.0,0.5782777
17.0,37.0,64.0,0.5782777
37.0,17.0,65.0,2.7530823
17.0,37.0,65.0,2.7530823
37.0,17.0,66.0,-17.646433
17.0,37.0,66.0,-17.646433
37.0,17.0,67.0,40.42639
17.0,37.0,67.0,40.42639
37.0,17.0,68.0,18.932337
17.0,37.0,68.0,18.932337
37.0,17.0,69.0,16.855879
17.0,37.0,69.0,16.855879
37.0,18.0,38.0,3.312411
18.0,37.0,38.0,3.312411
37.0,18.0,39.0,-9.204505
18.0,37.0,39.0,-9.204505
37.0,18.0,40.0,-8.790643
18.0,37.0,40.0,-8.790643
37.0,18.0,41.0,-4.3723607
18.0,37.0,41.0,-4.3723607
37.0,18.0,42.0,3.2745857
18.0,37.0,42.0,3.2745857
37.0,18.0,43.0,-29.401365
18.0,37.0,43.0,-29.401365
37.0,18.0,44.0,-5.4504814
18.0,37.0,44.0,-5.4504814
37.0,18.0,45.0,-13.087072
18.0,37.0,45.0,-13.087072
37.0,18.0,46.0,-38.146404
18.0,37.0,46.0,-38.146404
37.0,18.0,47.0,-1.8637269
18.0,37.0,47.0,-1.8637269
37.0,18.0,48.0,1.4473188
18.0,37.0,48.0,1.4473188
37.0,18.0,49.0,-25.837214
18.0,37.0,49.0,-25.837214
37.0,18.0,50.0,1.3386226
18.0,37.0,50.0,1.3386226
37.0,18.0,51.0,-52.30396
18.0,37.0,51.0,-52.30396
37.0,18.0,52.0,-31.789257
18.0,37.0,52.0,-31.789257
37.0,18.0,53.0,-9.382786
18.0,37.0,53.0,-9.382786
37.0,18.0,54.0,-15.4219265
18.0,37.0,54.0,-15.4219265
37.0,18.0,55.0,-5.41354
18.0,37.0,55.0,-5.41354
37.0,18.0,56.0,-30.051256
18.0,37.0,56.0,-30.051256
37.0,18.0,57.0,-11.806641
18.0,37.0,57.0,-11.806641
37.0,18.0,58.0,-39.92453
18.0,37.0,58.0,-39.92453
37.0,18.0,59.0,-4.8304205
18.0,37.0,59.0,-4.8304205
37.0,18.0,60.0,0.03578976
18.0,37.0,60.0,0.03578976
37.0,18.0,61.0,-2.616085
18.0,37.0,61.0,-2.616085
37.0,18.0,62.0,15.479442
18.0,37.0,62.0,15.479442
37.0,18.0,63.0,-7.940254
18.0,37.0,63.0,-7.940254
37.0,18.0,64.0,-18.158504
18.0,37.0,64.0,-18.158504
37.0,18.0,65.0,1.3692311
18.0,37.0,65.0,1.3692311
37.0,18.0,66.0,-28.683535
18.0,37.0,66.0,-28.683535
37.0,18.0,67.0,-106.25664
18.0,37.0,67.0,-106.25664
37.0,18.0,68.0,-3.6838326
18.0,37.0,68.0,-3.6838326
37.0,18.0,69.0,3.6219816
18.0,37.0,69.0,3.6219816
37.0,22.0,38.0,4.909375
22.0,37.0,38.0,4.909375
37.0,22.0,39.0,10.785683
22.0,37.0,39.0,10.785683
37.0,22.0,40.0,-0.56760806
22.0,37.0,40.0,-0.56760806
37.0,22.0,41.0,14.689473
22.0,37.0,41.0,14.689473
37.0,22.0,42.0,5.3880343
22.0,37.0,42.0,5.3880343
37.0,22.0,43.0,5.4668713
22.0,37.0,43.0,5.4668713
37.0,22.0,44.0,8.082748
22.0,37.0,44.0,8.082748
37.0,22.0,45.0,9.999941
22.0,37.0,45.0,9.999941
37.0,22.0,46.0,-4.367385
22.0,37.0,46.0,-4.367385
37.0,22.0,47.0,13.951137
22.0,37.0,47.0,13.951137
37.0,22.0,48.0,-141.53505
22.0,37.0,48.0,-141.53505
37.0,22.0,49.0,8.603951
22.0,37.0,49.0,8.603951
37.0,22.0,50.0,12.231836
22.0,37.0,50.0,12.231836
37.0,22.0,51.0,0.49022454
22.0,37.0,51.0,0.49022454
37.0,22.0,52.0,5.914688
22.0,37.0,52.0,5.914688
37.0,22.0,53.0,16.317808
22.0,37.0,53.0,16.317808
37.0,22.0,54.0,11.581504
22.0,37.0,54.0,11.581504
37.0,22.0,55.0,11.938369
22.0,37.0,55.0,11.938369
37.0,22.0,56.0,-2.6781876
22.0,37.0,56.0,-2.6781876
37.0,22.0,57.0,2.8273566
22.0,37.0,57.0,2.8273566
37.0,22.0,58.0,12.020077
22.0,37.0,58.0,12.020077
37.0,22.0,59.0,-6.2612934
22.0,37.0,59.0,-6.2612934
37.0,22.0,60.0,9.0035305
22.0,37.0,60.0,9.0035305
37.0,22.0,61.0,4.883924
22.0,37.0,61.0,4.883924
37.0,22.0,62.0,9.180557
22.0,37.0,62.0,9.180557
37.0,22.0,63.0,9.277127
22.0,37.0,63.0,9.277127
37.0,22.0,64.0,2.6467915
22.0,37.0,64.0,2.6467915
37.0,22.0,65.0,19.832045
22.0,37.0,65.0,19.832045
37.0,22.0,66.0,8.629114
22.0,37.0,66.0,8.629114
37.0,22.0,67.0,16.270554
22.0,37.0,67.0,16.270554
37.0,22.0,68.0,3.071506
22.0,37.0,68.0,3.071506
37.0,22.0,69.0,54.937153
22.0,37.0,69.0,54.937153
37.0,36.0,38.0,33.853447
36.0,37.0,38.0,33.853447
37.0,36.0,39.0,-15.675954
36.0,37.0,39.0,-15.675954
37.0,36.0,40.0,-18.743755
36.0,37.0,40.0,-18.743755
37.0,36.0,41.0,-35.004505
36.0,37.0,41.0,-35.004505
37.0,36.0,42.0,-1.6772797
36.0,37.0,42.0,-1.6772797
37.0,36.0,43.0,6.9684463
36.0,37.0,43.0,6.9684463
37.0,36.0,44.0,-5.3385544
36.0,37.0,44.0,-5.3385544
37.0,36.0,45.0,-26.467838
36.0,37.0,45.0,-26.467838
37.0,36.0,46.0,-7.238563
36.0,37.0,46.0,-7.238563
37.0,36.0,47.0,-4.846277
36.0,37.0,47.0,-4.846277
37.0,36.0,48.0,-9.952797
36.0,37.0,48.0,-9.952797
37.0,36.0,49.0,-8.207479
36.0,37.0,49.0,-8.207479
37.0,36.0,50.0,-24.587984
36.0,37.0,50.0,-24.587984
37.0,36.0,51.0,-34.8547
36.0,37.0,51.0,-34.8547
37.0,36.0,52.0,-16.655928
36.0,37.0,52.0,-16.655928
37.0,36.0,53.0,-14.7396
36.0,37.0,53.0,-14.7396
37.0,36.0,54.0,-36.764652
36.0,37.0,54.0,-36.764652
37.0,36.0,55.0,-21.048637
36.0,37.0,55.0,-21.048637
37.0,36.0,56.0,23.38074
36.0,37.0,56.0,23.38074
37.0,36.0,57.0,-20.652222
36.0,37.0,57.0,-20.652222
37.0,36.0,58.0,-29.939476
36.0,37.0,58.0,-29.939476
37.0,36.0,59.0,-15.324427
36.0,37.0,59.0,-15.324427
37.0,36.0,60.0,3.408497
36.0,37.0,60.0,3.408497
37.0,36.0,61.0,-18.497152
36.0,37.0,61.0,-18.497152
37.0,36.0,62.0,-4.497508
36.0,37.0,62.0,-4.497508
37.0,36.0,63.0,-10.543239
36.0,37.0,63.0,-10.543239
37.0,36.0,64.0,3.1866064
36.0,37.0,64.0,3.1866064
37.0,36.0,65.0,-0.7909683
36.0,37.0,65.0,-0.7909683
37.0,36.0,66.0,-2.4019716
36.0,37.0,66.0,-2.4019716
37.0,36.0,67.0,-34.70847
36.0,37.0,67.0,-34.70847
37.0,36.0,68.0,-13.0630665
36.0,37.0,68.0,-13.0630665
37.0,36.0,69.0,18.277761
36.0,37.0,69.0,18.277761
37.0,25.0,38.0,-18.884476
25.0,37.0,38.0,-18.884476
37.0,25.0,39.0,-11.090763
25.0,37.0,39.0,-11.090763
37.0,25.0,40.0,3.3124273
25.0,37.0,40.0,3.3124273
37.0,25.0,41.0,-30.874605
25.0,37.0,41.0,-30.874605
37.0,25.0,42.0,3.1199687
25.0,37.0,42.0,3.1199687
37.0,25.0,43.0,-13.27039
25.0,37.0,43.0,-13.27039
37.0,25.0,44.0,11.127741
25.0,37.0,44.0,11.127741
37.0,25.0,45.0,-22.021982
25.0,37.0,45.0,-22.021982
37.0,25.0,46.0,-14.057543
25.0,37.0,46.0,-14.057543
37.0,25.0,47.0,-18.371927
25.0,37.0,47.0,-18.371927
37.0,25.0,48.0,3.4092345
25.0,37.0,48.0,3.4092345
37.0,25.0,49.0,-0.18855938
25.0,37.0,49.0,-0.18855938
37.0,25.0,50.0,3.157986
25.0,37.0,50.0,3.157986
37.0,25.0,51.0,-31.268057
25.0,37.0,51.0,-31.268057
37.0,25.0,52.0,7.0717554
25.0,37.0,52.0,7.0717554
37.0,25.0,53.0,-19.487791
25.0,37.0,53.0,-19.487791
37.0,25.0,54.0,-10.071992
25.0,37.0,54.0,-10.071992
37.0,25.0,55.0,-2.3405063
25.0,37.0,55.0,-2.3405063
37.0,25.0,56.0,-4.512732
25.0,37.0,56.0,-4.512732
37.0,25.0,57.0,23.691484
25.0,37.0,57.0,23.691484
37.0,25.0,58.0,-34.51792
25.0,37.0,58.0,-34.51792
37.0,25.0,59.0,-16.69383
25.0,37.0,59.0,-16.69383
37.0,25.0,60.0,-11.042636
25.0,37.0,60.0,-11.042636
37.0,25.0,61.0,-15.322637
25.0,37.0,61.0,-15.322637
37.0,25.0,62.0,5.200143
25.0,37.0,62.0,5.200143
37.0,25.0,63.0,7.2449436
25.0,37.0,63.0,7.2449436
37.0,25.0,64.0,1.5315446
25.0,37.0,64.0,1.5315446
37.0,25.0,65.0,-2.5598114
25.0,37.0,65.0,-2.5598114
37.0,25.0,66.0,-15.26962
25.0,37.0,66.0,-15.26962
37.0,25.0,67.0,-9.730919
25.0,37.0,67.0,-9.730919
37.0,25.0,68.0,-16.303892
25.0,37.0,68.0,-16.303892
37.0,25.0,69.0,-5.0697646
25.0,37.0,69.0,-5.0697646
37.0,19.0,38.0,-3.004406
19.0,37.0,38.0,-3.004406
37.0,19.0,39.0,15.936599
19.0,37.0,39.0,15.936599
37.0,19.0,40.0,-0.726728
19.0,37.0,40.0,-0.726728
37.0,19.0,41.0,-16.528973
19.0,37.0,41.0,-16.528973
37.0,19.0,42.0,-87.10152
19.0,37.0,42.0,-87.10152
37.0,19.0,43.0,34.24375
19.0,37.0,43.0,34.24375
37.0,19.0,44.0,-6.751959
19.0,37.0,44.0,-6.751959
37.0,19.0,45.0,12.482042
19.0,37.0,45.0,12.482042
37.0,19.0,46.0,0.44442984
19.0,37.0,46.0,0.44442984
37.0,19.0,47.0,21.739422
19.0,37.0,47.0,21.739422
37.0,19.0,48.0,-49.741035
19.0,37.0,48.0,-49.741035
37.0,19.0,49.0,10.413559
19.0,37.0,49.0,10.413559
37.0,19.0,50.0,5.9532824
19.0,37.0,50.0,5.9532824
37.0,19.0,51.0,-92.628136
19.0,37.0,51.0,-92.628136
37.0,19.0,52.0,17.795736
19.0,37.0,52.0,17.795736
37.0,19.0,53.0,22.524595
19.0,37.0,53.0,22.524595
37.0,19.0,54.0,-5.4855447
19.0,37.0,54.0,-5.4855447
37.0,19.0,55.0,0.6293418
19.0,37.0,55.0,0.6293418
37.0,19.0,56.0,-12.250596
19.0,37.0,56.0,-12.250596
37.0,19.0,57.0,-5.7152395
19.0,37.0,57.0,-5.7152395
37.0,19.0,58.0,36.563156
19.0,37.0,58.0,36.563156
37.0,19.0,59.0,21.527409
19.0,37.0,59.0,21.527409
37.0,19.0,60.0,21.871826
19.0,37.0,60.0,21.871826
37.0,19.0,61.0,4.6309752
19.0,37.0,61.0,4.6309752
37.0,19.0,62.0,16.610062
19.0,37.0,62.0,16.610062
37.0,19.0,63.0,6.0591826
19.0,37.0,63.0,6.0591826
37.0,19.0,64.0,29.71243
19.0,37.0,64.0,29.71243
37.0,19.0,65.0,7.3525662
19.0,37.0,65.0,7.3525662
37.0,19.0,66.0,23.443775
19.0,37.0,66.0,23.443775
37.0,19.0,67.0,28.384417
19.0,37.0,67.0,28.384417
37.0,19.0,68.0,9.594567
19.0,37.0,68.0,9.594567
37.0,19.0,69.0,38.092236
19.0,37.0,69.0,38.092236
11.0,0.0,38.0,-21.709585
0.0,11.0,38.0,-21.709585
11.0,0.0,39.0,-15.066827
0.0,11.0,39.0,-15.066827
11.0,0.0,40.0,-20.256804
0.0,11.0,40.0,-20.256804
11.0,0.0,41.0,-9.721449
0.0,11.0,41.0,-9.721449
11.0,0.0,42.0,2.7751858
0.0,11.0,42.0,2.7751858
11.0,0.0,43.0,-10.4230585
0.0,11.0,43.0,-10.4230585
11.0,0.0,44.0,-6.55224
0.0,11.0,44.0,-6.55224
11.0,0.0,45.0,-2.9684799
0.0,11.0,45.0,-2.9684799
11.0,0.0,46.0,-27.390125
0.0,11.0,46.0,-27.390125
11.0,0.0,47.0,8.804011
0.0,11.0,47.0,8.804011
11.0,0.0,48.0,-50.2162
0.0,11.0,48.0,-50.2162
11.0,0.0,49.0,-10.491603
0.0,11.0,49.0,-10.491603
11.0,0.0,50.0,-3.4156191
0.0,11.0,50.0,-3.4156191
11.0,0.0,51.0,-10.980949
0.0,11.0,51.0,-10.980949
11.0,0.0,52.0,-15.650877
0.0,11.0,52.0,-15.650877
11.0,0.0,53.0,-3.1934965
0.0,11.0,53.0,-3.1934965
11.0,0.0,54.0,-8.993708
0.0,11.0,54.0,-8.993708
11.0,0.0,55.0,-8.596831
0.0,11.0,55.0,-8.596831
11.0,0.0,56.0,10.91475
0.0,11.0,56.0,10.91475
11.0,0.0,57.0,0.23490675
0.0,11.0,57.0,0.23490675
11.0,0.0,58.0,10.025425
0.0,11.0,58.0,10.025425
11.0,0.0,59.0,-0.29372278
0.0,11.0,59.0,-0.29372278
11.0,0.0,60.0,-6.944776
0.0,11.0,60.0,-6.944776
11.0,0.0,61.0,-2.1465008
0.0,11.0,61.0,-2.1465008
11.0,0.0,62.0,-3.0599675
0.0,11.0,62.0,-3.0599675
11.0,0.0,63.0,-6.998019
0.0,11.0,63.0,-6.998019
11.0,0.0,64.0,0.17021365
0.0,11.0,64.0,0.17021365
11.0,0.0,65.0,-4.8188076
0.0,11.0,65.0,-4.8188076
11.0,0.0,66.0,-60.441116
0.0,11.0,66.0,-60.441116
11.0,0.0,67.0,-0.19848949
0.0,11.0,67.0,-0.19848949
11.0,0.0,68.0,-14.40391
0.0,11.0,68.0,-14.40391
11.0,0.0,69.0,-3.4814668
0.0,11.0,69.0,-3.4814668
11.0,2.0,38.0,0.5731306
2.0,11.0,38.0,0.5731306
11.0,2.0,39.0,10.713215
2.0,11.0,39.0,10.713215
11.0,2.0,40.0,45.063145
2.0,11.0,40.0,45.063145
11.0,2.0,41.0,16.191118
2.0,11.0,41.0,16.191118
11.0,2.0,42.0,17.266352
2.0,11.0,42.0,17.266352
11.0,2.0,43.0,9.308679
2.0,11.0,43.0,9.308679
11.0,2.0,44.0,7.6791534
2.0,11.0,44.0,7.6791534
11.0,2.0,45.0,13.697075
2.0,11.0,45.0,13.697075
11.0,2.0,46.0,22.514233
2.0,11.0,46.0,22.514233
11.0,2.0,47.0,19.627075
2.0,11.0,47.0,19.627075
11.0,2.0,48.0,67.30454
2.0,11.0,48.0,67.30454
11.0,2.0,49.0,13.131269
2.0,11.0,49.0,13.131269
11.0,2.0,50.0,22.999006
2.0,11.0,50.0,22.999006
11.0,2.0,51.0,13.119232
2.0,11.0,51.0,13.119232
11.0,2.0,52.0,7.677864
2.0,11.0,52.0,7.677864
11.0,2.0,53.0,14.893657
2.0,11.0,53.0,14.893657
11.0,2.0,54.0,-4.5279183
2.0,11.0,54.0,-4.5279183
11.0,2.0,55.0,13.266736
2.0,11.0,55.0,13.266736
11.0,2.0,56.0,11.144235
2.0,11.0,56.0,11.144235
11.0,2.0,57.0,10.681927
2.0,11.0,57.0,10.681927
11.0,2.0,58.0,18.889904
2.0,11.0,58.0,18.889904
11.0,2.0,59.0,3.9921987
2.0,11.0,59.0,3.9921987
11.0,2.0,60.0,13.937383
2.0,11.0,60.0,13.937383
11.0,2.0,61.0,17.486897
2.0,11.0,61.0,17.486897
11.0,2.0,62.0,25.039698
2.0,11.0,62.0,25.039698
11.0,2.0,63.0,16.10967
2.0,11.0,63.0,16.10967
11.0,2.0,64.0,5.5750546
2.0,11.0,64.0,5.5750546
11.0,2.0,65.0,5.094878
2.0,11.0,65.0,5.094878
11.0,2.0,66.0,11.033322
2.0,11.0,66.0,11.033322
11.0,2.0,67.0,110.10873
2.0,11.0,67.0,110.10873
11.0,2.0,68.0,17.191935
2.0,11.0,68.0,17.191935
11.0,2.0,69.0,21.143517
2.0,11.0,69.0,21.143517
11.0,3.0,38.0,1.3616958
3.0,11.0,38.0,1.3616958
11.0,3.0,39.0,-10.396747
3.0,11.0,39.0,-10.396747
11.0,3.0,40.0,-22.390116
3.0,11.0,40.0,-22.390116
11.0,3.0,41.0,-8.639954
3.0,11.0,41.0,-8.639954
11.0,3.0,42.0,-15.158261
3.0,11.0,42.0,-15.158261
11.0,3.0,43.0,2.910124
3.0,11.0,43.0,2.910124
11.0,3.0,44.0,-19.959164
3.0,11.0,44.0,-19.959164
11.0,3.0,45.0,1.8716056
3.0,11.0,45.0,1.8716056
11.0,3.0,46.0,-153.94067
3.0,11.0,46.0,-153.94067
11.0,3.0,47.0,-17.709528
3.0,11.0,47.0,-17.709528
11.0,3.0,48.0,-151.23091
3.0,11.0,48.0,-151.23091
11.0,3.0,49.0,4.8447943
3.0,11.0,49.0,4.8447943
11.0,3.0,50.0,11.388014
3.0,11.0,50.0,11.388014
11.0,3.0,51.0,36.179462
3.0,11.0,51.0,36.179462
11.0,3.0,52.0,-20.680817
3.0,11.0,52.0,-20.680817
11.0,3.0,53.0,21.45523
3.0,11.0,53.0,21.45523
11.0,3.0,54.0,-4.951219
3.0,11.0,54.0,-4.951219
11.0,3.0,55.0,-32.433487
3.0,11.0,55.0,-32.433487
11.0,3.0,56.0,5.2910757
3.0,11.0,56.0,5.2910757
11.0,3.0,57.0,-4.5762186
3.0,11.0,57.0,-4.5762186
11.0,3.0,58.0,12.632052
3.0,11.0,58.0,12.632052
11.0,3.0,59.0,-13.1038685
3.0,11.0,59.0,-13.1038685
11.0,3.0,60.0,8.153918
3.0,11.0,60.0,8.153918
11.0,3.0,61.0,-12.094414
3.0,11.0,61.0,-12.094414
11.0,3.0,62.0,-1.8572476
3.0,11.0,62.0,-1.8572476
11.0,3.0,63.0,-13.014227
3.0,11.0,63.0,-13.014227
11.0,3.0,64.0,3.5281746
3.0,11.0,64.0,3.5281746
11.0,3.0,65.0,0.8189501
3.0,11.0,65.0,0.8189501
11.0,3.0,66.0,-154.43758
3.0,11.0,66.0,-154.43758
11.0,3.0,67.0,-11.229553
3.0,11.0,67.0,-11.229553
11.0,3.0,68.0,-3.5835164
3.0,11.0,68.0,-3.5835164
11.0,3.0,69.0,-8.953781
3.0,11.0,69.0,-8.953781
11.0,4.0,38.0,15.121054
4.0,11.0,38.0,15.121054
11.0,4.0,39.0,65.13696
4.0,11.0,39.0,65.13696
11.0,4.0,40.0,31.838802
4.0,11.0,40.0,31.838802
11.0,4.0,41.0,20.337748
4.0,11.0,41.0,20.337748
11.0,4.0,42.0,15.459928
4.0,11.0,42.0,15.459928
11.0,4.0,43.0,33.78314
4.0,11.0,43.0,33.78314
11.0,4.0,44.0,-4.52086
4.0,11.0,44.0,-4.52086
11.0,4.0,45.0,-4.7255664
4.0,11.0,45.0,-4.7255664
11.0,4.0,46.0,-38.137917
4.0,11.0,46.0,-38.137917
11.0,4.0,47.0,26.433077
4.0,11.0,47.0,26.433077
11.0,4.0,48.0,23.457348
4.0,11.0,48.0,23.457348
11.0,4.0,49.0,34.29853
4.0,11.0,49.0,34.29853
11.0,4.0,50.0,28.896805
4.0,11.0,50.0,28.896805
11.0,4.0,51.0,90.80406
4.0,11.0,51.0,90.80406
11.0,4.0,52.0,30.818657
4.0,11.0,52.0,30.818657
11.0,4.0,53.0,-48.853077
4.0,11.0,53.0,-48.853077
11.0,4.0,54.0,11.338479
4.0,11.0,54.0,11.338479
11.0,4.0,55.0,55.17164
4.0,11.0,55.0,55.17164
11.0,4.0,56.0,-8.176942
4.0,11.0,56.0,-8.176942
11.0,4.0,57.0,-5.875723
4.0,11.0,57.0,-5.875723
11.0,4.0,58.0,77.732086
4.0,11.0,58.0,77.732086
11.0,4.0,59.0,26.557829
4.0,11.0,59.0,26.557829
11.0,4.0,60.0,23.735355
4.0,11.0,60.0,23.735355
11.0,4.0,61.0,17.573298
4.0,11.0,61.0,17.573298
11.0,4.0,62.0,-23.270052
4.0,11.0,62.0,-23.270052
11.0,4.0,63.0,0.92496747
4.0,11.0,63.0,0.92496747
11.0,4.0,64.0,-5.5194154
4.0,11.0,64.0,-5.5194154
11.0,4.0,65.0,37.05634
4.0,11.0,65.0,37.05634
11.0,4.0,66.0,19.008627
4.0,11.0,66.0,19.008627
11.0,4.0,67.0,-15.383957
4.0,11.0,67.0,-15.383957
11.0,4.0,68.0,4.8564386
4.0,11.0,68.0,4.8564386
11.0,4.0,69.0,29.842766
4.0,11.0,69.0,29.842766
11.0,5.0,38.0,-3.3243916
5.0,11.0,38.0,-3.3243916
11.0,5.0,39.0,5.874174
5.0,11.0,39.0,5.874174
11.0,5.0,40.0,-12.757106
5.0,11.0,40.0,-12.757106
11.0,5.0,41.0,-5.5123672
5.0,11.0,41.0,-5.5123672
11.0,5.0,42.0,-15.088253
5.0,11.0,42.0,-15.088253
11.0,5.0,43.0,-13.266428
5.0,11.0,43.0,-13.266428
11.0,5.0,44.0,-18.769217
5.0,11.0,44.0,-18.769217
11.0,5.0,45.0,-8.471551
5.0,11.0,45.0,-8.471551
11.0,5.0,46.0,-6.7525883
5.0,11.0,46.0,-6.7525883
11.0,5.0,47.0,-5.78494
5.0,11.0,47.0,-5.78494
11.0,5.0,48.0,-1.8701288
5.0,11.0,48.0,-1.8701288
11.0,5.0,49.0,-12.535976
5.0,11.0,49.0,-12.535976
11.0,5.0,50.0,2.3345199
5.0,11.0,50.0,2.3345199
11.0,5.0,51.0,-2.5557382
5.0,11.0,51.0,-2.5557382
11.0,5.0,52.0,2.2614138
5.0,11.0,52.0,2.2614138
11.0,5.0,53.0,10.50222
5.0,11.0,53.0,10.50222
11.0,5.0,54.0,-12.952143
5.0,11.0,54.0,-12.952143
11.0,5.0,55.0,-11.571835
5.0,11.0,55.0,-11.571835
11.0,5.0,56.0,-0.46398002
5.0,11.0,56.0,-0.46398002
11.0,5.0,57.0,-19.65876
5.0,11.0,57.0,-19.65876
11.0,5.0,58.0,10.9243765
5.0,11.0,58.0,10.9243765
11.0,5.0,59.0,-7.550273
5.0,11.0,59.0,-7.550273
11.0,5.0,60.0,1.1896954
5.0,11.0,60.0,1.1896954
11.0,5.0,61.0,-1.4308167
5.0,11.0,61.0,-1.4308167
11.0,5.0,62.0,-6.96043
5.0,11.0,62.0,-6.96043
11.0,5.0,63.0,0.1269234
5.0,11.0,63.0,0.1269234
11.0,5.0,64.0,1.251937
5.0,11.0,64.0,1.251937
11.0,5.0,65.0,-6.1380014
5.0,11.0,65.0,-6.1380014
11.0,5.0,66.0,-18.834324
5.0,11.0,66.0,-18.834324
11.0,5.0,67.0,-28.797794
5.0,11.0,67.0,-28.797794
11.0,5.0,68.0,-0.10404079
5.0,11.0,68.0,-0.10404079
11.0,5.0,69.0,8.542396
5.0,11.0,69.0,8.542396
11.0,6.0,38.0,13.739879
6.0,11.0,38.0,13.739879
11.0,6.0,39.0,4.926175
6.0,11.0,39.0,4.926175
11.0,6.0,40.0,11.320342
6.0,11.0,40.0,11.320342
11.0,6.0,41.0,-8.675867
6.0,11.0,41.0,-8.675867
11.0,6.0,42.0,1.0709378
6.0,11.0,42.0,1.0709378
11.0,6.0,43.0,9.450577
6.0,11.0,43.0,9.450577
11.0,6.0,44.0,-8.090372
6.0,11.0,44.0,-8.090372
11.0,6.0,45.0,1.2049971
6.0,11.0,45.0,1.2049971
11.0,6.0,46.0,4.5082603
6.0,11.0,46.0,4.5082603
11.0,6.0,47.0,16.453583
6.0,11.0,47.0,16.453583
11.0,6.0,48.0,-15.226973
6.0,11.0,48.0,-15.226973
11.0,6.0,49.0,16.410265
6.0,11.0,49.0,16.410265
11.0,6.0,50.0,12.5787735
6.0,11.0,50.0,12.5787735
11.0,6.0,51.0,33.17163
6.0,11.0,51.0,33.17163
11.0,6.0,52.0,5.2902856
6.0,11.0,52.0,5.2902856
11.0,6.0,53.0,20.40127
6.0,11.0,53.0,20.40127
11.0,6.0,54.0,-6.6302285
6.0,11.0,54.0,-6.6302285
11.0,6.0,55.0,5.6604424
6.0,11.0,55.0,5.6604424
11.0,6.0,56.0,36.3794
6.0,11.0,56.0,36.3794
11.0,6.0,57.0,-10.556931
6.0,11.0,57.0,-10.556931
11.0,6.0,58.0,20.99783
6.0,11.0,58.0,20.99783
11.0,6.0,59.0,3.159157
6.0,11.0,59.0,3.159157
11.0,6.0,60.0,2.9501553
6.0,11.0,60.0,2.9501553
11.0,6.0,61.0,-2.4486194
6.0,11.0,61.0,-2.4486194
11.0,6.0,62.0,-3.5900552
6.0,11.0,62.0,-3.5900552
11.0,6.0,63.0,10.006667
6.0,11.0,63.0,10.006667
11.0,6.0,64.0,7.514789
6.0,11.0,64.0,7.514789
11.0,6.0,65.0,6.2989163
6.0,11.0,65.0,6.2989163
11.0,6.0,66.0,25.483427
6.0,11.0,66.0,25.483427
11.0,6.0,67.0,0.22706604
6.0,11.0,67.0,0.22706604
11.0,6.0,68.0,4.886919
6.0,11.0,68.0,4.886919
11.0,6.0,69.0,19.303507
6.0,11.0,69.0,19.303507
11.0,7.0,38.0,33.025726
7.0,11.0,38.0,33.025726
11.0,7.0,39.0,6.859487
7.0,11.0,39.0,6.859487
11.0,7.0,40.0,-23.728643
7.0,11.0,40.0,-23.728643
11.0,7.0,41.0,3.5153675
7.0,11.0,41.0,3.5153675
11.0,7.0,42.0,14.98426
7.0,11.0,42.0,14.98426
11.0,7.0,43.0,3.2470472
7.0,11.0,43.0,3.2470472
11.0,7.0,44.0,-1.2147576
7.0,11.0,44.0,-1.2147576
11.0,7.0,45.0,5.968614
7.0,11.0,45.0,5.968614
11.0,7.0,46.0,-192.37955
7.0,11.0,46.0,-192.37955
11.0,7.0,47.0,-1.8344162
7.0,11.0,47.0,-1.8344162
11.0,7.0,48.0,-146.86101
7.0,11.0,48.0,-146.86101
11.0,7.0,49.0,-17.26781
7.0,11.0,49.0,-17.26781
11.0,7.0,50.0,16.699982
7.0,11.0,50.0,16.699982
11.0,7.0,51.0,-9.004331
7.0,11.0,51.0,-9.004331
11.0,7.0,52.0,1.7164524
7.0,11.0,52.0,1.7164524
11.0,7.0,53.0,7.4235144
7.0,11.0,53.0,7.4235144
11.0,7.0,54.0,-14.190734
7.0,11.0,54.0,-14.190734
11.0,7.0,55.0,3.4185717
7.0,11.0,55.0,3.4185717
11.0,7.0,56.0,24.527542
7.0,11.0,56.0,24.527542
11.0,7.0,57.0,-6.191226
7.0,11.0,57.0,-6.191226
11.0,7.0,58.0,57.850945
7.0,11.0,58.0,57.850945
11.0,7.0,59.0,9.536357
7.0,11.0,59.0,9.536357
11.0,7.0,60.0,-2.7714834
7.0,11.0,60.0,-2.7714834
11.0,7.0,61.0,-2.8677928
7.0,11.0,61.0,-2.8677928
11.0,7.0,62.0,9.598745
7.0,11.0,62.0,9.598745
11.0,7.0,63.0,7.9613605
7.0,11.0,63.0,7.9613605
11.0,7.0,64.0,-6.6422677
7.0,11.0,64.0,-6.6422677
11.0,7.0,65.0,2.148309
7.0,11.0,65.0,2.148309
11.0,7.0,66.0,-159.29565
7.0,11.0,66.0,-159.29565
11.0,7.0,67.0,-21.712883
7.0,11.0,67.0,-21.712883
11.0,7.0,68.0,-15.757386
7.0,11.0,68.0,-15.757386
11.0,7.0,69.0,17.316814
7.0,11.0,69.0,17.316814
11.0,10.0,38.0,49.61826
10.0,11.0,38.0,49.61826
11.0,10.0,39.0,29.637358
10.0,11.0,39.0,29.637358
11.0,10.0,40.0,24.405096
10.0,11.0,40.0,24.405096
11.0,10.0,41.0,27.489624
10.0,11.0,41.0,27.489624
11.0,10.0,42.0,20.03478
10.0,11.0,42.0,20.03478
11.0,10.0,43.0,10.1247425
10.0,11.0,43.0,10.1247425
11.0,10.0,44.0,-0.14308934
10.0,11.0,44.0,-0.14308934
11.0,10.0,45.0,11.183163
10.0,11.0,45.0,11.183163
11.0,10.0,46.0,10.054459
10.0,11.0,46.0,10.054459
11.0,10.0,47.0,24.449862
10.0,11.0,47.0,24.449862
11.0,10.0,48.0,-1.1514034
10.0,11.0,48.0,-1.1514034
11.0,10.0,49.0,12.72684
10.0,11.0,49.0,12.72684
11.0,10.0,50.0,16.563765
10.0,11.0,50.0,16.563765
11.0,10.0,51.0,13.152575
10.0,11.0,51.0,13.152575
11.0,10.0,52.0,14.454078
10.0,11.0,52.0,14.454078
11.0,10.0,53.0,58.4267
10.0,11.0,53.0,58.4267
11.0,10.0,54.0,15.76993
10.0,11.0,54.0,15.76993
11.0,10.0,55.0,19.8478
10.0,11.0,55.0,19.8478
11.0,10.0,56.0,34.602867
10.0,11.0,56.0,34.602867
11.0,10.0,57.0,10.055602
10.0,11.0,57.0,10.055602
11.0,10.0,58.0,11.193266
10.0,11.0,58.0,11.193266
11.0,10.0,59.0,70.61191
10.0,11.0,59.0,70.61191
11.0,10.0,60.0,69.39351
10.0,11.0,60.0,69.39351
11.0,10.0,61.0,15.701419
10.0,11.0,61.0,15.701419
11.0,10.0,62.0,4.503926
10.0,11.0,62.0,4.503926
11.0,10.0,63.0,28.641256
10.0,11.0,63.0,28.641256
11.0,10.0,64.0,16.373554
10.0,11.0,64.0,16.373554
11.0,10.0,65.0,36.54412
10.0,11.0,65.0,36.54412
11.0,10.0,66.0,33.26789
10.0,11.0,66.0,33.26789
11.0,10.0,67.0,11.826623
10.0,11.0,67.0,11.826623
11.0,10.0,68.0,11.152839
10.0,11.0,68.0,11.152839
11.0,10.0,69.0,23.965004
10.0,11.0,69.0,23.965004
11.0,13.0,38.0,10.341076
13.0,11.0,38.0,10.341076
11.0,13.0,39.0,21.784502
13.0,11.0,39.0,21.784502
11.0,13.0,40.0,43.98027
13.0,11.0,40.0,43.98027
11.0,13.0,41.0,33.20122
13.0,11.0,41.0,33.20122
11.0,13.0,42.0,17.218706
13.0,11.0,42.0,17.218706
11.0,13.0,43.0,57.064785
13.0,11.0,43.0,57.064785
11.0,13.0,44.0,9.819854
13.0,11.0,44.0,9.819854
11.0,13.0,45.0,2.3863254
13.0,11.0,45.0,2.3863254
11.0,13.0,46.0,10.64765
13.0,11.0,46.0,10.64765
11.0,13.0,47.0,31.83648
13.0,11.0,47.0,31.83648
11.0,13.0,48.0,6.714483
13.0,11.0,48.0,6.714483
11.0,13.0,49.0,22.085575
13.0,11.0,49.0,22.085575
11.0,13.0,50.0,19.770899
13.0,11.0,50.0,19.770899
11.0,13.0,51.0,-6.9940624
13.0,11.0,51.0,-6.9940624
11.0,13.0,52.0,22.689028
13.0,11.0,52.0,22.689028
11.0,13.0,53.0,28.829468
13.0,11.0,53.0,28.829468
11.0,13.0,54.0,18.763645
13.0,11.0,54.0,18.763645
11.0,13.0,55.0,9.90923
13.0,11.0,55.0,9.90923
11.0,13.0,56.0,32.874847
13.0,11.0,56.0,32.874847
11.0,13.0,57.0,14.040018
13.0,11.0,57.0,14.040018
11.0,13.0,58.0,47.2674
13.0,11.0,58.0,47.2674
11.0,13.0,59.0,18.102873
13.0,11.0,59.0,18.102873
11.0,13.0,60.0,33.378765
13.0,11.0,60.0,33.378765
11.0,13.0,61.0,19.856554
13.0,11.0,61.0,19.856554
11.0,13.0,62.0,23.876347
13.0,11.0,62.0,23.876347
11.0,13.0,63.0,20.557762
13.0,11.0,63.0,20.557762
11.0,13.0,64.0,22.849411
13.0,11.0,64.0,22.849411
11.0,13.0,65.0,24.03651
13.0,11.0,65.0,24.03651
11.0,13.0,66.0,17.147587
13.0,11.0,66.0,17.147587
11.0,13.0,67.0,34.455986
13.0,11.0,67.0,34.455986
11.0,13.0,68.0,10.85462
13.0,11.0,68.0,10.85462
11.0,13.0,69.0,34.698135
13.0,11.0,69.0,34.698135
11.0,14.0,38.0,76.23094
14.0,11.0,38.0,76.23094
11.0,14.0,38.0,43.20821
14.0,11.0,38.0,43.20821
11.0,14.0,39.0,21.630695
14.0,11.0,39.0,21.630695
11.0,14.0,40.0,38.726303
14.0,11.0,40.0,38.726303
11.0,14.0,40.0,27.99296
14.0,11.0,40.0,27.99296
11.0,14.0,41.0,3.052012
14.0,11.0,41.0,3.052012
11.0,14.0,41.0,-12.058384
14.0,11.0,41.0,-12.058384
11.0,14.0,42.0,13.474436
14.0,11.0,42.0,13.474436
11.0,14.0,42.0,-4.776801
14.0,11.0,42.0,-4.776801
11.0,14.0,43.0,3.268603
14.0,11.0,43.0,3.268603
11.0,14.0,43.0,-12.039965
14.0,11.0,43.0,-12.039965
11.0,14.0,44.0,-20.682451
14.0,11.0,44.0,-20.682451
11.0,14.0,44.0,-53.03706
14.0,11.0,44.0,-53.03706
11.0,14.0,45.0,17.36959
14.0,11.0,45.0,17.36959
11.0,14.0,45.0,16.88338
14.0,11.0,45.0,16.88338
11.0,14.0,46.0,21.766352
14.0,11.0,46.0,21.766352
11.0,14.0,47.0,7.332799
14.0,11.0,47.0,7.332799
11.0,14.0,47.0,-5.4425793
14.0,11.0,47.0,-5.4425793
11.0,14.0,48.0,-12.098746
14.0,11.0,48.0,-12.098746
11.0,14.0,49.0,4.5397606
14.0,11.0,49.0,4.5397606
11.0,14.0,49.0,-25.490685
14.0,11.0,49.0,-25.490685
11.0,14.0,50.0,25.657774
14.0,11.0,50.0,25.657774
11.0,14.0,51.0,11.080321
14.0,11.0,51.0,11.080321
11.0,14.0,52.0,-0.02895417
14.0,11.0,52.0,-0.02895417
11.0,14.0,52.0,-14.938993
14.0,11.0,52.0,-14.938993
11.0,14.0,53.0,1.6245731
14.0,11.0,53.0,1.6245731
11.0,14.0,53.0,-28.5008
14.0,11.0,53.0,-28.5008
11.0,14.0,54.0,-1.4875251
14.0,11.0,54.0,-1.4875251
11.0,14.0,54.0,-7.9617343
14.0,11.0,54.0,-7.9617343
11.0,14.0,55.0,16.967554
14.0,11.0,55.0,16.967554
11.0,14.0,56.0,58.41662
14.0,11.0,56.0,58.41662
11.0,14.0,57.0,7.278463
14.0,11.0,57.0,7.278463
11.0,14.0,58.0,61.027798
14.0,11.0,58.0,61.027798
11.0,14.0,59.0,30.530931
14.0,11.0,59.0,30.530931
11.0,14.0,59.0,-7.999806
14.0,11.0,59.0,-7.999806
11.0,14.0,60.0,11.457003
14.0,11.0,60.0,11.457003
11.0,14.0,61.0,-6.4065237
14.0,11.0,61.0,-6.4065237
11.0,14.0,62.0,23.436893
14.0,11.0,62.0,23.436893
11.0,14.0,63.0,-1.7422506
14.0,11.0,63.0,-1.7422506
11.0,14.0,64.0,6.0850015
14.0,11.0,64.0,6.0850015
11.0,14.0,65.0,12.601343
14.0,11.0,65.0,12.601343
11.0,14.0,65.0,2.4870079
14.0,11.0,65.0,2.4870079
11.0,14.0,66.0,-11.453026
14.0,11.0,66.0,-11.453026
11.0,14.0,67.0,-14.813813
14.0,11.0,67.0,-14.813813
11.0,14.0,68.0,7.9143176
14.0,11.0,68.0,7.9143176
11.0,14.0,69.0,18.58372
14.0,11.0,69.0,18.58372
11.0,20.0,38.0,17.499395
20.0,11.0,38.0,17.499395
11.0,20.0,39.0,1.1420242
20.0,11.0,39.0,1.1420242
11.0,20.0,40.0,-13.124034
20.0,11.0,40.0,-13.124034
11.0,20.0,41.0,-12.084542
20.0,11.0,41.0,-12.084542
11.0,20.0,42.0,11.146909
20.0,11.0,42.0,11.146909
11.0,20.0,43.0,-0.9537671
20.0,11.0,43.0,-0.9537671
11.0,20.0,44.0,-11.943185
20.0,11.0,44.0,-11.943185
11.0,20.0,45.0,13.206114
20.0,11.0,45.0,13.206114
11.0,20.0,46.0,-12.904037
20.0,11.0,46.0,-12.904037
11.0,20.0,47.0,-2.3338747
20.0,11.0,47.0,-2.3338747
11.0,20.0,48.0,9.212821
20.0,11.0,48.0,9.212821
11.0,20.0,49.0,-17.716372
20.0,11.0,49.0,-17.716372
11.0,20.0,50.0,-7.027663
20.0,11.0,50.0,-7.027663
11.0,20.0,51.0,-4.0413465
20.0,11.0,51.0,-4.0413465
11.0,20.0,52.0,-6.860174
20.0,11.0,52.0,-6.860174
11.0,20.0,53.0,4.9488835
20.0,11.0,53.0,4.9488835
11.0,20.0,54.0,-15.557409
20.0,11.0,54.0,-15.557409
11.0,20.0,55.0,2.960805
20.0,11.0,55.0,2.960805
11.0,20.0,56.0,19.117498
20.0,11.0,56.0,19.117498
11.0,20.0,57.0,-24.319689
20.0,11.0,57.0,-24.319689
11.0,20.0,58.0,9.038514
20.0,11.0,58.0,9.038514
11.0,20.0,59.0,-15.348189
20.0,11.0,59.0,-15.348189
11.0,20.0,60.0,-6.0000534
20.0,11.0,60.0,-6.0000534
11.0,20.0,61.0,-26.167933
20.0,11.0,61.0,-26.167933
11.0,20.0,62.0,5.641686
20.0,11.0,62.0,5.641686
11.0,20.0,63.0,-5.896323
20.0,11.0,63.0,-5.896323
11.0,20.0,64.0,5.3093724
20.0,11.0,64.0,5.3093724
11.0,20.0,65.0,13.400167
20.0,11.0,65.0,13.400167
11.0,20.0,66.0,-1.2087604
20.0,11.0,66.0,-1.2087604
11.0,20.0,67.0,-8.252042
20.0,11.0,67.0,-8.252042
11.0,20.0,68.0,-22.610403
20.0,11.0,68.0,-22.610403
11.0,20.0,69.0,5.689409
20.0,11.0,69.0,5.689409
11.0,15.0,38.0,6.3581843
15.0,11.0,38.0,6.3581843
11.0,15.0,39.0,34.58358
15.0,11.0,39.0,34.58358
11.0,15.0,40.0,-0.77364266
15.0,11.0,40.0,-0.77364266
11.0,15.0,41.0,-10.845207
15.0,11.0,41.0,-10.845207
11.0,15.0,42.0,8.483733
15.0,11.0,42.0,8.483733
11.0,15.0,43.0,3.5452766
15.0,11.0,43.0,3.5452766
11.0,15.0,44.0,-2.1090872
15.0,11.0,44.0,-2.1090872
11.0,15.0,45.0,4.761916
15.0,11.0,45.0,4.761916
11.0,15.0,46.0,7.4068046
15.0,11.0,46.0,7.4068046
11.0,15.0,47.0,-2.4845784
15.0,11.0,47.0,-2.4845784
11.0,15.0,48.0,-17.882889
15.0,11.0,48.0,-17.882889
11.0,15.0,49.0,-2.8426147
15.0,11.0,49.0,-2.8426147
11.0,15.0,50.0,21.411066
15.0,11.0,50.0,21.411066
11.0,15.0,51.0,9.048642
15.0,11.0,51.0,9.048642
11.0,15.0,52.0,-10.391911
15.0,11.0,52.0,-10.391911
11.0,15.0,53.0,14.056232
15.0,11.0,53.0,14.056232
11.0,15.0,54.0,-2.8394961
15.0,11.0,54.0,-2.8394961
11.0,15.0,55.0,-8.926644
15.0,11.0,55.0,-8.926644
11.0,15.0,56.0,26.957731
15.0,11.0,56.0,26.957731
11.0,15.0,57.0,-9.756052
15.0,11.0,57.0,-9.756052
11.0,15.0,58.0,39.79809
15.0,11.0,58.0,39.79809
11.0,15.0,59.0,6.6245103
15.0,11.0,59.0,6.6245103
11.0,15.0,60.0,13.76071
15.0,11.0,60.0,13.76071
11.0,15.0,61.0,-3.0863414
15.0,11.0,61.0,-3.0863414
11.0,15.0,62.0,-3.4232566
15.0,11.0,62.0,-3.4232566
11.0,15.0,63.0,-18.767475
15.0,11.0,63.0,-18.767475
11.0,15.0,64.0,-0.068983145
15.0,11.0,64.0,-0.068983145
11.0,15.0,65.0,6.885429
15.0,11.0,65.0,6.885429
11.0,15.0,66.0,9.612781
15.0,11.0,66.0,9.612781
11.0,15.0,67.0,-8.539766
15.0,11.0,67.0,-8.539766
11.0,15.0,68.0,-14.947873
15.0,11.0,68.0,-14.947873
11.0,15.0,69.0,23.94091
15.0,11.0,69.0,23.94091
11.0,21.0,38.0,27.985586
21.0,11.0,38.0,27.985586
11.0,21.0,38.0,13.289887
21.0,11.0,38.0,13.289887
11.0,21.0,39.0,31.236052
21.0,11.0,39.0,31.236052
11.0,21.0,40.0,38.87869
21.0,11.0,40.0,38.87869
11.0,21.0,40.0,31.535511
21.0,11.0,40.0,31.535511
11.0,21.0,41.0,21.534435
21.0,11.0,41.0,21.534435
11.0,21.0,41.0,9.57813
21.0,11.0,41.0,9.57813
11.0,21.0,42.0,17.15562
21.0,11.0,42.0,17.15562
11.0,21.0,42.0,8.090313
21.0,11.0,42.0,8.090313
11.0,21.0,43.0,43.999123
21.0,11.0,43.0,43.999123
11.0,21.0,43.0,3.9628682
21.0,11.0,43.0,3.9628682
11.0,21.0,44.0,22.435053
21.0,11.0,44.0,22.435053
11.0,21.0,44.0,22.683262
21.0,11.0,44.0,22.683262
11.0,21.0,45.0,35.1075
21.0,11.0,45.0,35.1075
11.0,21.0,45.0,25.636045
21.0,11.0,45.0,25.636045
11.0,21.0,46.0,15.629092
21.0,11.0,46.0,15.629092
11.0,21.0,47.0,16.88733
21.0,11.0,47.0,16.88733
11.0,21.0,47.0,-6.770739
21.0,11.0,47.0,-6.770739
11.0,21.0,48.0,6.5268164
21.0,11.0,48.0,6.5268164
11.0,21.0,49.0,6.589042
21.0,11.0,49.0,6.589042
11.0,21.0,49.0,-7.735763
21.0,11.0,49.0,-7.735763
11.0,21.0,50.0,20.448345
21.0,11.0,50.0,20.448345
11.0,21.0,51.0,41.072533
21.0,11.0,51.0,41.072533
11.0,21.0,52.0,26.604483
21.0,11.0,52.0,26.604483
11.0,21.0,52.0,-20.000591
21.0,11.0,52.0,-20.000591
11.0,21.0,53.0,30.119589
21.0,11.0,53.0,30.119589
11.0,21.0,53.0,-25.66011
21.0,11.0,53.0,-25.66011
11.0,21.0,54.0,25.543703
21.0,11.0,54.0,25.543703
11.0,21.0,54.0,8.628733
21.0,11.0,54.0,8.628733
11.0,21.0,55.0,19.477518
21.0,11.0,55.0,19.477518
11.0,21.0,56.0,44.146194
21.0,11.0,56.0,44.146194
11.0,21.0,57.0,14.192442
21.0,11.0,57.0,14.192442
11.0,21.0,58.0,12.405236
21.0,11.0,58.0,12.405236
11.0,21.0,59.0,30.75425
21.0,11.0,59.0,30.75425
11.0,21.0,59.0,17.610886
21.0,11.0,59.0,17.610886
11.0,21.0,60.0,35.865837
21.0,11.0,60.0,35.865837
11.0,21.0,61.0,32.001442
21.0,11.0,61.0,32.001442
11.0,21.0,62.0,24.89227
21.0,11.0,62.0,24.89227
11.0,21.0,63.0,32.24493
21.0,11.0,63.0,32.24493
11.0,21.0,64.0,33.695972
21.0,11.0,64.0,33.695972
11.0,21.0,65.0,18.86188
21.0,11.0,65.0,18.86188
11.0,21.0,65.0,25.723246
21.0,11.0,65.0,25.723246
11.0,21.0,66.0,2.5602825
21.0,11.0,66.0,2.5602825
11.0,21.0,67.0,20.504774
21.0,11.0,67.0,20.504774
11.0,21.0,68.0,35.62825
21.0,11.0,68.0,35.62825
11.0,21.0,69.0,38.237465
21.0,11.0,69.0,38.237465
11.0,16.0,38.0,-11.72756
16.0,11.0,38.0,-11.72756
11.0,16.0,39.0,2.6381612
16.0,11.0,39.0,2.6381612
11.0,16.0,40.0,5.464627
16.0,11.0,40.0,5.464627
11.0,16.0,41.0,9.411725
16.0,11.0,41.0,9.411725
11.0,16.0,42.0,0.07969684
16.0,11.0,42.0,0.07969684
11.0,16.0,43.0,3.6138325
16.0,11.0,43.0,3.6138325
11.0,16.0,44.0,-6.81657
16.0,11.0,44.0,-6.81657
11.0,16.0,45.0,0.21785757
16.0,11.0,45.0,0.21785757
11.0,16.0,46.0,5.1843715
16.0,11.0,46.0,5.1843715
11.0,16.0,47.0,2.7158568
16.0,11.0,47.0,2.7158568
11.0,16.0,48.0,-10.904781
16.0,11.0,48.0,-10.904781
11.0,16.0,49.0,-5.599614
16.0,11.0,49.0,-5.599614
11.0,16.0,50.0,-3.0197675
16.0,11.0,50.0,-3.0197675
11.0,16.0,51.0,-8.594946
16.0,11.0,51.0,-8.594946
11.0,16.0,52.0,-0.3539305
16.0,11.0,52.0,-0.3539305
11.0,16.0,53.0,4.0469303
16.0,11.0,53.0,4.0469303
11.0,16.0,54.0,0.43584293
16.0,11.0,54.0,0.43584293
11.0,16.0,55.0,9.080038
16.0,11.0,55.0,9.080038
11.0,16.0,56.0,3.85526
16.0,11.0,56.0,3.85526
11.0,16.0,57.0,-1.479687
16.0,11.0,57.0,-1.479687
11.0,16.0,58.0,-4.3512573
16.0,11.0,58.0,-4.3512573
11.0,16.0,59.0,2.5584233
16.0,11.0,59.0,2.5584233
11.0,16.0,60.0,1.9068469
16.0,11.0,60.0,1.9068469
11.0,16.0,61.0,-3.2665637
16.0,11.0,61.0,-3.2665637
11.0,16.0,62.0,7.2015276
16.0,11.0,62.0,7.2015276
11.0,16.0,63.0,13.183169
16.0,11.0,63.0,13.183169
11.0,16.0,64.0,19.104023
16.0,11.0,64.0,19.104023
11.0,16.0,65.0,1.6893417
16.0,11.0,65.0,1.6893417
11.0,16.0,66.0,1.9677947
16.0,11.0,66.0,1.9677947
11.0,16.0,67.0,-3.1430783
16.0,11.0,67.0,-3.1430783
11.0,16.0,68.0,5.3206897
16.0,11.0,68.0,5.3206897
11.0,16.0,69.0,-7.8656197
16.0,11.0,69.0,-7.8656197
11.0,22.0,38.0,-1.563095
22.0,11.0,38.0,-1.563095
11.0,22.0,39.0,8.062588
22.0,11.0,39.0,8.062588
11.0,22.0,40.0,4.794881
22.0,11.0,40.0,4.794881
11.0,22.0,41.0,8.899886
22.0,11.0,41.0,8.899886
11.0,22.0,42.0,11.015237
22.0,11.0,42.0,11.015237
11.0,22.0,43.0,32.71577
22.0,11.0,43.0,32.71577
11.0,22.0,44.0,-1.3824327
22.0,11.0,44.0,-1.3824327
11.0,22.0,45.0,30.383257
22.0,11.0,45.0,30.383257
11.0,22.0,46.0,1.745291
22.0,11.0,46.0,1.745291
11.0,22.0,47.0,1.0140114
22.0,11.0,47.0,1.0140114
11.0,22.0,48.0,13.592457
22.0,11.0,48.0,13.592457
11.0,22.0,49.0,12.040627
22.0,11.0,49.0,12.040627
11.0,22.0,50.0,10.182377
22.0,11.0,50.0,10.182377
11.0,22.0,51.0,32.985794
22.0,11.0,51.0,32.985794
11.0,22.0,52.0,32.852642
22.0,11.0,52.0,32.852642
11.0,22.0,53.0,14.350413
22.0,11.0,53.0,14.350413
11.0,22.0,54.0,9.12572
22.0,11.0,54.0,9.12572
11.0,22.0,55.0,15.005459
22.0,11.0,55.0,15.005459
11.0,22.0,56.0,-16.157663
22.0,11.0,56.0,-16.157663
11.0,22.0,57.0,9.044051
22.0,11.0,57.0,9.044051
11.0,22.0,58.0,-21.426964
22.0,11.0,58.0,-21.426964
11.0,22.0,59.0,-6.5148697
22.0,11.0,59.0,-6.5148697
11.0,22.0,60.0,30.626747
22.0,11.0,60.0,30.626747
11.0,22.0,61.0,10.701259
22.0,11.0,61.0,10.701259
11.0,22.0,62.0,16.884222
22.0,11.0,62.0,16.884222
11.0,22.0,63.0,50.416702
22.0,11.0,63.0,50.416702
11.0,22.0,64.0,33.755608
22.0,11.0,64.0,33.755608
11.0,22.0,65.0,11.17491
22.0,11.0,65.0,11.17491
11.0,22.0,66.0,-8.234302
22.0,11.0,66.0,-8.234302
11.0,22.0,67.0,-15.725795
22.0,11.0,67.0,-15.725795
11.0,22.0,68.0,4.5443506
22.0,11.0,68.0,4.5443506
11.0,22.0,69.0,36.832493
22.0,11.0,69.0,36.832493
12.0,0.0,38.0,14.411098
0.0,12.0,38.0,14.411098
12.0,0.0,39.0,7.5622435
0.0,12.0,39.0,7.5622435
12.0,0.0,40.0,15.5785265
0.0,12.0,40.0,15.5785265
12.0,0.0,41.0,4.4094725
0.0,12.0,41.0,4.4094725
12.0,0.0,42.0,-15.219995
0.0,12.0,42.0,-15.219995
12.0,0.0,43.0,24.504293
0.0,12.0,43.0,24.504293
12.0,0.0,44.0,10.487452
0.0,12.0,44.0,10.487452
12.0,0.0,45.0,12.86233
0.0,12.0,45.0,12.86233
12.0,0.0,46.0,17.23499
0.0,12.0,46.0,17.23499
12.0,0.0,47.0,8.316426
0.0,12.0,47.0,8.316426
12.0,0.0,48.0,-51.680817
0.0,12.0,48.0,-51.680817
12.0,0.0,49.0,8.058885
0.0,12.0,49.0,8.058885
12.0,0.0,50.0,8.617386
0.0,12.0,50.0,8.617386
12.0,0.0,51.0,-1.6854618
0.0,12.0,51.0,-1.6854618
12.0,0.0,52.0,-0.7652991
0.0,12.0,52.0,-0.7652991
12.0,0.0,53.0,16.107939
0.0,12.0,53.0,16.107939
12.0,0.0,54.0,5.1504283
0.0,12.0,54.0,5.1504283
12.0,0.0,55.0,-4.4146566
0.0,12.0,55.0,-4.4146566
12.0,0.0,56.0,21.155539
0.0,12.0,56.0,21.155539
12.0,0.0,57.0,2.1275287
0.0,12.0,57.0,2.1275287
12.0,0.0,58.0,14.679213
0.0,12.0,58.0,14.679213
12.0,0.0,59.0,8.068179
0.0,12.0,59.0,8.068179
12.0,0.0,60.0,32.221928
0.0,12.0,60.0,32.221928
12.0,0.0,61.0,5.8452454
0.0,12.0,61.0,5.8452454
12.0,0.0,62.0,16.771126
0.0,12.0,62.0,16.771126
12.0,0.0,63.0,0.8068296
0.0,12.0,63.0,0.8068296
12.0,0.0,64.0,18.740396
0.0,12.0,64.0,18.740396
12.0,0.0,65.0,5.9671516
0.0,12.0,65.0,5.9671516
12.0,0.0,66.0,-5.5377684
0.0,12.0,66.0,-5.5377684
12.0,0.0,67.0,9.558451
0.0,12.0,67.0,9.558451
12.0,0.0,68.0,21.407146
0.0,12.0,68.0,21.407146
12.0,0.0,69.0,8.983642
0.0,12.0,69.0,8.983642
12.0,2.0,38.0,10.97716
2.0,12.0,38.0,10.97716
12.0,2.0,39.0,18.900251
2.0,12.0,39.0,18.900251
12.0,2.0,40.0,18.417805
2.0,12.0,40.0,18.417805
12.0,2.0,41.0,11.969405
2.0,12.0,41.0,11.969405
12.0,2.0,42.0,-73.1632
2.0,12.0,42.0,-73.1632
12.0,2.0,43.0,19.16194
2.0,12.0,43.0,19.16194
12.0,2.0,44.0,14.950813
2.0,12.0,44.0,14.950813
12.0,2.0,45.0,29.70547
2.0,12.0,45.0,29.70547
12.0,2.0,46.0,6.189552
2.0,12.0,46.0,6.189552
12.0,2.0,47.0,25.983755
2.0,12.0,47.0,25.983755
12.0,2.0,48.0,-60.3238
2.0,12.0,48.0,-60.3238
12.0,2.0,49.0,22.505548
2.0,12.0,49.0,22.505548
12.0,2.0,50.0,24.630314
2.0,12.0,50.0,24.630314
12.0,2.0,51.0,11.760667
2.0,12.0,51.0,11.760667
12.0,2.0,52.0,10.35228
2.0,12.0,52.0,10.35228
12.0,2.0,53.0,-6.61215
2.0,12.0,53.0,-6.61215
12.0,2.0,54.0,7.3946285
2.0,12.0,54.0,7.3946285
12.0,2.0,55.0,17.204893
2.0,12.0,55.0,17.204893
12.0,2.0,56.0,5.247357
2.0,12.0,56.0,5.247357
12.0,2.0,57.0,16.562975
2.0,12.0,57.0,16.562975
12.0,2.0,58.0,15.184405
2.0,12.0,58.0,15.184405
12.0,2.0,59.0,20.523075
2.0,12.0,59.0,20.523075
12.0,2.0,60.0,12.238676
2.0,12.0,60.0,12.238676
12.0,2.0,61.0,8.840808
2.0,12.0,61.0,8.840808
12.0,2.0,62.0,27.045816
2.0,12.0,62.0,27.045816
12.0,2.0,63.0,11.143046
2.0,12.0,63.0,11.143046
12.0,2.0,64.0,15.090079
2.0,12.0,64.0,15.090079
12.0,2.0,65.0,15.437661
2.0,12.0,65.0,15.437661
12.0,2.0,66.0,28.495125
2.0,12.0,66.0,28.495125
12.0,2.0,67.0,114.567375
2.0,12.0,67.0,114.567375
12.0,2.0,68.0,21.264107
2.0,12.0,68.0,21.264107
12.0,2.0,69.0,12.367128
2.0,12.0,69.0,12.367128
12.0,3.0,38.0,-4.6284857
3.0,12.0,38.0,-4.6284857
12.0,3.0,39.0,-12.504716
3.0,12.0,39.0,-12.504716
12.0,3.0,40.0,8.618965
3.0,12.0,40.0,8.618965
12.0,3.0,41.0,-9.363948
3.0,12.0,41.0,-9.363948
12.0,3.0,42.0,-104.13101
3.0,12.0,42.0,-104.13101
12.0,3.0,43.0,-15.128354
3.0,12.0,43.0,-15.128354
12.0,3.0,44.0,-9.932575
3.0,12.0,44.0,-9.932575
12.0,3.0,45.0,-2.6350675
3.0,12.0,45.0,-2.6350675
12.0,3.0,46.0,-18.656921
3.0,12.0,46.0,-18.656921
12.0,3.0,47.0,-11.649023
3.0,12.0,47.0,-11.649023
12.0,3.0,48.0,-169.13586
3.0,12.0,48.0,-169.13586
12.0,3.0,49.0,-5.124067
3.0,12.0,49.0,-5.124067
12.0,3.0,50.0,-5.7638245
3.0,12.0,50.0,-5.7638245
12.0,3.0,51.0,64.70116
3.0,12.0,51.0,64.70116
12.0,3.0,52.0,-16.54932
3.0,12.0,52.0,-16.54932
12.0,3.0,53.0,-27.808357
3.0,12.0,53.0,-27.808357
12.0,3.0,54.0,-0.35253367
3.0,12.0,54.0,-0.35253367
12.0,3.0,55.0,-28.452667
3.0,12.0,55.0,-28.452667
12.0,3.0,56.0,-10.574068
3.0,12.0,56.0,-10.574068
12.0,3.0,57.0,-7.5440907
3.0,12.0,57.0,-7.5440907
12.0,3.0,58.0,-16.126947
3.0,12.0,58.0,-16.126947
12.0,3.0,59.0,-11.067474
3.0,12.0,59.0,-11.067474
12.0,3.0,60.0,12.822598
3.0,12.0,60.0,12.822598
12.0,3.0,61.0,-8.217925
3.0,12.0,61.0,-8.217925
12.0,3.0,62.0,0.98832667
3.0,12.0,62.0,0.98832667
12.0,3.0,63.0,-21.716038
3.0,12.0,63.0,-21.716038
12.0,3.0,64.0,16.55849
3.0,12.0,64.0,16.55849
12.0,3.0,65.0,-4.8473954
3.0,12.0,65.0,-4.8473954
12.0,3.0,66.0,-0.6083261
3.0,12.0,66.0,-0.6083261
12.0,3.0,67.0,-8.625777
3.0,12.0,67.0,-8.625777
12.0,3.0,68.0,-16.922338
3.0,12.0,68.0,-16.922338
12.0,3.0,69.0,-12.773978
3.0,12.0,69.0,-12.773978
12.0,4.0,38.0,31.728899
4.0,12.0,38.0,31.728899
12.0,4.0,39.0,62.05053
4.0,12.0,39.0,62.05053
12.0,4.0,40.0,17.932434
4.0,12.0,40.0,17.932434
12.0,4.0,41.0,43.508568
4.0,12.0,41.0,43.508568
12.0,4.0,42.0,3.6301897
4.0,12.0,42.0,3.6301897
12.0,4.0,43.0,33.395023
4.0,12.0,43.0,33.395023
12.0,4.0,44.0,-0.95870805
4.0,12.0,44.0,-0.95870805
12.0,4.0,45.0,20.972942
4.0,12.0,45.0,20.972942
12.0,4.0,46.0,-34.644737
4.0,12.0,46.0,-34.644737
12.0,4.0,47.0,23.686579
4.0,12.0,47.0,23.686579
12.0,4.0,48.0,7.711323
4.0,12.0,48.0,7.711323
12.0,4.0,49.0,42.365482
4.0,12.0,49.0,42.365482
12.0,4.0,50.0,16.871622
4.0,12.0,50.0,16.871622
12.0,4.0,51.0,90.51751
4.0,12.0,51.0,90.51751
12.0,4.0,52.0,30.631544
4.0,12.0,52.0,30.631544
12.0,4.0,53.0,-63.791622
4.0,12.0,53.0,-63.791622
12.0,4.0,54.0,16.111544
4.0,12.0,54.0,16.111544
12.0,4.0,55.0,40.76852
4.0,12.0,55.0,40.76852
12.0,4.0,56.0,8.752491
4.0,12.0,56.0,8.752491
12.0,4.0,57.0,8.25246
4.0,12.0,57.0,8.25246
12.0,4.0,58.0,55.894283
4.0,12.0,58.0,55.894283
12.0,4.0,59.0,46.317696
4.0,12.0,59.0,46.317696
12.0,4.0,60.0,17.472027
4.0,12.0,60.0,17.472027
12.0,4.0,61.0,13.2913885
4.0,12.0,61.0,13.2913885
12.0,4.0,62.0,-12.245108
4.0,12.0,62.0,-12.245108
12.0,4.0,63.0,7.8762064
4.0,12.0,63.0,7.8762064
12.0,4.0,64.0,14.214127
4.0,12.0,64.0,14.214127
12.0,4.0,65.0,24.554218
4.0,12.0,65.0,24.554218
12.0,4.0,66.0,18.500866
4.0,12.0,66.0,18.500866
12.0,4.0,67.0,-5.7994046
4.0,12.0,67.0,-5.7994046
12.0,4.0,68.0,25.70363
4.0,12.0,68.0,25.70363
12.0,4.0,69.0,27.952038
4.0,12.0,69.0,27.952038
12.0,5.0,38.0,-8.508985
5.0,12.0,38.0,-8.508985
12.0,5.0,39.0,-6.282524
5.0,12.0,39.0,-6.282524
12.0,5.0,40.0,3.0914698
5.0,12.0,40.0,3.0914698
12.0,5.0,41.0,-5.5351725
5.0,12.0,41.0,-5.5351725
12.0,5.0,42.0,-66.68723
5.0,12.0,42.0,-66.68723
12.0,5.0,43.0,-0.41277856
5.0,12.0,43.0,-0.41277856
12.0,5.0,44.0,-0.7753142
5.0,12.0,44.0,-0.7753142
12.0,5.0,45.0,-3.0044742
5.0,12.0,45.0,-3.0044742
12.0,5.0,46.0,-7.096937
5.0,12.0,46.0,-7.096937
12.0,5.0,47.0,0.7940742
5.0,12.0,47.0,0.7940742
12.0,5.0,48.0,-87.07464
5.0,12.0,48.0,-87.07464
12.0,5.0,49.0,-4.43496
5.0,12.0,49.0,-4.43496
12.0,5.0,50.0,-3.5207982
5.0,12.0,50.0,-3.5207982
12.0,5.0,51.0,-0.97704405
5.0,12.0,51.0,-0.97704405
12.0,5.0,52.0,-0.6469898
5.0,12.0,52.0,-0.6469898
12.0,5.0,53.0,-13.314107
5.0,12.0,53.0,-13.314107
12.0,5.0,54.0,-6.964543
5.0,12.0,54.0,-6.964543
12.0,5.0,55.0,-18.26638
5.0,12.0,55.0,-18.26638
12.0,5.0,56.0,-8.830402
5.0,12.0,56.0,-8.830402
12.0,5.0,57.0,-7.175641
5.0,12.0,57.0,-7.175641
12.0,5.0,58.0,8.229608
5.0,12.0,58.0,8.229608
12.0,5.0,59.0,-8.329785
5.0,12.0,59.0,-8.329785
12.0,5.0,60.0,7.0143085
5.0,12.0,60.0,7.0143085
12.0,5.0,61.0,-6.461988
5.0,12.0,61.0,-6.461988
12.0,5.0,62.0,9.410949
5.0,12.0,62.0,9.410949
12.0,5.0,63.0,-14.078715
5.0,12.0,63.0,-14.078715
12.0,5.0,64.0,7.4271975
5.0,12.0,64.0,7.4271975
12.0,5.0,65.0,-5.4452624
5.0,12.0,65.0,-5.4452624
12.0,5.0,66.0,9.009483
5.0,12.0,66.0,9.009483
12.0,5.0,67.0,-12.408019
5.0,12.0,67.0,-12.408019
12.0,5.0,68.0,7.109587
5.0,12.0,68.0,7.109587
12.0,5.0,69.0,-21.432573
5.0,12.0,69.0,-21.432573
12.0,6.0,38.0,-5.283886
6.0,12.0,38.0,-5.283886
12.0,6.0,39.0,9.658914
6.0,12.0,39.0,9.658914
12.0,6.0,40.0,16.063267
6.0,12.0,40.0,16.063267
12.0,6.0,41.0,7.953018
6.0,12.0,41.0,7.953018
12.0,6.0,42.0,30.570126
6.0,12.0,42.0,30.570126
12.0,6.0,43.0,-2.3925884
6.0,12.0,43.0,-2.3925884
12.0,6.0,44.0,11.30201
6.0,12.0,44.0,11.30201
12.0,6.0,45.0,15.400221
6.0,12.0,45.0,15.400221
12.0,6.0,46.0,12.608818
6.0,12.0,46.0,12.608818
12.0,6.0,47.0,6.151006
6.0,12.0,47.0,6.151006
12.0,6.0,48.0,-12.053218
6.0,12.0,48.0,-12.053218
12.0,6.0,49.0,24.639643
6.0,12.0,49.0,24.639643
12.0,6.0,50.0,-0.51463515
6.0,12.0,50.0,-0.51463515
12.0,6.0,51.0,36.219982
6.0,12.0,51.0,36.219982
12.0,6.0,52.0,-3.4016876
6.0,12.0,52.0,-3.4016876
12.0,6.0,53.0,-1.5278991
6.0,12.0,53.0,-1.5278991
12.0,6.0,54.0,12.095093
6.0,12.0,54.0,12.095093
12.0,6.0,55.0,-2.5315568
6.0,12.0,55.0,-2.5315568
12.0,6.0,56.0,4.1819754
6.0,12.0,56.0,4.1819754
12.0,6.0,57.0,5.644945
6.0,12.0,57.0,5.644945
12.0,6.0,58.0,13.578069
6.0,12.0,58.0,13.578069
12.0,6.0,59.0,13.1666155
6.0,12.0,59.0,13.1666155
12.0,6.0,60.0,-4.52744
6.0,12.0,60.0,-4.52744
12.0,6.0,61.0,1.1324525
6.0,12.0,61.0,1.1324525
12.0,6.0,62.0,12.272589
6.0,12.0,62.0,12.272589
12.0,6.0,63.0,10.074318
6.0,12.0,63.0,10.074318
12.0,6.0,64.0,14.926741
6.0,12.0,64.0,14.926741
12.0,6.0,65.0,0.78964937
6.0,12.0,65.0,0.78964937
12.0,6.0,66.0,25.841364
6.0,12.0,66.0,25.841364
12.0,6.0,67.0,37.666363
6.0,12.0,67.0,37.666363
12.0,6.0,68.0,31.407553
6.0,12.0,68.0,31.407553
12.0,6.0,69.0,25.875095
6.0,12.0,69.0,25.875095
12.0,7.0,38.0,-11.074796
7.0,12.0,38.0,-11.074796
12.0,7.0,39.0,3.5530477
7.0,12.0,39.0,3.5530477
12.0,7.0,40.0,-4.340813
7.0,12.0,40.0,-4.340813
12.0,7.0,41.0,18.467579
7.0,12.0,41.0,18.467579
12.0,7.0,42.0,-28.573776
7.0,12.0,42.0,-28.573776
12.0,7.0,43.0,4.1913137
7.0,12.0,43.0,4.1913137
12.0,7.0,44.0,-0.22754909
7.0,12.0,44.0,-0.22754909
12.0,7.0,45.0,4.816499
7.0,12.0,45.0,4.816499
12.0,7.0,46.0,-1.382352
7.0,12.0,46.0,-1.382352
12.0,7.0,47.0,-4.8320475
7.0,12.0,47.0,-4.8320475
12.0,7.0,48.0,-126.13156
7.0,12.0,48.0,-126.13156
12.0,7.0,49.0,-8.03182
7.0,12.0,49.0,-8.03182
12.0,7.0,50.0,12.356773
7.0,12.0,50.0,12.356773
12.0,7.0,51.0,-3.1156073
7.0,12.0,51.0,-3.1156073
12.0,7.0,52.0,2.2787564
7.0,12.0,52.0,2.2787564
12.0,7.0,53.0,-16.171854
7.0,12.0,53.0,-16.171854
12.0,7.0,54.0,2.1668751
7.0,12.0,54.0,2.1668751
12.0,7.0,55.0,-2.762137
7.0,12.0,55.0,-2.762137
12.0,7.0,56.0,6.354721
7.0,12.0,56.0,6.354721
12.0,7.0,57.0,-3.2132523
7.0,12.0,57.0,-3.2132523
12.0,7.0,58.0,-0.18144998
7.0,12.0,58.0,-0.18144998
12.0,7.0,59.0,-8.581111
7.0,12.0,59.0,-8.581111
12.0,7.0,60.0,20.349573
7.0,12.0,60.0,20.349573
12.0,7.0,61.0,-4.1650047
7.0,12.0,61.0,-4.1650047
12.0,7.0,62.0,7.3331623
7.0,12.0,62.0,7.3331623
12.0,7.0,63.0,0.81074524
7.0,12.0,63.0,0.81074524
12.0,7.0,64.0,3.4451509
7.0,12.0,64.0,3.4451509
12.0,7.0,65.0,-0.8576636
7.0,12.0,65.0,-0.8576636
12.0,7.0,66.0,8.314073
7.0,12.0,66.0,8.314073
12.0,7.0,67.0,44.781433
7.0,12.0,67.0,44.781433
12.0,7.0,68.0,11.680931
7.0,12.0,68.0,11.680931
12.0,7.0,69.0,-5.8801155
7.0,12.0,69.0,-5.8801155
12.0,10.0,38.0,2.1837132
10.0,12.0,38.0,2.1837132
12.0,10.0,39.0,22.87288
10.0,12.0,39.0,22.87288
12.0,10.0,40.0,8.474034
10.0,12.0,40.0,8.474034
12.0,10.0,41.0,9.271684
10.0,12.0,41.0,9.271684
12.0,10.0,42.0,14.43841
10.0,12.0,42.0,14.43841
12.0,10.0,43.0,-4.826767
10.0,12.0,43.0,-4.826767
12.0,10.0,44.0,4.1233253
10.0,12.0,44.0,4.1233253
12.0,10.0,45.0,19.872204
10.0,12.0,45.0,19.872204
12.0,10.0,46.0,9.293536
10.0,12.0,46.0,9.293536
12.0,10.0,47.0,13.88408
10.0,12.0,47.0,13.88408
12.0,10.0,48.0,-5.611322
10.0,12.0,48.0,-5.611322
12.0,10.0,49.0,16.502083
10.0,12.0,49.0,16.502083
12.0,10.0,50.0,8.348935
10.0,12.0,50.0,8.348935
12.0,10.0,51.0,65.696144
10.0,12.0,51.0,65.696144
12.0,10.0,52.0,3.0832715
10.0,12.0,52.0,3.0832715
12.0,10.0,53.0,5.215381
10.0,12.0,53.0,5.215381
12.0,10.0,54.0,13.717287
10.0,12.0,54.0,13.717287
12.0,10.0,55.0,14.266861
10.0,12.0,55.0,14.266861
12.0,10.0,56.0,0.869831
10.0,12.0,56.0,0.869831
12.0,10.0,57.0,8.194375
10.0,12.0,57.0,8.194375
12.0,10.0,58.0,1.6727881
10.0,12.0,58.0,1.6727881
12.0,10.0,59.0,31.53017
10.0,12.0,59.0,31.53017
12.0,10.0,60.0,4.5408344
10.0,12.0,60.0,4.5408344
12.0,10.0,61.0,7.5533075
10.0,12.0,61.0,7.5533075
12.0,10.0,62.0,4.7935424
10.0,12.0,62.0,4.7935424
12.0,10.0,63.0,17.45132
10.0,12.0,63.0,17.45132
12.0,10.0,64.0,20.038641
10.0,12.0,64.0,20.038641
12.0,10.0,65.0,9.821076
10.0,12.0,65.0,9.821076
12.0,10.0,66.0,-2.2480452
10.0,12.0,66.0,-2.2480452
12.0,10.0,67.0,-10.8163
10.0,12.0,67.0,-10.8163
12.0,10.0,68.0,14.850733
10.0,12.0,68.0,14.850733
12.0,10.0,69.0,13.140698
10.0,12.0,69.0,13.140698
12.0,11.0,38.0,29.718899
11.0,12.0,38.0,29.718899
12.0,11.0,39.0,16.517626
11.0,12.0,39.0,16.517626
12.0,11.0,40.0,18.95555
11.0,12.0,40.0,18.95555
12.0,11.0,41.0,19.677904
11.0,12.0,41.0,19.677904
12.0,11.0,42.0,3.6507409
11.0,12.0,42.0,3.6507409
12.0,11.0,43.0,12.51543
11.0,12.0,43.0,12.51543
12.0,11.0,44.0,10.410532
11.0,12.0,44.0,10.410532
12.0,11.0,45.0,12.676868
11.0,12.0,45.0,12.676868
12.0,11.0,46.0,-3.9928756
11.0,12.0,46.0,-3.9928756
12.0,11.0,47.0,20.013859
11.0,12.0,47.0,20.013859
12.0,11.0,48.0,-22.641142
11.0,12.0,48.0,-22.641142
12.0,11.0,49.0,0.11149898
11.0,12.0,49.0,0.11149898
12.0,11.0,50.0,20.271488
11.0,12.0,50.0,20.271488
12.0,11.0,51.0,4.027991
11.0,12.0,51.0,4.027991
12.0,11.0,52.0,7.8430223
11.0,12.0,52.0,7.8430223
12.0,11.0,53.0,26.358835
11.0,12.0,53.0,26.358835
12.0,11.0,54.0,17.349024
11.0,12.0,54.0,17.349024
12.0,11.0,55.0,-12.609747
11.0,12.0,55.0,-12.609747
12.0,11.0,56.0,22.180456
11.0,12.0,56.0,22.180456
12.0,11.0,57.0,8.3821945
11.0,12.0,57.0,8.3821945
12.0,11.0,58.0,32.85389
11.0,12.0,58.0,32.85389
12.0,11.0,59.0,20.35233
11.0,12.0,59.0,20.35233
12.0,11.0,60.0,48.30471
11.0,12.0,60.0,48.30471
12.0,11.0,61.0,13.82387
11.0,12.0,61.0,13.82387
12.0,11.0,62.0,16.651182
11.0,12.0,62.0,16.651182
12.0,11.0,63.0,0.2737456
11.0,12.0,63.0,0.2737456
12.0,11.0,64.0,19.096851
11.0,12.0,64.0,19.096851
12.0,11.0,65.0,21.134644
11.0,12.0,65.0,21.134644
12.0,11.0,66.0,6.671525
11.0,12.0,66.0,6.671525
12.0,11.0,67.0,15.85478
11.0,12.0,67.0,15.85478
12.0,11.0,68.0,16.570713
11.0,12.0,68.0,16.570713
12.0,11.0,69.0,-1.6408947
11.0,12.0,69.0,-1.6408947
12.0,13.0,38.0,17.88546
13.0,12.0,38.0,17.88546
12.0,13.0,39.0,49.681355
13.0,12.0,39.0,49.681355
12.0,13.0,40.0,24.169714
13.0,12.0,40.0,24.169714
12.0,13.0,41.0,20.575008
13.0,12.0,41.0,20.575008
12.0,13.0,42.0,8.54872
13.0,12.0,42.0,8.54872
12.0,13.0,43.0,25.983494
13.0,12.0,43.0,25.983494
12.0,13.0,44.0,4.1280274
13.0,12.0,44.0,4.1280274
12.0,13.0,45.0,8.998904
13.0,12.0,45.0,8.998904
12.0,13.0,46.0,5.785947
13.0,12.0,46.0,5.785947
12.0,13.0,47.0,11.982106
13.0,12.0,47.0,11.982106
12.0,13.0,48.0,-5.6036687
13.0,12.0,48.0,-5.6036687
12.0,13.0,49.0,18.753435
13.0,12.0,49.0,18.753435
12.0,13.0,50.0,9.815376
13.0,12.0,50.0,9.815376
12.0,13.0,51.0,26.779654
13.0,12.0,51.0,26.779654
12.0,13.0,52.0,23.759602
13.0,12.0,52.0,23.759602
12.0,13.0,53.0,-1.4847132
13.0,12.0,53.0,-1.4847132
12.0,13.0,54.0,14.251687
13.0,12.0,54.0,14.251687
12.0,13.0,55.0,9.617821
13.0,12.0,55.0,9.617821
12.0,13.0,56.0,16.201159
13.0,12.0,56.0,16.201159
12.0,13.0,57.0,13.363163
13.0,12.0,57.0,13.363163
12.0,13.0,58.0,11.034889
13.0,12.0,58.0,11.034889
12.0,13.0,59.0,6.068421
13.0,12.0,59.0,6.068421
12.0,13.0,60.0,18.723797
13.0,12.0,60.0,18.723797
12.0,13.0,61.0,25.761837
13.0,12.0,61.0,25.761837
12.0,13.0,62.0,29.02456
13.0,12.0,62.0,29.02456
12.0,13.0,63.0,-1.7005566
13.0,12.0,63.0,-1.7005566
12.0,13.0,64.0,28.444645
13.0,12.0,64.0,28.444645
12.0,13.0,65.0,13.714989
13.0,12.0,65.0,13.714989
12.0,13.0,66.0,27.7614
13.0,12.0,66.0,27.7614
12.0,13.0,67.0,35.580257
13.0,12.0,67.0,35.580257
12.0,13.0,68.0,24.36394
13.0,12.0,68.0,24.36394
12.0,13.0,69.0,20.43439
13.0,12.0,69.0,20.43439
12.0,14.0,38.0,-4.9720354
14.0,12.0,38.0,-4.9720354
12.0,14.0,39.0,11.127914
14.0,12.0,39.0,11.127914
12.0,14.0,40.0,8.95411
14.0,12.0,40.0,8.95411
12.0,14.0,41.0,6.8947997
14.0,12.0,41.0,6.8947997
12.0,14.0,42.0,-48.364075
14.0,12.0,42.0,-48.364075
12.0,14.0,43.0,16.780262
14.0,12.0,43.0,16.780262
12.0,14.0,44.0,3.895133
14.0,12.0,44.0,3.895133
12.0,14.0,45.0,8.672098
14.0,12.0,45.0,8.672098
12.0,14.0,46.0,-6.3600945
14.0,12.0,46.0,-6.3600945
12.0,14.0,47.0,0.26509127
14.0,12.0,47.0,0.26509127
12.0,14.0,48.0,-84.972984
14.0,12.0,48.0,-84.972984
12.0,14.0,49.0,3.9688947
14.0,12.0,49.0,3.9688947
12.0,14.0,50.0,5.711047
14.0,12.0,50.0,5.711047
12.0,14.0,51.0,-17.048
14.0,12.0,51.0,-17.048
12.0,14.0,52.0,-3.7483842
14.0,12.0,52.0,-3.7483842
12.0,14.0,53.0,-17.113636
14.0,12.0,53.0,-17.113636
12.0,14.0,54.0,10.036463
14.0,12.0,54.0,10.036463
12.0,14.0,55.0,-12.585695
14.0,12.0,55.0,-12.585695
12.0,14.0,56.0,2.4529364
14.0,12.0,56.0,2.4529364
12.0,14.0,57.0,-5.521953
14.0,12.0,57.0,-5.521953
12.0,14.0,58.0,16.45865
14.0,12.0,58.0,16.45865
12.0,14.0,59.0,6.27802
14.0,12.0,59.0,6.27802
12.0,14.0,60.0,11.8320055
14.0,12.0,60.0,11.8320055
12.0,14.0,61.0,-0.6898478
14.0,12.0,61.0,-0.6898478
12.0,14.0,62.0,26.770672
14.0,12.0,62.0,26.770672
12.0,14.0,63.0,-9.632355
14.0,12.0,63.0,-9.632355
12.0,14.0,64.0,20.129866
14.0,12.0,64.0,20.129866
12.0,14.0,65.0,1.5272914
14.0,12.0,65.0,1.5272914
12.0,14.0,66.0,-9.932329
14.0,12.0,66.0,-9.932329
12.0,14.0,67.0,-8.421481
14.0,12.0,67.0,-8.421481
12.0,14.0,68.0,4.384879
14.0,12.0,68.0,4.384879
12.0,14.0,69.0,-1.6608462
14.0,12.0,69.0,-1.6608462
12.0,20.0,38.0,-16.799606
20.0,12.0,38.0,-16.799606
12.0,20.0,39.0,-4.3523636
20.0,12.0,39.0,-4.3523636
12.0,20.0,40.0,-5.3303776
20.0,12.0,40.0,-5.3303776
12.0,20.0,41.0,-3.5094018
20.0,12.0,41.0,-3.5094018
12.0,20.0,42.0,8.625364
20.0,12.0,42.0,8.625364
12.0,20.0,43.0,-13.546509
20.0,12.0,43.0,-13.546509
12.0,20.0,44.0,-9.551347
20.0,12.0,44.0,-9.551347
12.0,20.0,45.0,9.799092
20.0,12.0,45.0,9.799092
12.0,20.0,46.0,-8.397448
20.0,12.0,46.0,-8.397448
12.0,20.0,47.0,4.4849243
20.0,12.0,47.0,4.4849243
12.0,20.0,48.0,-4.226339
20.0,12.0,48.0,-4.226339
12.0,20.0,49.0,-11.861789
20.0,12.0,49.0,-11.861789
12.0,20.0,50.0,-7.220854
20.0,12.0,50.0,-7.220854
12.0,20.0,51.0,3.9717782
20.0,12.0,51.0,3.9717782
12.0,20.0,52.0,-1.2331419
20.0,12.0,52.0,-1.2331419
12.0,20.0,53.0,-3.5551534
20.0,12.0,53.0,-3.5551534
12.0,20.0,54.0,2.547511
20.0,12.0,54.0,2.547511
12.0,20.0,55.0,-8.237247
20.0,12.0,55.0,-8.237247
12.0,20.0,56.0,4.9903517
20.0,12.0,56.0,4.9903517
12.0,20.0,57.0,-10.797953
20.0,12.0,57.0,-10.797953
12.0,20.0,58.0,8.205214
20.0,12.0,58.0,8.205214
12.0,20.0,59.0,-5.2350354
20.0,12.0,59.0,-5.2350354
12.0,20.0,60.0,3.972521
20.0,12.0,60.0,3.972521
12.0,20.0,61.0,-12.342823
20.0,12.0,61.0,-12.342823
12.0,20.0,62.0,7.3696404
20.0,12.0,62.0,7.3696404
12.0,20.0,63.0,-6.498796
20.0,12.0,63.0,-6.498796
12.0,20.0,64.0,3.690406
20.0,12.0,64.0,3.690406
12.0,20.0,65.0,4.299064
20.0,12.0,65.0,4.299064
12.0,20.0,66.0,4.6773224
20.0,12.0,66.0,4.6773224
12.0,20.0,67.0,18.367573
20.0,12.0,67.0,18.367573
12.0,20.0,68.0,-10.338353
20.0,12.0,68.0,-10.338353
12.0,20.0,69.0,8.704912
20.0,12.0,69.0,8.704912
12.0,15.0,38.0,-8.213741
15.0,12.0,38.0,-8.213741
12.0,15.0,39.0,24.756336
15.0,12.0,39.0,24.756336
12.0,15.0,40.0,0.80074143
15.0,12.0,40.0,0.80074143
12.0,15.0,41.0,14.756386
15.0,12.0,41.0,14.756386
12.0,15.0,42.0,-31.419928
15.0,12.0,42.0,-31.419928
12.0,15.0,43.0,6.4489193
15.0,12.0,43.0,6.4489193
12.0,15.0,44.0,5.2321253
15.0,12.0,44.0,5.2321253
12.0,15.0,45.0,40.878773
15.0,12.0,45.0,40.878773
12.0,15.0,46.0,8.1355
15.0,12.0,46.0,8.1355
12.0,15.0,47.0,2.5646935
15.0,12.0,47.0,2.5646935
12.0,15.0,48.0,-86.71063
15.0,12.0,48.0,-86.71063
12.0,15.0,49.0,12.125826
15.0,12.0,49.0,12.125826
12.0,15.0,50.0,5.225561
15.0,12.0,50.0,5.225561
12.0,15.0,51.0,12.536838
15.0,12.0,51.0,12.536838
12.0,15.0,52.0,7.841592
15.0,12.0,52.0,7.841592
12.0,15.0,53.0,-10.164691
15.0,12.0,53.0,-10.164691
12.0,15.0,54.0,21.128813
15.0,12.0,54.0,21.128813
12.0,15.0,55.0,-10.06844
15.0,12.0,55.0,-10.06844
12.0,15.0,56.0,8.146367
15.0,12.0,56.0,8.146367
12.0,15.0,57.0,2.570027
15.0,12.0,57.0,2.570027
12.0,15.0,58.0,7.9931846
15.0,12.0,58.0,7.9931846
12.0,15.0,59.0,-1.3737671
15.0,12.0,59.0,-1.3737671
12.0,15.0,60.0,15.04055
15.0,12.0,60.0,15.04055
12.0,15.0,61.0,-2.7268267
15.0,12.0,61.0,-2.7268267
12.0,15.0,62.0,4.4965634
15.0,12.0,62.0,4.4965634
12.0,15.0,63.0,-6.6377387
15.0,12.0,63.0,-6.6377387
12.0,15.0,64.0,22.39965
15.0,12.0,64.0,22.39965
12.0,15.0,65.0,16.371044
15.0,12.0,65.0,16.371044
12.0,15.0,66.0,17.09893
15.0,12.0,66.0,17.09893
12.0,15.0,67.0,25.579992
15.0,12.0,67.0,25.579992
12.0,15.0,68.0,-2.557772
15.0,12.0,68.0,-2.557772
12.0,15.0,69.0,1.2492144
15.0,12.0,69.0,1.2492144
12.0,21.0,38.0,-7.8878245
21.0,12.0,38.0,-7.8878245
12.0,21.0,39.0,4.4932003
21.0,12.0,39.0,4.4932003
12.0,21.0,40.0,3.2993107
21.0,12.0,40.0,3.2993107
12.0,21.0,41.0,-5.3843303
21.0,12.0,41.0,-5.3843303
12.0,21.0,42.0,-2.0880857
21.0,12.0,42.0,-2.0880857
12.0,21.0,43.0,-34.451977
21.0,12.0,43.0,-34.451977
12.0,21.0,44.0,6.8219056
21.0,12.0,44.0,6.8219056
12.0,21.0,45.0,0.62675023
21.0,12.0,45.0,0.62675023
12.0,21.0,46.0,-7.5755415
21.0,12.0,46.0,-7.5755415
12.0,21.0,47.0,4.1405253
21.0,12.0,47.0,4.1405253
12.0,21.0,48.0,-13.027003
21.0,12.0,48.0,-13.027003
12.0,21.0,49.0,-9.004607
21.0,12.0,49.0,-9.004607
12.0,21.0,50.0,5.7672744
21.0,12.0,50.0,5.7672744
12.0,21.0,51.0,8.517276
21.0,12.0,51.0,8.517276
12.0,21.0,52.0,-5.164843
21.0,12.0,52.0,-5.164843
12.0,21.0,53.0,-115.041756
21.0,12.0,53.0,-115.041756
12.0,21.0,54.0,11.890816
21.0,12.0,54.0,11.890816
12.0,21.0,55.0,-17.89989
21.0,12.0,55.0,-17.89989
12.0,21.0,56.0,-4.4587307
21.0,12.0,56.0,-4.4587307
12.0,21.0,57.0,-7.1490536
21.0,12.0,57.0,-7.1490536
12.0,21.0,58.0,3.3415725
21.0,12.0,58.0,3.3415725
12.0,21.0,59.0,1.8544533
21.0,12.0,59.0,1.8544533
12.0,21.0,60.0,-0.53347737
21.0,12.0,60.0,-0.53347737
12.0,21.0,61.0,11.284714
21.0,12.0,61.0,11.284714
12.0,21.0,62.0,-5.9426684
21.0,12.0,62.0,-5.9426684
12.0,21.0,63.0,-3.098813
21.0,12.0,63.0,-3.098813
12.0,21.0,64.0,6.6484766
21.0,12.0,64.0,6.6484766
12.0,21.0,65.0,-3.5969756
21.0,12.0,65.0,-3.5969756
12.0,21.0,66.0,-3.8777893
21.0,12.0,66.0,-3.8777893
12.0,21.0,67.0,3.7550216
21.0,12.0,67.0,3.7550216
12.0,21.0,68.0,-4.6486
21.0,12.0,68.0,-4.6486
12.0,21.0,69.0,7.5176215
21.0,12.0,69.0,7.5176215
12.0,16.0,38.0,-9.509511
16.0,12.0,38.0,-9.509511
12.0,16.0,39.0,2.601305
16.0,12.0,39.0,2.601305
12.0,16.0,40.0,15.161753
16.0,12.0,40.0,15.161753
12.0,16.0,41.0,6.2207446
16.0,12.0,41.0,6.2207446
12.0,16.0,42.0,5.3627295
16.0,12.0,42.0,5.3627295
12.0,16.0,43.0,-7.0799074
16.0,12.0,43.0,-7.0799074
12.0,16.0,44.0,8.048158
16.0,12.0,44.0,8.048158
12.0,16.0,45.0,12.39598
16.0,12.0,45.0,12.39598
12.0,16.0,46.0,5.7917304
16.0,12.0,46.0,5.7917304
12.0,16.0,47.0,4.7023335
16.0,12.0,47.0,4.7023335
12.0,16.0,48.0,-8.151099
16.0,12.0,48.0,-8.151099
12.0,16.0,49.0,-7.198627
16.0,12.0,49.0,-7.198627
12.0,16.0,50.0,4.8704476
16.0,12.0,50.0,4.8704476
12.0,16.0,51.0,-6.9632816
16.0,12.0,51.0,-6.9632816
12.0,16.0,52.0,11.219035
16.0,12.0,52.0,11.219035
12.0,16.0,53.0,-10.339941
16.0,12.0,53.0,-10.339941
12.0,16.0,54.0,5.464654
16.0,12.0,54.0,5.464654
12.0,16.0,55.0,2.7039907
16.0,12.0,55.0,2.7039907
12.0,16.0,56.0,-0.38200486
16.0,12.0,56.0,-0.38200486
12.0,16.0,57.0,8.044485
16.0,12.0,57.0,8.044485
12.0,16.0,58.0,-16.188078
16.0,12.0,58.0,-16.188078
12.0,16.0,59.0,4.829214
16.0,12.0,59.0,4.829214
12.0,16.0,60.0,10.035251
16.0,12.0,60.0,10.035251
12.0,16.0,61.0,-8.650664
16.0,12.0,61.0,-8.650664
12.0,16.0,62.0,9.597356
16.0,12.0,62.0,9.597356
12.0,16.0,63.0,-6.2329173
16.0,12.0,63.0,-6.2329173
12.0,16.0,64.0,13.539453
16.0,12.0,64.0,13.539453
12.0,16.0,65.0,5.095081
16.0,12.0,65.0,5.095081
12.0,16.0,66.0,5.1512513
16.0,12.0,66.0,5.1512513
12.0,16.0,67.0,6.626663
16.0,12.0,67.0,6.626663
12.0,16.0,68.0,3.879985
16.0,12.0,68.0,3.879985
12.0,16.0,69.0,-1.4808339
16.0,12.0,69.0,-1.4808339
12.0,22.0,38.0,13.629508
22.0,12.0,38.0,13.629508
12.0,22.0,39.0,6.9238815
22.0,12.0,39.0,6.9238815
12.0,22.0,40.0,14.1537285
22.0,12.0,40.0,14.1537285
12.0,22.0,41.0,-18.638464
22.0,12.0,41.0,-18.638464
12.0,22.0,42.0,0.31894577
22.0,12.0,42.0,0.31894577
12.0,22.0,43.0,5.837898
22.0,12.0,43.0,5.837898
12.0,22.0,44.0,25.582947
22.0,12.0,44.0,25.582947
12.0,22.0,45.0,23.69062
22.0,12.0,45.0,23.69062
12.0,22.0,46.0,-2.6037464
22.0,12.0,46.0,-2.6037464
12.0,22.0,47.0,13.697573
22.0,12.0,47.0,13.697573
12.0,22.0,48.0,-125.22462
22.0,12.0,48.0,-125.22462
12.0,22.0,49.0,8.618847
22.0,12.0,49.0,8.618847
12.0,22.0,50.0,18.359732
22.0,12.0,50.0,18.359732
12.0,22.0,51.0,24.291428
22.0,12.0,51.0,24.291428
12.0,22.0,52.0,8.665627
22.0,12.0,52.0,8.665627
12.0,22.0,53.0,-12.875839
22.0,12.0,53.0,-12.875839
12.0,22.0,54.0,16.593533
22.0,12.0,54.0,16.593533
12.0,22.0,55.0,4.3351645
22.0,12.0,55.0,4.3351645
12.0,22.0,56.0,-26.287306
22.0,12.0,56.0,-26.287306
12.0,22.0,57.0,14.323451
22.0,12.0,57.0,14.323451
12.0,22.0,58.0,-12.160728
22.0,12.0,58.0,-12.160728
12.0,22.0,59.0,-1.2578589
22.0,12.0,59.0,-1.2578589
12.0,22.0,60.0,23.4553
22.0,12.0,60.0,23.4553
12.0,22.0,61.0,10.588587
22.0,12.0,61.0,10.588587
12.0,22.0,62.0,19.133854
22.0,12.0,62.0,19.133854
12.0,22.0,63.0,10.471906
22.0,12.0,63.0,10.471906
12.0,22.0,64.0,25.626965
22.0,12.0,64.0,25.626965
12.0,22.0,65.0,13.690345
22.0,12.0,65.0,13.690345
12.0,22.0,66.0,7.0007463
22.0,12.0,66.0,7.0007463
12.0,22.0,67.0,6.332198
22.0,12.0,67.0,6.332198
12.0,22.0,68.0,5.197493
22.0,12.0,68.0,5.197493
12.0,22.0,69.0,3.7603025
22.0,12.0,69.0,3.7603025
13.0,2.0,38.0,86.59857
2.0,13.0,38.0,86.59857
13.0,2.0,39.0,72.08907
2.0,13.0,39.0,72.08907
13.0,2.0,40.0,69.91835
2.0,13.0,40.0,69.91835
13.0,2.0,41.0,60.807
2.0,13.0,41.0,60.807
13.0,2.0,42.0,53.060673
2.0,13.0,42.0,53.060673
13.0,2.0,43.0,88.17897
2.0,13.0,43.0,88.17897
13.0,2.0,44.0,84.575745
2.0,13.0,44.0,84.575745
13.0,2.0,45.0,40.880306
2.0,13.0,45.0,40.880306
13.0,2.0,46.0,93.01822
2.0,13.0,46.0,93.01822
13.0,2.0,47.0,52.847626
2.0,13.0,47.0,52.847626
13.0,2.0,48.0,139.61311
2.0,13.0,48.0,139.61311
13.0,2.0,49.0,56.87485
2.0,13.0,49.0,56.87485
13.0,2.0,50.0,37.14063
2.0,13.0,50.0,37.14063
13.0,2.0,51.0,155.2524
2.0,13.0,51.0,155.2524
13.0,2.0,52.0,80.703285
2.0,13.0,52.0,80.703285
13.0,2.0,53.0,107.45704
2.0,13.0,53.0,107.45704
13.0,2.0,54.0,64.79025
2.0,13.0,54.0,64.79025
13.0,2.0,55.0,77.373795
2.0,13.0,55.0,77.373795
13.0,2.0,56.0,55.232338
2.0,13.0,56.0,55.232338
13.0,2.0,57.0,63.571793
2.0,13.0,57.0,63.571793
13.0,2.0,58.0,84.29086
2.0,13.0,58.0,84.29086
13.0,2.0,59.0,94.703156
2.0,13.0,59.0,94.703156
13.0,2.0,60.0,44.356903
2.0,13.0,60.0,44.356903
13.0,2.0,61.0,75.29882
2.0,13.0,61.0,75.29882
13.0,2.0,62.0,121.05641
2.0,13.0,62.0,121.05641
13.0,2.0,63.0,90.84458
2.0,13.0,63.0,90.84458
13.0,2.0,64.0,67.99989
2.0,13.0,64.0,67.99989
13.0,2.0,65.0,82.79497
2.0,13.0,65.0,82.79497
13.0,2.0,66.0,101.55097
2.0,13.0,66.0,101.55097
13.0,2.0,67.0,179.12332
2.0,13.0,67.0,179.12332
13.0,2.0,68.0,102.47878
2.0,13.0,68.0,102.47878
13.0,2.0,69.0,88.204475
2.0,13.0,69.0,88.204475
13.0,5.0,38.0,14.964846
5.0,13.0,38.0,14.964846
13.0,5.0,39.0,31.92794
5.0,13.0,39.0,31.92794
13.0,5.0,40.0,16.013126
5.0,13.0,40.0,16.013126
13.0,5.0,41.0,17.081785
5.0,13.0,41.0,17.081785
13.0,5.0,42.0,15.779111
5.0,13.0,42.0,15.779111
13.0,5.0,43.0,21.946676
5.0,13.0,43.0,21.946676
13.0,5.0,44.0,13.538526
5.0,13.0,44.0,13.538526
13.0,5.0,45.0,-9.554414
5.0,13.0,45.0,-9.554414
13.0,5.0,46.0,-0.14369877
5.0,13.0,46.0,-0.14369877
13.0,5.0,47.0,-3.5362446
5.0,13.0,47.0,-3.5362446
13.0,5.0,48.0,33.375034
5.0,13.0,48.0,33.375034
13.0,5.0,49.0,-0.119382165
5.0,13.0,49.0,-0.119382165
13.0,5.0,50.0,9.762191
5.0,13.0,50.0,9.762191
13.0,5.0,51.0,15.678884
5.0,13.0,51.0,15.678884
13.0,5.0,52.0,23.356588
5.0,13.0,52.0,23.356588
13.0,5.0,53.0,9.827747
5.0,13.0,53.0,9.827747
13.0,5.0,54.0,12.505781
5.0,13.0,54.0,12.505781
13.0,5.0,55.0,-1.9906522
5.0,13.0,55.0,-1.9906522
13.0,5.0,56.0,7.8427787
5.0,13.0,56.0,7.8427787
13.0,5.0,57.0,15.25834
5.0,13.0,57.0,15.25834
13.0,5.0,58.0,16.961239
5.0,13.0,58.0,16.961239
13.0,5.0,59.0,3.3030307
5.0,13.0,59.0,3.3030307
13.0,5.0,60.0,26.28722
5.0,13.0,60.0,26.28722
13.0,5.0,61.0,23.623938
5.0,13.0,61.0,23.623938
13.0,5.0,62.0,15.075119
5.0,13.0,62.0,15.075119
13.0,5.0,63.0,2.6997051
5.0,13.0,63.0,2.6997051
13.0,5.0,64.0,13.577053
5.0,13.0,64.0,13.577053
13.0,5.0,65.0,-5.3921123
5.0,13.0,65.0,-5.3921123
13.0,5.0,66.0,19.264841
5.0,13.0,66.0,19.264841
13.0,5.0,67.0,22.725876
5.0,13.0,67.0,22.725876
13.0,5.0,68.0,13.857353
5.0,13.0,68.0,13.857353
13.0,5.0,69.0,25.026184
5.0,13.0,69.0,25.026184
13.0,7.0,38.0,20.585917
7.0,13.0,38.0,20.585917
13.0,7.0,39.0,13.902902
7.0,13.0,39.0,13.902902
13.0,7.0,40.0,17.08806
7.0,13.0,40.0,17.08806
13.0,7.0,41.0,23.351776
7.0,13.0,41.0,23.351776
13.0,7.0,42.0,2.4191701
7.0,13.0,42.0,2.4191701
13.0,7.0,43.0,37.523605
7.0,13.0,43.0,37.523605
13.0,7.0,44.0,21.90875
7.0,13.0,44.0,21.90875
13.0,7.0,45.0,7.4513907
7.0,13.0,45.0,7.4513907
13.0,7.0,46.0,25.178102
7.0,13.0,46.0,25.178102
13.0,7.0,47.0,-0.52466094
7.0,13.0,47.0,-0.52466094
13.0,7.0,48.0,46.339294
7.0,13.0,48.0,46.339294
13.0,7.0,49.0,5.7637415
7.0,13.0,49.0,5.7637415
13.0,7.0,50.0,20.405457
7.0,13.0,50.0,20.405457
13.0,7.0,51.0,58.241432
7.0,13.0,51.0,58.241432
13.0,7.0,52.0,0.75729674
7.0,13.0,52.0,0.75729674
13.0,7.0,53.0,9.2381
7.0,13.0,53.0,9.2381
13.0,7.0,54.0,0.69011307
7.0,13.0,54.0,0.69011307
13.0,7.0,55.0,19.125713
7.0,13.0,55.0,19.125713
13.0,7.0,56.0,13.619695
7.0,13.0,56.0,13.619695
13.0,7.0,57.0,19.110107
7.0,13.0,57.0,19.110107
13.0,7.0,58.0,12.645167
7.0,13.0,58.0,12.645167
13.0,7.0,59.0,16.24393
7.0,13.0,59.0,16.24393
13.0,7.0,60.0,22.96534
7.0,13.0,60.0,22.96534
13.0,7.0,61.0,2.6142561
7.0,13.0,61.0,2.6142561
13.0,7.0,62.0,42.51384
7.0,13.0,62.0,42.51384
13.0,7.0,63.0,25.788643
7.0,13.0,63.0,25.788643
13.0,7.0,64.0,19.739958
7.0,13.0,64.0,19.739958
13.0,7.0,65.0,-4.2206864
7.0,13.0,65.0,-4.2206864
13.0,7.0,66.0,7.5354433
7.0,13.0,66.0,7.5354433
13.0,7.0,67.0,31.553055
7.0,13.0,67.0,31.553055
13.0,7.0,68.0,21.51347
7.0,13.0,68.0,21.51347
13.0,7.0,69.0,11.431954
7.0,13.0,69.0,11.431954
13.0,14.0,38.0,61.786247
14.0,13.0,38.0,61.786247
13.0,14.0,39.0,52.98183
14.0,13.0,39.0,52.98183
13.0,14.0,40.0,60.068916
14.0,13.0,40.0,60.068916
13.0,14.0,41.0,31.271051
14.0,13.0,41.0,31.271051
13.0,14.0,42.0,2.6029499
14.0,13.0,42.0,2.6029499
13.0,14.0,43.0,30.061926
14.0,13.0,43.0,30.061926
13.0,14.0,44.0,60.15761
14.0,13.0,44.0,60.15761
13.0,14.0,45.0,-2.7966468
14.0,13.0,45.0,-2.7966468
13.0,14.0,46.0,42.2724
14.0,13.0,46.0,42.2724
13.0,14.0,47.0,29.376713
14.0,13.0,47.0,29.376713
13.0,14.0,48.0,21.162853
14.0,13.0,48.0,21.162853
13.0,14.0,49.0,19.826471
14.0,13.0,49.0,19.826471
13.0,14.0,50.0,31.094143
14.0,13.0,50.0,31.094143
13.0,14.0,51.0,28.579245
14.0,13.0,51.0,28.579245
13.0,14.0,52.0,27.40191
14.0,13.0,52.0,27.40191
13.0,14.0,53.0,-7.5096726
14.0,13.0,53.0,-7.5096726
13.0,14.0,54.0,28.358805
14.0,13.0,54.0,28.358805
13.0,14.0,55.0,5.181556
14.0,13.0,55.0,5.181556
13.0,14.0,56.0,32.44629
14.0,13.0,56.0,32.44629
13.0,14.0,57.0,20.718151
14.0,13.0,57.0,20.718151
13.0,14.0,58.0,37.9357
14.0,13.0,58.0,37.9357
13.0,14.0,59.0,8.32409
14.0,13.0,59.0,8.32409
13.0,14.0,60.0,59.989098
14.0,13.0,60.0,59.989098
13.0,14.0,61.0,20.526834
14.0,13.0,61.0,20.526834
13.0,14.0,62.0,57.257736
14.0,13.0,62.0,57.257736
13.0,14.0,63.0,-4.0781155
14.0,13.0,63.0,-4.0781155
13.0,14.0,64.0,62.78159
14.0,13.0,64.0,62.78159
13.0,14.0,65.0,0.09082695
14.0,13.0,65.0,0.09082695
13.0,14.0,66.0,5.8157306
14.0,13.0,66.0,5.8157306
13.0,14.0,67.0,29.896248
14.0,13.0,67.0,29.896248
13.0,14.0,68.0,33.026382
14.0,13.0,68.0,33.026382
13.0,14.0,69.0,16.210089
14.0,13.0,69.0,16.210089
13.0,20.0,38.0,3.3669853
20.0,13.0,38.0,3.3669853
13.0,20.0,39.0,-6.0302367
20.0,13.0,39.0,-6.0302367
13.0,20.0,40.0,-4.207627
20.0,13.0,40.0,-4.207627
13.0,20.0,41.0,9.9040985
20.0,13.0,41.0,9.9040985
13.0,20.0,42.0,9.047467
20.0,13.0,42.0,9.047467
13.0,20.0,43.0,1.5405654
20.0,13.0,43.0,1.5405654
13.0,20.0,44.0,-6.2308025
20.0,13.0,44.0,-6.2308025
13.0,20.0,45.0,-5.6696677
20.0,13.0,45.0,-5.6696677
13.0,20.0,46.0,-3.0970874
20.0,13.0,46.0,-3.0970874
13.0,20.0,47.0,12.7430105
20.0,13.0,47.0,12.7430105
13.0,20.0,48.0,18.69432
20.0,13.0,48.0,18.69432
13.0,20.0,49.0,-12.628062
20.0,13.0,49.0,-12.628062
13.0,20.0,50.0,3.0344474
20.0,13.0,50.0,3.0344474
13.0,20.0,51.0,11.681137
20.0,13.0,51.0,11.681137
13.0,20.0,52.0,9.252861
20.0,13.0,52.0,9.252861
13.0,20.0,53.0,-6.124798
20.0,13.0,53.0,-6.124798
13.0,20.0,54.0,-22.07446
20.0,13.0,54.0,-22.07446
13.0,20.0,55.0,-6.072327
20.0,13.0,55.0,-6.072327
13.0,20.0,56.0,24.263086
20.0,13.0,56.0,24.263086
13.0,20.0,57.0,-2.4627538
20.0,13.0,57.0,-2.4627538
13.0,20.0,58.0,15.134418
20.0,13.0,58.0,15.134418
13.0,20.0,59.0,-16.740065
20.0,13.0,59.0,-16.740065
13.0,20.0,60.0,-3.7661257
20.0,13.0,60.0,-3.7661257
13.0,20.0,61.0,8.139041
20.0,13.0,61.0,8.139041
13.0,20.0,62.0,14.493725
20.0,13.0,62.0,14.493725
13.0,20.0,63.0,0.37290356
20.0,13.0,63.0,0.37290356
13.0,20.0,64.0,16.359179
20.0,13.0,64.0,16.359179
13.0,20.0,65.0,3.906487
20.0,13.0,65.0,3.906487
13.0,20.0,66.0,6.6401396
20.0,13.0,66.0,6.6401396
13.0,20.0,67.0,22.10993
20.0,13.0,67.0,22.10993
13.0,20.0,68.0,-6.2828145
20.0,13.0,68.0,-6.2828145
13.0,20.0,69.0,10.294665
20.0,13.0,69.0,10.294665
13.0,21.0,38.0,13.3568325
21.0,13.0,38.0,13.3568325
13.0,21.0,39.0,14.843896
21.0,13.0,39.0,14.843896
13.0,21.0,40.0,28.433361
21.0,13.0,40.0,28.433361
13.0,21.0,41.0,17.37671
21.0,13.0,41.0,17.37671
13.0,21.0,42.0,3.36136
21.0,13.0,42.0,3.36136
13.0,21.0,43.0,37.907753
21.0,13.0,43.0,37.907753
13.0,21.0,44.0,10.779292
21.0,13.0,44.0,10.779292
13.0,21.0,45.0,-3.9733357
21.0,13.0,45.0,-3.9733357
13.0,21.0,46.0,26.996624
21.0,13.0,46.0,26.996624
13.0,21.0,47.0,10.915422
21.0,13.0,47.0,10.915422
13.0,21.0,48.0,-5.340878
21.0,13.0,48.0,-5.340878
13.0,21.0,49.0,-2.02986
21.0,13.0,49.0,-2.02986
13.0,21.0,50.0,10.317248
21.0,13.0,50.0,10.317248
13.0,21.0,51.0,41.156082
21.0,13.0,51.0,41.156082
13.0,21.0,52.0,16.480305
21.0,13.0,52.0,16.480305
13.0,21.0,53.0,7.5527797
21.0,13.0,53.0,7.5527797
13.0,21.0,54.0,6.2939534
21.0,13.0,54.0,6.2939534
13.0,21.0,55.0,4.8009043
21.0,13.0,55.0,4.8009043
13.0,21.0,56.0,21.29296
21.0,13.0,56.0,21.29296
13.0,21.0,57.0,11.055026
21.0,13.0,57.0,11.055026
13.0,21.0,58.0,28.68064
21.0,13.0,58.0,28.68064
13.0,21.0,59.0,6.8971953
21.0,13.0,59.0,6.8971953
13.0,21.0,60.0,17.410624
21.0,13.0,60.0,17.410624
13.0,21.0,61.0,72.45465
21.0,13.0,61.0,72.45465
13.0,21.0,62.0,25.32226
21.0,13.0,62.0,25.32226
13.0,21.0,63.0,14.453994
21.0,13.0,63.0,14.453994
13.0,21.0,64.0,21.108639
21.0,13.0,64.0,21.108639
13.0,21.0,65.0,4.7140203
21.0,13.0,65.0,4.7140203
13.0,21.0,66.0,0.013332722
21.0,13.0,66.0,0.013332722
13.0,21.0,67.0,-23.095058
21.0,13.0,67.0,-23.095058
13.0,21.0,68.0,16.154573
21.0,13.0,68.0,16.154573
13.0,21.0,69.0,28.275108
21.0,13.0,69.0,28.275108
13.0,16.0,38.0,16.362387
16.0,13.0,38.0,16.362387
13.0,16.0,39.0,11.539728
16.0,13.0,39.0,11.539728
13.0,16.0,40.0,15.974559
16.0,13.0,40.0,15.974559
13.0,16.0,41.0,14.885571
16.0,13.0,41.0,14.885571
13.0,16.0,42.0,9.502972
16.0,13.0,42.0,9.502972
13.0,16.0,43.0,14.532002
16.0,13.0,43.0,14.532002
13.0,16.0,44.0,15.6755705
16.0,13.0,44.0,15.6755705
13.0,16.0,45.0,20.635118
16.0,13.0,45.0,20.635118
13.0,16.0,46.0,15.500196
16.0,13.0,46.0,15.500196
13.0,16.0,47.0,13.612386
16.0,13.0,47.0,13.612386
13.0,16.0,48.0,3.5957475
16.0,13.0,48.0,3.5957475
13.0,16.0,49.0,7.138885
16.0,13.0,49.0,7.138885
13.0,16.0,50.0,9.000762
16.0,13.0,50.0,9.000762
13.0,16.0,51.0,-7.598598
16.0,13.0,51.0,-7.598598
13.0,16.0,52.0,22.159643
16.0,13.0,52.0,22.159643
13.0,16.0,53.0,14.436748
16.0,13.0,53.0,14.436748
13.0,16.0,54.0,21.488647
16.0,13.0,54.0,21.488647
13.0,16.0,55.0,15.973847
16.0,13.0,55.0,15.973847
13.0,16.0,56.0,7.9109664
16.0,13.0,56.0,7.9109664
13.0,16.0,57.0,14.70213
16.0,13.0,57.0,14.70213
13.0,16.0,58.0,11.99412
16.0,13.0,58.0,11.99412
13.0,16.0,59.0,9.203536
16.0,13.0,59.0,9.203536
13.0,16.0,60.0,19.646961
16.0,13.0,60.0,19.646961
13.0,16.0,61.0,11.811346
16.0,13.0,61.0,11.811346
13.0,16.0,62.0,20.146898
16.0,13.0,62.0,20.146898
13.0,16.0,63.0,30.099949
16.0,13.0,63.0,30.099949
13.0,16.0,64.0,29.702372
16.0,13.0,64.0,29.702372
13.0,16.0,65.0,16.4067
16.0,13.0,65.0,16.4067
13.0,16.0,66.0,17.092546
16.0,13.0,66.0,17.092546
13.0,16.0,67.0,9.02525
16.0,13.0,67.0,9.02525
13.0,16.0,68.0,13.6813
16.0,13.0,68.0,13.6813
13.0,16.0,69.0,18.833961
16.0,13.0,69.0,18.833961
13.0,22.0,38.0,-12.667918
22.0,13.0,38.0,-12.667918
13.0,22.0,39.0,14.243658
22.0,13.0,39.0,14.243658
13.0,22.0,40.0,27.921253
22.0,13.0,40.0,27.921253
13.0,22.0,41.0,25.653273
22.0,13.0,41.0,25.653273
13.0,22.0,42.0,8.301882
22.0,13.0,42.0,8.301882
13.0,22.0,43.0,16.15333
22.0,13.0,43.0,16.15333
13.0,22.0,44.0,12.5162945
22.0,13.0,44.0,12.5162945
13.0,22.0,45.0,2.9442246
22.0,13.0,45.0,2.9442246
13.0,22.0,46.0,33.454514
22.0,13.0,46.0,33.454514
13.0,22.0,47.0,23.950556
22.0,13.0,47.0,23.950556
13.0,22.0,48.0,-151.66246
22.0,13.0,48.0,-151.66246
13.0,22.0,49.0,18.6709
22.0,13.0,49.0,18.6709
13.0,22.0,50.0,19.183279
22.0,13.0,50.0,19.183279
13.0,22.0,51.0,29.458347
22.0,13.0,51.0,29.458347
13.0,22.0,52.0,26.44533
22.0,13.0,52.0,26.44533
13.0,22.0,53.0,10.6005945
22.0,13.0,53.0,10.6005945
13.0,22.0,54.0,4.3947735
22.0,13.0,54.0,4.3947735
13.0,22.0,55.0,23.890032
22.0,13.0,55.0,23.890032
13.0,22.0,56.0,-6.5347614
22.0,13.0,56.0,-6.5347614
13.0,22.0,57.0,16.723372
22.0,13.0,57.0,16.723372
13.0,22.0,58.0,9.861543
22.0,13.0,58.0,9.861543
13.0,22.0,59.0,-14.1514225
22.0,13.0,59.0,-14.1514225
13.0,22.0,60.0,24.562798
22.0,13.0,60.0,24.562798
13.0,22.0,61.0,2.2510164
22.0,13.0,61.0,2.2510164
13.0,22.0,62.0,31.66895
22.0,13.0,62.0,31.66895
13.0,22.0,63.0,7.756986
22.0,13.0,63.0,7.756986
13.0,22.0,64.0,32.90661
22.0,13.0,64.0,32.90661
13.0,22.0,65.0,15.039908
22.0,13.0,65.0,15.039908
13.0,22.0,66.0,6.9735208
22.0,13.0,66.0,6.9735208
13.0,22.0,67.0,15.724412
22.0,13.0,67.0,15.724412
13.0,22.0,68.0,17.883192
22.0,13.0,68.0,17.883192
13.0,22.0,69.0,27.358343
22.0,13.0,69.0,27.358343
34.0,26.0,38.0,12.571605
26.0,34.0,38.0,12.571605
34.0,26.0,39.0,5.5329733
26.0,34.0,39.0,5.5329733
34.0,26.0,40.0,6.231897
26.0,34.0,40.0,6.231897
34.0,26.0,41.0,4.4664354
26.0,34.0,41.0,4.4664354
34.0,26.0,42.0,12.2116585
26.0,34.0,42.0,12.2116585
34.0,26.0,43.0,-8.735216
26.0,34.0,43.0,-8.735216
34.0,26.0,44.0,1.1489755
26.0,34.0,44.0,1.1489755
34.0,26.0,45.0,-0.6542619
26.0,34.0,45.0,-0.6542619
34.0,26.0,46.0,8.948043
26.0,34.0,46.0,8.948043
34.0,26.0,47.0,3.7200456
26.0,34.0,47.0,3.7200456
34.0,26.0,48.0,-8.420717
26.0,34.0,48.0,-8.420717
34.0,26.0,49.0,-0.37434465
26.0,34.0,49.0,-0.37434465
34.0,26.0,50.0,4.4030414
26.0,34.0,50.0,4.4030414
34.0,26.0,51.0,-46.936085
26.0,34.0,51.0,-46.936085
34.0,26.0,52.0,4.4385757
26.0,34.0,52.0,4.4385757
34.0,26.0,53.0,-11.301746
26.0,34.0,53.0,-11.301746
34.0,26.0,54.0,1.9170499
26.0,34.0,54.0,1.9170499
34.0,26.0,55.0,-0.7898508
26.0,34.0,55.0,-0.7898508
34.0,26.0,56.0,10.565914
26.0,34.0,56.0,10.565914
34.0,26.0,57.0,-0.17702754
26.0,34.0,57.0,-0.17702754
34.0,26.0,58.0,13.916614
26.0,34.0,58.0,13.916614
34.0,26.0,59.0,16.952946
26.0,34.0,59.0,16.952946
34.0,26.0,60.0,-0.901579
26.0,34.0,60.0,-0.901579
34.0,26.0,61.0,8.451469
26.0,34.0,61.0,8.451469
34.0,26.0,62.0,8.273451
26.0,34.0,62.0,8.273451
34.0,26.0,63.0,2.644909
26.0,34.0,63.0,2.644909
34.0,26.0,64.0,6.054163
26.0,34.0,64.0,6.054163
34.0,26.0,65.0,0.9857853
26.0,34.0,65.0,0.9857853
34.0,26.0,66.0,1.0849944
26.0,34.0,66.0,1.0849944
34.0,26.0,67.0,-10.847387
26.0,34.0,67.0,-10.847387
34.0,26.0,68.0,12.481311
26.0,34.0,68.0,12.481311
34.0,26.0,69.0,11.507506
26.0,34.0,69.0,11.507506
34.0,0.0,38.0,10.268771
0.0,34.0,38.0,10.268771
34.0,0.0,39.0,7.999704
0.0,34.0,39.0,7.999704
34.0,0.0,40.0,4.0536833
0.0,34.0,40.0,4.0536833
34.0,0.0,41.0,3.8440568
0.0,34.0,41.0,3.8440568
34.0,0.0,42.0,5.882611
0.0,34.0,42.0,5.882611
34.0,0.0,43.0,14.392322
0.0,34.0,43.0,14.392322
34.0,0.0,44.0,-11.814539
0.0,34.0,44.0,-11.814539
34.0,0.0,45.0,-3.8570518
0.0,34.0,45.0,-3.8570518
34.0,0.0,46.0,-6.5308
0.0,34.0,46.0,-6.5308
34.0,0.0,47.0,6.589106
0.0,34.0,47.0,6.589106
34.0,0.0,48.0,6.1983967
0.0,34.0,48.0,6.1983967
34.0,0.0,49.0,10.217636
0.0,34.0,49.0,10.217636
34.0,0.0,50.0,-2.4216516
0.0,34.0,50.0,-2.4216516
34.0,0.0,51.0,1.2289482
0.0,34.0,51.0,1.2289482
34.0,0.0,52.0,-4.758914
0.0,34.0,52.0,-4.758914
34.0,0.0,53.0,-4.144221
0.0,34.0,53.0,-4.144221
34.0,0.0,54.0,0.2285126
0.0,34.0,54.0,0.2285126
34.0,0.0,55.0,3.2438204
0.0,34.0,55.0,3.2438204
34.0,0.0,56.0,10.786192
0.0,34.0,56.0,10.786192
34.0,0.0,57.0,1.3522977
0.0,34.0,57.0,1.3522977
34.0,0.0,58.0,22.952452
0.0,34.0,58.0,22.952452
34.0,0.0,59.0,18.236483
0.0,34.0,59.0,18.236483
34.0,0.0,60.0,2.1442268
0.0,34.0,60.0,2.1442268
34.0,0.0,61.0,8.654674
0.0,34.0,61.0,8.654674
34.0,0.0,62.0,4.784015
0.0,34.0,62.0,4.784015
34.0,0.0,63.0,1.9787136
0.0,34.0,63.0,1.9787136
34.0,0.0,64.0,5.320234
0.0,34.0,64.0,5.320234
34.0,0.0,65.0,2.9675474
0.0,34.0,65.0,2.9675474
34.0,0.0,66.0,-5.188426
0.0,34.0,66.0,-5.188426
34.0,0.0,67.0,14.844553
0.0,34.0,67.0,14.844553
34.0,0.0,68.0,2.358566
0.0,34.0,68.0,2.358566
34.0,0.0,69.0,0.2730387
0.0,34.0,69.0,0.2730387
34.0,1.0,38.0,10.209524
1.0,34.0,38.0,10.209524
34.0,1.0,39.0,6.602228
1.0,34.0,39.0,6.602228
34.0,1.0,40.0,8.468124
1.0,34.0,40.0,8.468124
34.0,1.0,41.0,-0.5904866
1.0,34.0,41.0,-0.5904866
34.0,1.0,42.0,17.922216
1.0,34.0,42.0,17.922216
34.0,1.0,43.0,-11.405335
1.0,34.0,43.0,-11.405335
34.0,1.0,44.0,-2.6618085
1.0,34.0,44.0,-2.6618085
34.0,1.0,45.0,2.7291126
1.0,34.0,45.0,2.7291126
34.0,1.0,46.0,5.0259976
1.0,34.0,46.0,5.0259976
34.0,1.0,47.0,-1.6849551
1.0,34.0,47.0,-1.6849551
34.0,1.0,48.0,-13.441307
1.0,34.0,48.0,-13.441307
34.0,1.0,49.0,5.0060186
1.0,34.0,49.0,5.0060186
34.0,1.0,50.0,7.914196
1.0,34.0,50.0,7.914196
34.0,1.0,51.0,-14.393932
1.0,34.0,51.0,-14.393932
34.0,1.0,52.0,20.992605
1.0,34.0,52.0,20.992605
34.0,1.0,53.0,-0.21761657
1.0,34.0,53.0,-0.21761657
34.0,1.0,54.0,0.6429309
1.0,34.0,54.0,0.6429309
34.0,1.0,55.0,2.4611373
1.0,34.0,55.0,2.4611373
34.0,1.0,56.0,-1.2110182
1.0,34.0,56.0,-1.2110182
34.0,1.0,57.0,-4.63707
1.0,34.0,57.0,-4.63707
34.0,1.0,58.0,16.558062
1.0,34.0,58.0,16.558062
34.0,1.0,59.0,11.9850645
1.0,34.0,59.0,11.9850645
34.0,1.0,60.0,-3.3280404
1.0,34.0,60.0,-3.3280404
34.0,1.0,61.0,18.241848
1.0,34.0,61.0,18.241848
34.0,1.0,62.0,7.593249
1.0,34.0,62.0,7.593249
34.0,1.0,63.0,11.739991
1.0,34.0,63.0,11.739991
34.0,1.0,64.0,21.802555
1.0,34.0,64.0,21.802555
34.0,1.0,65.0,-1.5781691
1.0,34.0,65.0,-1.5781691
34.0,1.0,66.0,2.5329306
1.0,34.0,66.0,2.5329306
34.0,1.0,67.0,4.5455594
1.0,34.0,67.0,4.5455594
34.0,1.0,68.0,8.694008
1.0,34.0,68.0,8.694008
34.0,1.0,69.0,-3.7141113
1.0,34.0,69.0,-3.7141113
34.0,2.0,38.0,21.565075
2.0,34.0,38.0,21.565075
34.0,2.0,39.0,24.624798
2.0,34.0,39.0,24.624798
34.0,2.0,40.0,34.29024
2.0,34.0,40.0,34.29024
34.0,2.0,41.0,32.234722
2.0,34.0,41.0,32.234722
34.0,2.0,42.0,29.932487
2.0,34.0,42.0,29.932487
34.0,2.0,43.0,8.522269
2.0,34.0,43.0,8.522269
34.0,2.0,44.0,20.531599
2.0,34.0,44.0,20.531599
34.0,2.0,45.0,15.39017
2.0,34.0,45.0,15.39017
34.0,2.0,46.0,23.380976
2.0,34.0,46.0,23.380976
34.0,2.0,47.0,26.109566
2.0,34.0,47.0,26.109566
34.0,2.0,48.0,78.42964
2.0,34.0,48.0,78.42964
34.0,2.0,49.0,27.917768
2.0,34.0,49.0,27.917768
34.0,2.0,50.0,29.433424
2.0,34.0,50.0,29.433424
34.0,2.0,51.0,14.439095
2.0,34.0,51.0,14.439095
34.0,2.0,52.0,22.571861
2.0,34.0,52.0,22.571861
34.0,2.0,53.0,25.783834
2.0,34.0,53.0,25.783834
34.0,2.0,54.0,15.23749
2.0,34.0,54.0,15.23749
34.0,2.0,55.0,27.949104
2.0,34.0,55.0,27.949104
34.0,2.0,56.0,18.270514
2.0,34.0,56.0,18.270514
34.0,2.0,57.0,22.660927
2.0,34.0,57.0,22.660927
34.0,2.0,58.0,41.7839
2.0,34.0,58.0,41.7839
34.0,2.0,59.0,41.443264
2.0,34.0,59.0,41.443264
34.0,2.0,60.0,7.7437887
2.0,34.0,60.0,7.7437887
34.0,2.0,61.0,32.73214
2.0,34.0,61.0,32.73214
34.0,2.0,62.0,25.71338
2.0,34.0,62.0,25.71338
34.0,2.0,63.0,24.437338
2.0,34.0,63.0,24.437338
34.0,2.0,64.0,27.00942
2.0,34.0,64.0,27.00942
34.0,2.0,65.0,21.031433
2.0,34.0,65.0,21.031433
34.0,2.0,66.0,20.901731
2.0,34.0,66.0,20.901731
34.0,2.0,67.0,103.20811
2.0,34.0,67.0,103.20811
34.0,2.0,68.0,25.294857
2.0,34.0,68.0,25.294857
34.0,2.0,69.0,41.998386
2.0,34.0,69.0,41.998386
34.0,3.0,38.0,7.7330503
3.0,34.0,38.0,7.7330503
34.0,3.0,39.0,-16.884977
3.0,34.0,39.0,-16.884977
34.0,3.0,40.0,28.458904
3.0,34.0,40.0,28.458904
34.0,3.0,41.0,-5.642083
3.0,34.0,41.0,-5.642083
34.0,3.0,42.0,17.120516
3.0,34.0,42.0,17.120516
34.0,3.0,43.0,-5.7721763
3.0,34.0,43.0,-5.7721763
34.0,3.0,44.0,7.0012813
3.0,34.0,44.0,7.0012813
34.0,3.0,45.0,-1.9958794
3.0,34.0,45.0,-1.9958794
34.0,3.0,46.0,-0.97805154
3.0,34.0,46.0,-0.97805154
34.0,3.0,47.0,-13.094038
3.0,34.0,47.0,-13.094038
34.0,3.0,48.0,-2.7690108
3.0,34.0,48.0,-2.7690108
34.0,3.0,49.0,11.266177
3.0,34.0,49.0,11.266177
34.0,3.0,50.0,-1.2430878
3.0,34.0,50.0,-1.2430878
34.0,3.0,51.0,70.07591
3.0,34.0,51.0,70.07591
34.0,3.0,52.0,-7.2656174
3.0,34.0,52.0,-7.2656174
34.0,3.0,53.0,14.101357
3.0,34.0,53.0,14.101357
34.0,3.0,54.0,9.643132
3.0,34.0,54.0,9.643132
34.0,3.0,55.0,-20.524601
3.0,34.0,55.0,-20.524601
34.0,3.0,56.0,-3.9741335
3.0,34.0,56.0,-3.9741335
34.0,3.0,57.0,-7.3122582
3.0,34.0,57.0,-7.3122582
34.0,3.0,58.0,3.851251
3.0,34.0,58.0,3.851251
34.0,3.0,59.0,3.8782802
3.0,34.0,59.0,3.8782802
34.0,3.0,60.0,-8.047526
3.0,34.0,60.0,-8.047526
34.0,3.0,61.0,2.399752
3.0,34.0,61.0,2.399752
34.0,3.0,62.0,-7.28669
3.0,34.0,62.0,-7.28669
34.0,3.0,63.0,-11.179981
3.0,34.0,63.0,-11.179981
34.0,3.0,64.0,-2.8623087
3.0,34.0,64.0,-2.8623087
34.0,3.0,65.0,10.92398
3.0,34.0,65.0,10.92398
34.0,3.0,66.0,4.710934
3.0,34.0,66.0,4.710934
34.0,3.0,67.0,0.23473781
3.0,34.0,67.0,0.23473781
34.0,3.0,68.0,-3.7140465
3.0,34.0,68.0,-3.7140465
34.0,3.0,69.0,9.317681
3.0,34.0,69.0,9.317681
34.0,27.0,38.0,3.2486129
27.0,34.0,38.0,3.2486129
34.0,27.0,39.0,1.7062315
27.0,34.0,39.0,1.7062315
34.0,27.0,40.0,-5.678433
27.0,34.0,40.0,-5.678433
34.0,27.0,41.0,8.799908
27.0,34.0,41.0,8.799908
34.0,27.0,42.0,9.282071
27.0,34.0,42.0,9.282071
34.0,27.0,43.0,-15.273844
27.0,34.0,43.0,-15.273844
34.0,27.0,44.0,-8.64337
27.0,34.0,44.0,-8.64337
34.0,27.0,45.0,7.1752353
27.0,34.0,45.0,7.1752353
34.0,27.0,46.0,0.09955261
27.0,34.0,46.0,0.09955261
34.0,27.0,47.0,4.2962728
27.0,34.0,47.0,4.2962728
34.0,27.0,48.0,-9.651886
27.0,34.0,48.0,-9.651886
34.0,27.0,49.0,-11.098331
27.0,34.0,49.0,-11.098331
34.0,27.0,50.0,6.3467083
27.0,34.0,50.0,6.3467083
34.0,27.0,51.0,-18.452024
27.0,34.0,51.0,-18.452024
34.0,27.0,52.0,-0.8646873
27.0,34.0,52.0,-0.8646873
34.0,27.0,53.0,-4.212482
27.0,34.0,53.0,-4.212482
34.0,27.0,54.0,-4.1106005
27.0,34.0,54.0,-4.1106005
34.0,27.0,55.0,-5.127499
27.0,34.0,55.0,-5.127499
34.0,27.0,56.0,-4.5858283
27.0,34.0,56.0,-4.5858283
34.0,27.0,57.0,-6.397715
27.0,34.0,57.0,-6.397715
34.0,27.0,58.0,-2.8917046
27.0,34.0,58.0,-2.8917046
34.0,27.0,59.0,10.395317
27.0,34.0,59.0,10.395317
34.0,27.0,60.0,8.603726
27.0,34.0,60.0,8.603726
34.0,27.0,61.0,-5.4206953
27.0,34.0,61.0,-5.4206953
34.0,27.0,62.0,4.232239
27.0,34.0,62.0,4.232239
34.0,27.0,63.0,-3.2223623
27.0,34.0,63.0,-3.2223623
34.0,27.0,64.0,5.636262
27.0,34.0,64.0,5.636262
34.0,27.0,65.0,0.8806345
27.0,34.0,65.0,0.8806345
34.0,27.0,66.0,6.090205
27.0,34.0,66.0,6.090205
34.0,27.0,67.0,-36.190548
27.0,34.0,67.0,-36.190548
34.0,27.0,68.0,-1.9689445
27.0,34.0,68.0,-1.9689445
34.0,27.0,69.0,7.3836527
27.0,34.0,69.0,7.3836527
34.0,28.0,38.0,-3.5525384
28.0,34.0,38.0,-3.5525384
34.0,28.0,39.0,2.0161073
28.0,34.0,39.0,2.0161073
34.0,28.0,40.0,-3.2547705
28.0,34.0,40.0,-3.2547705
34.0,28.0,41.0,5.3450084
28.0,34.0,41.0,5.3450084
34.0,28.0,42.0,3.0002236
28.0,34.0,42.0,3.0002236
34.0,28.0,43.0,5.0238705
28.0,34.0,43.0,5.0238705
34.0,28.0,44.0,-13.093751
28.0,34.0,44.0,-13.093751
34.0,28.0,45.0,5.8216796
28.0,34.0,45.0,5.8216796
34.0,28.0,46.0,-9.867297
28.0,34.0,46.0,-9.867297
34.0,28.0,47.0,8.956766
28.0,34.0,47.0,8.956766
34.0,28.0,48.0,-24.116652
28.0,34.0,48.0,-24.116652
34.0,28.0,49.0,-10.069429
28.0,34.0,49.0,-10.069429
34.0,28.0,50.0,-5.9759297
28.0,34.0,50.0,-5.9759297
34.0,28.0,51.0,-6.009564
28.0,34.0,51.0,-6.009564
34.0,28.0,52.0,1.0038689
28.0,34.0,52.0,1.0038689
34.0,28.0,53.0,1.5190971
28.0,34.0,53.0,1.5190971
34.0,28.0,54.0,4.066164
28.0,34.0,54.0,4.066164
34.0,28.0,55.0,-2.6993523
28.0,34.0,55.0,-2.6993523
34.0,28.0,56.0,-0.8592306
28.0,34.0,56.0,-0.8592306
34.0,28.0,57.0,-4.365041
28.0,34.0,57.0,-4.365041
34.0,28.0,58.0,10.402764
28.0,34.0,58.0,10.402764
34.0,28.0,59.0,4.9651756
28.0,34.0,59.0,4.9651756
34.0,28.0,60.0,-2.239036
28.0,34.0,60.0,-2.239036
34.0,28.0,61.0,3.066052
28.0,34.0,61.0,3.066052
34.0,28.0,62.0,4.9606557
28.0,34.0,62.0,4.9606557
34.0,28.0,63.0,-4.515016
28.0,34.0,63.0,-4.515016
34.0,28.0,64.0,13.057367
28.0,34.0,64.0,13.057367
34.0,28.0,65.0,-2.1577594
28.0,34.0,65.0,-2.1577594
34.0,28.0,66.0,3.5516946
28.0,34.0,66.0,3.5516946
34.0,28.0,67.0,-33.56755
28.0,34.0,67.0,-33.56755
34.0,28.0,68.0,-8.234593
28.0,34.0,68.0,-8.234593
34.0,28.0,69.0,-1.8065228
28.0,34.0,69.0,-1.8065228
34.0,4.0,38.0,32.188282
4.0,34.0,38.0,32.188282
34.0,4.0,39.0,60.443623
4.0,34.0,39.0,60.443623
34.0,4.0,40.0,0.56328446
4.0,34.0,40.0,0.56328446
34.0,4.0,41.0,47.88025
4.0,34.0,41.0,47.88025
34.0,4.0,42.0,8.294601
4.0,34.0,42.0,8.294601
34.0,4.0,43.0,36.85213
4.0,34.0,43.0,36.85213
34.0,4.0,44.0,-8.823828
4.0,34.0,44.0,-8.823828
34.0,4.0,45.0,-12.287667
4.0,34.0,45.0,-12.287667
34.0,4.0,46.0,-41.8429
4.0,34.0,46.0,-41.8429
34.0,4.0,47.0,37.46797
4.0,34.0,47.0,37.46797
34.0,4.0,48.0,13.879461
4.0,34.0,48.0,13.879461
34.0,4.0,49.0,44.177227
4.0,34.0,49.0,44.177227
34.0,4.0,50.0,25.642561
4.0,34.0,50.0,25.642561
34.0,4.0,51.0,46.45779
4.0,34.0,51.0,46.45779
34.0,4.0,52.0,39.381527
4.0,34.0,52.0,39.381527
34.0,4.0,53.0,-25.425795
4.0,34.0,53.0,-25.425795
34.0,4.0,54.0,22.559353
4.0,34.0,54.0,22.559353
34.0,4.0,55.0,58.176964
4.0,34.0,55.0,58.176964
34.0,4.0,56.0,14.127989
4.0,34.0,56.0,14.127989
34.0,4.0,57.0,24.86301
4.0,34.0,57.0,24.86301
34.0,4.0,58.0,79.50156
4.0,34.0,58.0,79.50156
34.0,4.0,59.0,37.223034
4.0,34.0,59.0,37.223034
34.0,4.0,60.0,6.0183506
4.0,34.0,60.0,6.0183506
34.0,4.0,61.0,19.262552
4.0,34.0,61.0,19.262552
34.0,4.0,62.0,-16.403858
4.0,34.0,62.0,-16.403858
34.0,4.0,63.0,39.028168
4.0,34.0,63.0,39.028168
34.0,4.0,64.0,1.9320859
4.0,34.0,64.0,1.9320859
34.0,4.0,65.0,16.78464
4.0,34.0,65.0,16.78464
34.0,4.0,66.0,31.77808
4.0,34.0,66.0,31.77808
34.0,4.0,67.0,18.602663
4.0,34.0,67.0,18.602663
34.0,4.0,68.0,9.869447
4.0,34.0,68.0,9.869447
34.0,4.0,69.0,29.377344
4.0,34.0,69.0,29.377344
34.0,29.0,38.0,-5.9672804
29.0,34.0,38.0,-5.9672804
34.0,29.0,39.0,1.3160933
29.0,34.0,39.0,1.3160933
34.0,29.0,40.0,3.0534027
29.0,34.0,40.0,3.0534027
34.0,29.0,41.0,4.603436
29.0,34.0,41.0,4.603436
34.0,29.0,42.0,8.5183325
29.0,34.0,42.0,8.5183325
34.0,29.0,43.0,2.0363433
29.0,34.0,43.0,2.0363433
34.0,29.0,44.0,-19.724964
29.0,34.0,44.0,-19.724964
34.0,29.0,45.0,4.549552
29.0,34.0,45.0,4.549552
34.0,29.0,46.0,-6.784934
29.0,34.0,46.0,-6.784934
34.0,29.0,47.0,11.181894
29.0,34.0,47.0,11.181894
34.0,29.0,48.0,-21.360998
29.0,34.0,48.0,-21.360998
34.0,29.0,49.0,19.899033
29.0,34.0,49.0,19.899033
34.0,29.0,50.0,0.34005797
29.0,34.0,50.0,0.34005797
34.0,29.0,51.0,9.423775
29.0,34.0,51.0,9.423775
34.0,29.0,52.0,11.317262
29.0,34.0,52.0,11.317262
34.0,29.0,53.0,-20.664616
29.0,34.0,53.0,-20.664616
34.0,29.0,54.0,6.7663383
29.0,34.0,54.0,6.7663383
34.0,29.0,55.0,9.125434
29.0,34.0,55.0,9.125434
34.0,29.0,56.0,19.240526
29.0,34.0,56.0,19.240526
34.0,29.0,57.0,-3.2120945
29.0,34.0,57.0,-3.2120945
34.0,29.0,58.0,29.663244
29.0,34.0,58.0,29.663244
34.0,29.0,59.0,26.591938
29.0,34.0,59.0,26.591938
34.0,29.0,60.0,4.662386
29.0,34.0,60.0,4.662386
34.0,29.0,61.0,-19.486908
29.0,34.0,61.0,-19.486908
34.0,29.0,62.0,13.755912
29.0,34.0,62.0,13.755912
34.0,29.0,63.0,4.234851
29.0,34.0,63.0,4.234851
34.0,29.0,64.0,20.04236
29.0,34.0,64.0,20.04236
34.0,29.0,65.0,4.093926
29.0,34.0,65.0,4.093926
34.0,29.0,66.0,5.7477202
29.0,34.0,66.0,5.7477202
34.0,29.0,67.0,-7.2443047
29.0,34.0,67.0,-7.2443047
34.0,29.0,68.0,7.962708
29.0,34.0,68.0,7.962708
34.0,29.0,69.0,-3.647114
29.0,34.0,69.0,-3.647114
34.0,5.0,38.0,-6.5322065
5.0,34.0,38.0,-6.5322065
34.0,5.0,39.0,-4.59646
5.0,34.0,39.0,-4.59646
34.0,5.0,40.0,6.2603273
5.0,34.0,40.0,6.2603273
34.0,5.0,41.0,-8.228689
5.0,34.0,41.0,-8.228689
34.0,5.0,42.0,17.141636
5.0,34.0,42.0,17.141636
34.0,5.0,43.0,-12.600996
5.0,34.0,43.0,-12.600996
34.0,5.0,44.0,0.5953013
5.0,34.0,44.0,0.5953013
34.0,5.0,45.0,-14.827031
5.0,34.0,45.0,-14.827031
34.0,5.0,46.0,-3.5055487
5.0,34.0,46.0,-3.5055487
34.0,5.0,47.0,-6.266164
5.0,34.0,47.0,-6.266164
34.0,5.0,48.0,-5.5578485
5.0,34.0,48.0,-5.5578485
34.0,5.0,49.0,-7.1852713
5.0,34.0,49.0,-7.1852713
34.0,5.0,50.0,-3.5205584
5.0,34.0,50.0,-3.5205584
34.0,5.0,51.0,-13.13814
5.0,34.0,51.0,-13.13814
34.0,5.0,52.0,4.081924
5.0,34.0,52.0,4.081924
34.0,5.0,53.0,-9.3299885
5.0,34.0,53.0,-9.3299885
34.0,5.0,54.0,9.618641
5.0,34.0,54.0,9.618641
34.0,5.0,55.0,-4.483571
5.0,34.0,55.0,-4.483571
34.0,5.0,56.0,-12.065277
5.0,34.0,56.0,-12.065277
34.0,5.0,57.0,-8.486772
5.0,34.0,57.0,-8.486772
34.0,5.0,58.0,13.723933
5.0,34.0,58.0,13.723933
34.0,5.0,59.0,-2.067041
5.0,34.0,59.0,-2.067041
34.0,5.0,60.0,-12.230434
5.0,34.0,60.0,-12.230434
34.0,5.0,61.0,11.334112
5.0,34.0,61.0,11.334112
34.0,5.0,62.0,-6.3283725
5.0,34.0,62.0,-6.3283725
34.0,5.0,63.0,4.1516094
5.0,34.0,63.0,4.1516094
34.0,5.0,64.0,1.8100868
5.0,34.0,64.0,1.8100868
34.0,5.0,65.0,-5.497578
5.0,34.0,65.0,-5.497578
34.0,5.0,66.0,-12.439859
5.0,34.0,66.0,-12.439859
34.0,5.0,67.0,-28.640865
5.0,34.0,67.0,-28.640865
34.0,5.0,68.0,-0.04677412
5.0,34.0,68.0,-0.04677412
34.0,5.0,69.0,8.128269
5.0,34.0,69.0,8.128269
34.0,30.0,38.0,-1.0487267
30.0,34.0,38.0,-1.0487267
34.0,30.0,39.0,5.7415133
30.0,34.0,39.0,5.7415133
34.0,30.0,40.0,5.3412127
30.0,34.0,40.0,5.3412127
34.0,30.0,41.0,-7.093803
30.0,34.0,41.0,-7.093803
34.0,30.0,42.0,-8.557032
30.0,34.0,42.0,-8.557032
34.0,30.0,43.0,-14.945233
30.0,34.0,43.0,-14.945233
34.0,30.0,44.0,-4.024221
30.0,34.0,44.0,-4.024221
34.0,30.0,45.0,-14.10937
30.0,34.0,45.0,-14.10937
34.0,30.0,46.0,10.444205
30.0,34.0,46.0,10.444205
34.0,30.0,47.0,-5.290924
30.0,34.0,47.0,-5.290924
34.0,30.0,48.0,-17.382013
30.0,34.0,48.0,-17.382013
34.0,30.0,49.0,1.9476556
30.0,34.0,49.0,1.9476556
34.0,30.0,50.0,-11.846467
30.0,34.0,50.0,-11.846467
34.0,30.0,51.0,-30.176281
30.0,34.0,51.0,-30.176281
34.0,30.0,52.0,-3.4572952
30.0,34.0,52.0,-3.4572952
34.0,30.0,53.0,-17.00698
30.0,34.0,53.0,-17.00698
34.0,30.0,54.0,6.148064
30.0,34.0,54.0,6.148064
34.0,30.0,55.0,-8.36117
30.0,34.0,55.0,-8.36117
34.0,30.0,56.0,0.45738587
30.0,34.0,56.0,0.45738587
34.0,30.0,57.0,-19.996237
30.0,34.0,57.0,-19.996237
34.0,30.0,58.0,-8.405893
30.0,34.0,58.0,-8.405893
34.0,30.0,59.0,-9.643285
30.0,34.0,59.0,-9.643285
34.0,30.0,60.0,-10.082279
30.0,34.0,60.0,-10.082279
34.0,30.0,61.0,-1.320669
30.0,34.0,61.0,-1.320669
34.0,30.0,62.0,5.7010818
30.0,34.0,62.0,5.7010818
34.0,30.0,63.0,-0.9480612
30.0,34.0,63.0,-0.9480612
34.0,30.0,64.0,-21.221722
30.0,34.0,64.0,-21.221722
34.0,30.0,65.0,8.244397
30.0,34.0,65.0,8.244397
34.0,30.0,66.0,-12.614706
30.0,34.0,66.0,-12.614706
34.0,30.0,67.0,16.753506
30.0,34.0,67.0,16.753506
34.0,30.0,68.0,6.3263636
30.0,34.0,68.0,6.3263636
34.0,30.0,69.0,2.9925153
30.0,34.0,69.0,2.9925153
34.0,6.0,38.0,4.3397136
6.0,34.0,38.0,4.3397136
34.0,6.0,39.0,9.291022
6.0,34.0,39.0,9.291022
34.0,6.0,40.0,9.074919
6.0,34.0,40.0,9.074919
34.0,6.0,41.0,6.9333634
6.0,34.0,41.0,6.9333634
34.0,6.0,42.0,11.831784
6.0,34.0,42.0,11.831784
34.0,6.0,43.0,3.290805
6.0,34.0,43.0,3.290805
34.0,6.0,44.0,-6.4414372
6.0,34.0,44.0,-6.4414372
34.0,6.0,45.0,2.963227
6.0,34.0,45.0,2.963227
34.0,6.0,46.0,12.740278
6.0,34.0,46.0,12.740278
34.0,6.0,47.0,26.5095
6.0,34.0,47.0,26.5095
34.0,6.0,48.0,-18.985222
6.0,34.0,48.0,-18.985222
34.0,6.0,49.0,22.849121
6.0,34.0,49.0,22.849121
34.0,6.0,50.0,4.6795034
6.0,34.0,50.0,4.6795034
34.0,6.0,51.0,-26.995085
6.0,34.0,51.0,-26.995085
34.0,6.0,52.0,22.360014
6.0,34.0,52.0,22.360014
34.0,6.0,53.0,30.422697
6.0,34.0,53.0,30.422697
34.0,6.0,54.0,3.6113257
6.0,34.0,54.0,3.6113257
34.0,6.0,55.0,2.2410958
6.0,34.0,55.0,2.2410958
34.0,6.0,56.0,25.56607
6.0,34.0,56.0,25.56607
34.0,6.0,57.0,-2.8991678
6.0,34.0,57.0,-2.8991678
34.0,6.0,58.0,40.79165
6.0,34.0,58.0,40.79165
34.0,6.0,59.0,29.813765
6.0,34.0,59.0,29.813765
34.0,6.0,60.0,-3.4338906
6.0,34.0,60.0,-3.4338906
34.0,6.0,61.0,16.708824
6.0,34.0,61.0,16.708824
34.0,6.0,62.0,23.253216
6.0,34.0,62.0,23.253216
34.0,6.0,63.0,15.881663
6.0,34.0,63.0,15.881663
34.0,6.0,64.0,28.899176
6.0,34.0,64.0,28.899176
34.0,6.0,65.0,-2.5623636
6.0,34.0,65.0,-2.5623636
34.0,6.0,66.0,28.806414
6.0,34.0,66.0,28.806414
34.0,6.0,67.0,19.716145
6.0,34.0,67.0,19.716145
34.0,6.0,68.0,18.283243
6.0,34.0,68.0,18.283243
34.0,6.0,69.0,12.377751
6.0,34.0,69.0,12.377751
34.0,23.0,38.0,-0.74246323
23.0,34.0,38.0,-0.74246323
34.0,23.0,39.0,10.208977
23.0,34.0,39.0,10.208977
34.0,23.0,40.0,11.025996
23.0,34.0,40.0,11.025996
34.0,23.0,41.0,-5.5561514
23.0,34.0,41.0,-5.5561514
34.0,23.0,42.0,18.29097
23.0,34.0,42.0,18.29097
34.0,23.0,43.0,-2.28943
23.0,34.0,43.0,-2.28943
34.0,23.0,44.0,-2.7082872
23.0,34.0,44.0,-2.7082872
34.0,23.0,45.0,4.980938
23.0,34.0,45.0,4.980938
34.0,23.0,46.0,21.884457
23.0,34.0,46.0,21.884457
34.0,23.0,47.0,5.6026254
23.0,34.0,47.0,5.6026254
34.0,23.0,48.0,19.280731
23.0,34.0,48.0,19.280731
34.0,23.0,49.0,4.0063276
23.0,34.0,49.0,4.0063276
34.0,23.0,50.0,14.553858
23.0,34.0,50.0,14.553858
34.0,23.0,51.0,-24.803394
23.0,34.0,51.0,-24.803394
34.0,23.0,52.0,13.347237
23.0,34.0,52.0,13.347237
34.0,23.0,53.0,-1.618528
23.0,34.0,53.0,-1.618528
34.0,23.0,54.0,-134.29474
23.0,34.0,54.0,-134.29474
34.0,23.0,55.0,-0.7293588
23.0,34.0,55.0,-0.7293588
34.0,23.0,56.0,3.435372
23.0,34.0,56.0,3.435372
34.0,23.0,57.0,3.3044217
23.0,34.0,57.0,3.3044217
34.0,23.0,58.0,9.88459
23.0,34.0,58.0,9.88459
34.0,23.0,59.0,-2.1627445
23.0,34.0,59.0,-2.1627445
34.0,23.0,60.0,7.400589
23.0,34.0,60.0,7.400589
34.0,23.0,61.0,13.7454195
23.0,34.0,61.0,13.7454195
34.0,23.0,62.0,22.720865
23.0,34.0,62.0,22.720865
34.0,23.0,63.0,16.921843
23.0,34.0,63.0,16.921843
34.0,23.0,64.0,16.319958
23.0,34.0,64.0,16.319958
34.0,23.0,65.0,6.389601
23.0,34.0,65.0,6.389601
34.0,23.0,66.0,28.343187
23.0,34.0,66.0,28.343187
34.0,23.0,67.0,6.0955014
23.0,34.0,67.0,6.0955014
34.0,23.0,68.0,19.243004
23.0,34.0,68.0,19.243004
34.0,23.0,69.0,12.636014
23.0,34.0,69.0,12.636014
34.0,7.0,38.0,2.3548346
7.0,34.0,38.0,2.3548346
34.0,7.0,39.0,-12.666603
7.0,34.0,39.0,-12.666603
34.0,7.0,40.0,2.2061265
7.0,34.0,40.0,2.2061265
34.0,7.0,41.0,2.7750776
7.0,34.0,41.0,2.7750776
34.0,7.0,42.0,-0.2807009
7.0,34.0,42.0,-0.2807009
34.0,7.0,43.0,9.3656225
7.0,34.0,43.0,9.3656225
34.0,7.0,44.0,-19.893047
7.0,34.0,44.0,-19.893047
34.0,7.0,45.0,-8.245298
7.0,34.0,45.0,-8.245298
34.0,7.0,46.0,4.2241693
7.0,34.0,46.0,4.2241693
34.0,7.0,47.0,-5.74323
7.0,34.0,47.0,-5.74323
34.0,7.0,48.0,-3.9063945
7.0,34.0,48.0,-3.9063945
34.0,7.0,49.0,-2.9228854
7.0,34.0,49.0,-2.9228854
34.0,7.0,50.0,2.6605418
7.0,34.0,50.0,2.6605418
34.0,7.0,51.0,-5.294989
7.0,34.0,51.0,-5.294989
34.0,7.0,52.0,-0.5673036
7.0,34.0,52.0,-0.5673036
34.0,7.0,53.0,-3.710962
7.0,34.0,53.0,-3.710962
34.0,7.0,54.0,-2.6675093
7.0,34.0,54.0,-2.6675093
34.0,7.0,55.0,-1.9649278
7.0,34.0,55.0,-1.9649278
34.0,7.0,56.0,-8.8256
7.0,34.0,56.0,-8.8256
34.0,7.0,57.0,-16.939165
7.0,34.0,57.0,-16.939165
34.0,7.0,58.0,6.081431
7.0,34.0,58.0,6.081431
34.0,7.0,59.0,19.794893
7.0,34.0,59.0,19.794893
34.0,7.0,60.0,-26.912098
7.0,34.0,60.0,-26.912098
34.0,7.0,61.0,-13.587829
7.0,34.0,61.0,-13.587829
34.0,7.0,62.0,-14.613747
7.0,34.0,62.0,-14.613747
34.0,7.0,63.0,14.627563
7.0,34.0,63.0,14.627563
34.0,7.0,64.0,-1.5754952
7.0,34.0,64.0,-1.5754952
34.0,7.0,65.0,-15.409729
7.0,34.0,65.0,-15.409729
34.0,7.0,66.0,-7.7038493
7.0,34.0,66.0,-7.7038493
34.0,7.0,67.0,14.1340275
7.0,34.0,67.0,14.1340275
34.0,7.0,68.0,-2.4251761
7.0,34.0,68.0,-2.4251761
34.0,7.0,69.0,1.7841606
7.0,34.0,69.0,1.7841606
34.0,24.0,38.0,2.6321912
24.0,34.0,38.0,2.6321912
34.0,24.0,39.0,2.0657496
24.0,34.0,39.0,2.0657496
34.0,24.0,40.0,-16.010275
24.0,34.0,40.0,-16.010275
34.0,24.0,41.0,-1.9610673
24.0,34.0,41.0,-1.9610673
34.0,24.0,42.0,9.1542845
24.0,34.0,42.0,9.1542845
34.0,24.0,43.0,9.010902
24.0,34.0,43.0,9.010902
34.0,24.0,44.0,8.680877
24.0,34.0,44.0,8.680877
34.0,24.0,45.0,-9.525288
24.0,34.0,45.0,-9.525288
34.0,24.0,46.0,7.6463785
24.0,34.0,46.0,7.6463785
34.0,24.0,47.0,0.07028759
24.0,34.0,47.0,0.07028759
34.0,24.0,48.0,1.6880728
24.0,34.0,48.0,1.6880728
34.0,24.0,49.0,1.6508832
24.0,34.0,49.0,1.6508832
34.0,24.0,50.0,9.862871
24.0,34.0,50.0,9.862871
34.0,24.0,51.0,-12.822987
24.0,34.0,51.0,-12.822987
34.0,24.0,52.0,2.3121758
24.0,34.0,52.0,2.3121758
34.0,24.0,53.0,-0.8950635
24.0,34.0,53.0,-0.8950635
34.0,24.0,54.0,-5.8043427
24.0,34.0,54.0,-5.8043427
34.0,24.0,55.0,2.7868712
24.0,34.0,55.0,2.7868712
34.0,24.0,56.0,-5.0068345
24.0,34.0,56.0,-5.0068345
34.0,24.0,57.0,4.4066744
24.0,34.0,57.0,4.4066744
34.0,24.0,58.0,-8.88323
24.0,34.0,58.0,-8.88323
34.0,24.0,59.0,9.541012
24.0,34.0,59.0,9.541012
34.0,24.0,60.0,-13.200078
24.0,34.0,60.0,-13.200078
34.0,24.0,61.0,-2.7845519
24.0,34.0,61.0,-2.7845519
34.0,24.0,62.0,11.232878
24.0,34.0,62.0,11.232878
34.0,24.0,63.0,-18.419256
24.0,34.0,63.0,-18.419256
34.0,24.0,64.0,9.613678
24.0,34.0,64.0,9.613678
34.0,24.0,65.0,3.4628565
24.0,34.0,65.0,3.4628565
34.0,24.0,66.0,7.1994996
24.0,34.0,66.0,7.1994996
34.0,24.0,67.0,0.56049013
24.0,34.0,67.0,0.56049013
34.0,24.0,68.0,12.387885
24.0,34.0,68.0,12.387885
34.0,24.0,69.0,2.0663977
24.0,34.0,69.0,2.0663977
34.0,8.0,38.0,10.645666
8.0,34.0,38.0,10.645666
34.0,8.0,39.0,9.869144
8.0,34.0,39.0,9.869144
34.0,8.0,40.0,8.507543
8.0,34.0,40.0,8.507543
34.0,8.0,41.0,16.751404
8.0,34.0,41.0,16.751404
34.0,8.0,42.0,10.10449
8.0,34.0,42.0,10.10449
34.0,8.0,43.0,-1.206078
8.0,34.0,43.0,-1.206078
34.0,8.0,44.0,-1.6743504
8.0,34.0,44.0,-1.6743504
34.0,8.0,45.0,-3.1756766
8.0,34.0,45.0,-3.1756766
34.0,8.0,46.0,8.595449
8.0,34.0,46.0,8.595449
34.0,8.0,47.0,17.831247
8.0,34.0,47.0,17.831247
34.0,8.0,48.0,4.836912
8.0,34.0,48.0,4.836912
34.0,8.0,49.0,15.71308
8.0,34.0,49.0,15.71308
34.0,8.0,50.0,5.575644
8.0,34.0,50.0,5.575644
34.0,8.0,51.0,0.9747739
8.0,34.0,51.0,0.9747739
34.0,8.0,52.0,-0.70789164
8.0,34.0,52.0,-0.70789164
34.0,8.0,53.0,-4.2663355
8.0,34.0,53.0,-4.2663355
34.0,8.0,54.0,3.8873813
8.0,34.0,54.0,3.8873813
34.0,8.0,55.0,9.820727
8.0,34.0,55.0,9.820727
34.0,8.0,56.0,9.2085905
8.0,34.0,56.0,9.2085905
34.0,8.0,57.0,12.584734
8.0,34.0,57.0,12.584734
34.0,8.0,58.0,3.0333824
8.0,34.0,58.0,3.0333824
34.0,8.0,59.0,13.604525
8.0,34.0,59.0,13.604525
34.0,8.0,60.0,-0.47637933
8.0,34.0,60.0,-0.47637933
34.0,8.0,61.0,5.8090334
8.0,34.0,61.0,5.8090334
34.0,8.0,62.0,2.580663
8.0,34.0,62.0,2.580663
34.0,8.0,63.0,4.5508285
8.0,34.0,63.0,4.5508285
34.0,8.0,64.0,10.287287
8.0,34.0,64.0,10.287287
34.0,8.0,65.0,7.824953
8.0,34.0,65.0,7.824953
34.0,8.0,66.0,5.8055124
8.0,34.0,66.0,5.8055124
34.0,8.0,67.0,6.4713297
8.0,34.0,67.0,6.4713297
34.0,8.0,68.0,15.598479
8.0,34.0,68.0,15.598479
34.0,8.0,69.0,12.409789
8.0,34.0,69.0,12.409789
34.0,9.0,38.0,24.812601
9.0,34.0,38.0,24.812601
34.0,9.0,38.0,19.851215
9.0,34.0,38.0,19.851215
34.0,9.0,39.0,13.98621
9.0,34.0,39.0,13.98621
34.0,9.0,40.0,28.48891
9.0,34.0,40.0,28.48891
34.0,9.0,40.0,30.394127
9.0,34.0,40.0,30.394127
34.0,9.0,41.0,9.253171
9.0,34.0,41.0,9.253171
34.0,9.0,41.0,27.102228
9.0,34.0,41.0,27.102228
34.0,9.0,42.0,8.014671
9.0,34.0,42.0,8.014671
34.0,9.0,42.0,-7.148736
9.0,34.0,42.0,-7.148736
34.0,9.0,43.0,16.085722
9.0,34.0,43.0,16.085722
34.0,9.0,43.0,-9.619874
9.0,34.0,43.0,-9.619874
34.0,9.0,44.0,14.779194
9.0,34.0,44.0,14.779194
34.0,9.0,44.0,3.1235871
9.0,34.0,44.0,3.1235871
34.0,9.0,45.0,25.258076
9.0,34.0,45.0,25.258076
34.0,9.0,45.0,12.157666
9.0,34.0,45.0,12.157666
34.0,9.0,46.0,20.882507
9.0,34.0,46.0,20.882507
34.0,9.0,47.0,27.502138
9.0,34.0,47.0,27.502138
34.0,9.0,47.0,53.83736
9.0,34.0,47.0,53.83736
34.0,9.0,48.0,-19.828821
9.0,34.0,48.0,-19.828821
34.0,9.0,49.0,34.667423
9.0,34.0,49.0,34.667423
34.0,9.0,49.0,77.815865
9.0,34.0,49.0,77.815865
34.0,9.0,50.0,9.407809
9.0,34.0,50.0,9.407809
34.0,9.0,51.0,9.108158
9.0,34.0,51.0,9.108158
34.0,9.0,52.0,28.210857
9.0,34.0,52.0,28.210857
34.0,9.0,52.0,31.678844
9.0,34.0,52.0,31.678844
34.0,9.0,53.0,33.874733
9.0,34.0,53.0,33.874733
34.0,9.0,53.0,27.377468
9.0,34.0,53.0,27.377468
34.0,9.0,54.0,10.464365
9.0,34.0,54.0,10.464365
34.0,9.0,54.0,-16.01815
9.0,34.0,54.0,-16.01815
34.0,9.0,55.0,3.5277514
9.0,34.0,55.0,3.5277514
34.0,9.0,56.0,18.914154
9.0,34.0,56.0,18.914154
34.0,9.0,57.0,11.1360855
9.0,34.0,57.0,11.1360855
34.0,9.0,58.0,45.886963
9.0,34.0,58.0,45.886963
34.0,9.0,59.0,36.627876
9.0,34.0,59.0,36.627876
34.0,9.0,59.0,32.639618
9.0,34.0,59.0,32.639618
34.0,9.0,60.0,11.709511
9.0,34.0,60.0,11.709511
34.0,9.0,61.0,32.88576
9.0,34.0,61.0,32.88576
34.0,9.0,62.0,41.948326
9.0,34.0,62.0,41.948326
34.0,9.0,63.0,20.688387
9.0,34.0,63.0,20.688387
34.0,9.0,64.0,31.239521
9.0,34.0,64.0,31.239521
34.0,9.0,65.0,7.6800327
9.0,34.0,65.0,7.6800327
34.0,9.0,65.0,7.578573
9.0,34.0,65.0,7.578573
34.0,9.0,66.0,43.257618
9.0,34.0,66.0,43.257618
34.0,9.0,67.0,22.23133
9.0,34.0,67.0,22.23133
34.0,9.0,68.0,27.152592
9.0,34.0,68.0,27.152592
34.0,9.0,69.0,16.283754
9.0,34.0,69.0,16.283754
34.0,31.0,38.0,9.71177
31.0,34.0,38.0,9.71177
34.0,31.0,39.0,9.581707
31.0,34.0,39.0,9.581707
34.0,31.0,40.0,11.354423
31.0,34.0,40.0,11.354423
34.0,31.0,41.0,10.2885895
31.0,34.0,41.0,10.2885895
34.0,31.0,42.0,9.743789
31.0,34.0,42.0,9.743789
34.0,31.0,43.0,8.212684
31.0,34.0,43.0,8.212684
34.0,31.0,44.0,-2.6511238
31.0,34.0,44.0,-2.6511238
34.0,31.0,45.0,7.393512
31.0,34.0,45.0,7.393512
34.0,31.0,46.0,10.779691
31.0,34.0,46.0,10.779691
34.0,31.0,47.0,6.921483
31.0,34.0,47.0,6.921483
34.0,31.0,48.0,-0.6029246
31.0,34.0,48.0,-0.6029246
34.0,31.0,49.0,2.4697635
31.0,34.0,49.0,2.4697635
34.0,31.0,50.0,6.4758477
31.0,34.0,50.0,6.4758477
34.0,31.0,51.0,1.2943467
31.0,34.0,51.0,1.2943467
34.0,31.0,52.0,8.314314
31.0,34.0,52.0,8.314314
34.0,31.0,53.0,3.334547
31.0,34.0,53.0,3.334547
34.0,31.0,54.0,7.3390236
31.0,34.0,54.0,7.3390236
34.0,31.0,55.0,3.6286244
31.0,34.0,55.0,3.6286244
34.0,31.0,56.0,11.539902
31.0,34.0,56.0,11.539902
34.0,31.0,57.0,5.7740784
31.0,34.0,57.0,5.7740784
34.0,31.0,58.0,17.554415
31.0,34.0,58.0,17.554415
34.0,31.0,59.0,15.945763
31.0,34.0,59.0,15.945763
34.0,31.0,60.0,14.363717
31.0,34.0,60.0,14.363717
34.0,31.0,61.0,9.591299
31.0,34.0,61.0,9.591299
34.0,31.0,62.0,12.105959
31.0,34.0,62.0,12.105959
34.0,31.0,63.0,8.377894
31.0,34.0,63.0,8.377894
34.0,31.0,64.0,16.14943
31.0,34.0,64.0,16.14943
34.0,31.0,65.0,4.585373
31.0,34.0,65.0,4.585373
34.0,31.0,66.0,3.6909008
31.0,34.0,66.0,3.6909008
34.0,31.0,67.0,-3.4680724
31.0,34.0,67.0,-3.4680724
34.0,31.0,68.0,4.7932715
31.0,34.0,68.0,4.7932715
34.0,31.0,69.0,6.160909
31.0,34.0,69.0,6.160909
34.0,32.0,38.0,-11.786891
32.0,34.0,38.0,-11.786891
34.0,32.0,39.0,-7.9344387
32.0,34.0,39.0,-7.9344387
34.0,32.0,40.0,0.42041913
32.0,34.0,40.0,0.42041913
34.0,32.0,41.0,-9.918457
32.0,34.0,41.0,-9.918457
34.0,32.0,42.0,2.7856925
32.0,34.0,42.0,2.7856925
34.0,32.0,43.0,-2.1849906
32.0,34.0,43.0,-2.1849906
34.0,32.0,44.0,1.2640675
32.0,34.0,44.0,1.2640675
34.0,32.0,45.0,-26.022902
32.0,34.0,45.0,-26.022902
34.0,32.0,46.0,-5.9139185
32.0,34.0,46.0,-5.9139185
34.0,32.0,47.0,-10.624294
32.0,34.0,47.0,-10.624294
34.0,32.0,48.0,-17.429008
32.0,34.0,48.0,-17.429008
34.0,32.0,49.0,-1.578099
32.0,34.0,49.0,-1.578099
34.0,32.0,50.0,3.5985112
32.0,34.0,50.0,3.5985112
34.0,32.0,51.0,-10.760623
32.0,34.0,51.0,-10.760623
34.0,32.0,52.0,-2.1913617
32.0,34.0,52.0,-2.1913617
34.0,32.0,53.0,3.5604198
32.0,34.0,53.0,3.5604198
34.0,32.0,54.0,-9.668439
32.0,34.0,54.0,-9.668439
34.0,32.0,55.0,-12.523205
32.0,34.0,55.0,-12.523205
34.0,32.0,56.0,0.6762542
32.0,34.0,56.0,0.6762542
34.0,32.0,57.0,5.229953
32.0,34.0,57.0,5.229953
34.0,32.0,58.0,-23.982632
32.0,34.0,58.0,-23.982632
34.0,32.0,59.0,-24.27551
32.0,34.0,59.0,-24.27551
34.0,32.0,60.0,-24.155643
32.0,34.0,60.0,-24.155643
34.0,32.0,61.0,9.990059
32.0,34.0,61.0,9.990059
34.0,32.0,62.0,-27.71425
32.0,34.0,62.0,-27.71425
34.0,32.0,63.0,1.8922443
32.0,34.0,63.0,1.8922443
34.0,32.0,64.0,12.2044325
32.0,34.0,64.0,12.2044325
34.0,32.0,65.0,2.4251778
32.0,34.0,65.0,2.4251778
34.0,32.0,66.0,-1.2794346
32.0,34.0,66.0,-1.2794346
34.0,32.0,67.0,0.34477574
32.0,34.0,67.0,0.34477574
34.0,32.0,68.0,7.3386164
32.0,34.0,68.0,7.3386164
34.0,32.0,69.0,-2.0953202
32.0,34.0,69.0,-2.0953202
34.0,33.0,38.0,-1.7836316
33.0,34.0,38.0,-1.7836316
34.0,33.0,39.0,3.2575543
33.0,34.0,39.0,3.2575543
34.0,33.0,40.0,5.8985662
33.0,34.0,40.0,5.8985662
34.0,33.0,41.0,-0.46191877
33.0,34.0,41.0,-0.46191877
34.0,33.0,42.0,2.0249274
33.0,34.0,42.0,2.0249274
34.0,33.0,43.0,-5.9821315
33.0,34.0,43.0,-5.9821315
34.0,33.0,44.0,-8.832368
33.0,34.0,44.0,-8.832368
34.0,33.0,45.0,-12.581496
33.0,34.0,45.0,-12.581496
34.0,33.0,46.0,7.1009507
33.0,34.0,46.0,7.1009507
34.0,33.0,47.0,1.8394781
33.0,34.0,47.0,1.8394781
34.0,33.0,48.0,-12.723715
33.0,34.0,48.0,-12.723715
34.0,33.0,49.0,7.0061865
33.0,34.0,49.0,7.0061865
34.0,33.0,50.0,2.4552
33.0,34.0,50.0,2.4552
34.0,33.0,51.0,-14.504815
33.0,34.0,51.0,-14.504815
34.0,33.0,52.0,-9.191629
33.0,34.0,52.0,-9.191629
34.0,33.0,53.0,-24.18387
33.0,34.0,53.0,-24.18387
34.0,33.0,54.0,-1.8832836
33.0,34.0,54.0,-1.8832836
34.0,33.0,55.0,0.3835992
33.0,34.0,55.0,0.3835992
34.0,33.0,56.0,-7.1667075
33.0,34.0,56.0,-7.1667075
34.0,33.0,57.0,-4.5332
33.0,34.0,57.0,-4.5332
34.0,33.0,58.0,15.5212965
33.0,34.0,58.0,15.5212965
34.0,33.0,59.0,4.9518733
33.0,34.0,59.0,4.9518733
34.0,33.0,60.0,-9.271791
33.0,34.0,60.0,-9.271791
34.0,33.0,61.0,-6.006977
33.0,34.0,61.0,-6.006977
34.0,33.0,62.0,8.494642
33.0,34.0,62.0,8.494642
34.0,33.0,63.0,-12.563442
33.0,34.0,63.0,-12.563442
34.0,33.0,64.0,2.1179583
33.0,34.0,64.0,2.1179583
34.0,33.0,65.0,0.9088805
33.0,34.0,65.0,0.9088805
34.0,33.0,66.0,-3.6731224
33.0,34.0,66.0,-3.6731224
34.0,33.0,67.0,3.4125488
33.0,34.0,67.0,3.4125488
34.0,33.0,68.0,14.732574
33.0,34.0,68.0,14.732574
34.0,33.0,69.0,11.130998
33.0,34.0,69.0,11.130998
34.0,10.0,38.0,18.16738
10.0,34.0,38.0,18.16738
34.0,10.0,39.0,31.075562
10.0,34.0,39.0,31.075562
34.0,10.0,40.0,14.999865
10.0,34.0,40.0,14.999865
34.0,10.0,41.0,28.184748
10.0,34.0,41.0,28.184748
34.0,10.0,42.0,27.196463
10.0,34.0,42.0,27.196463
34.0,10.0,43.0,-3.1420789
10.0,34.0,43.0,-3.1420789
34.0,10.0,44.0,-0.2906162
10.0,34.0,44.0,-0.2906162
34.0,10.0,45.0,18.230442
10.0,34.0,45.0,18.230442
34.0,10.0,46.0,14.098223
10.0,34.0,46.0,14.098223
34.0,10.0,47.0,31.774483
10.0,34.0,47.0,31.774483
34.0,10.0,48.0,14.622105
10.0,34.0,48.0,14.622105
34.0,10.0,49.0,19.863132
10.0,34.0,49.0,19.863132
34.0,10.0,50.0,11.238654
10.0,34.0,50.0,11.238654
34.0,10.0,51.0,8.838357
10.0,34.0,51.0,8.838357
34.0,10.0,52.0,41.675766
10.0,34.0,52.0,41.675766
34.0,10.0,53.0,21.164875
10.0,34.0,53.0,21.164875
34.0,10.0,54.0,9.567568
10.0,34.0,54.0,9.567568
34.0,10.0,55.0,27.50569
10.0,34.0,55.0,27.50569
34.0,10.0,56.0,8.476567
10.0,34.0,56.0,8.476567
34.0,10.0,57.0,23.14345
10.0,34.0,57.0,23.14345
34.0,10.0,58.0,33.865433
10.0,34.0,58.0,33.865433
34.0,10.0,59.0,32.721157
10.0,34.0,59.0,32.721157
34.0,10.0,60.0,20.111658
10.0,34.0,60.0,20.111658
34.0,10.0,61.0,20.659863
10.0,34.0,61.0,20.659863
34.0,10.0,62.0,25.353102
10.0,34.0,62.0,25.353102
34.0,10.0,63.0,29.974365
10.0,34.0,63.0,29.974365
34.0,10.0,64.0,35.885593
10.0,34.0,64.0,35.885593
34.0,10.0,65.0,4.5535455
10.0,34.0,65.0,4.5535455
34.0,10.0,66.0,15.264036
10.0,34.0,66.0,15.264036
34.0,10.0,67.0,33.367813
10.0,34.0,67.0,33.367813
34.0,10.0,68.0,13.373212
10.0,34.0,68.0,13.373212
34.0,10.0,69.0,27.660225
10.0,34.0,69.0,27.660225
34.0,11.0,38.0,28.498526
11.0,34.0,38.0,28.498526
34.0,11.0,39.0,12.687723
11.0,34.0,39.0,12.687723
34.0,11.0,40.0,12.74304
11.0,34.0,40.0,12.74304
34.0,11.0,41.0,23.22175
11.0,34.0,41.0,23.22175
34.0,11.0,42.0,14.104593
11.0,34.0,42.0,14.104593
34.0,11.0,43.0,3.1891603
11.0,34.0,43.0,3.1891603
34.0,11.0,44.0,-9.642229
11.0,34.0,44.0,-9.642229
34.0,11.0,45.0,-2.4378529
11.0,34.0,45.0,-2.4378529
34.0,11.0,46.0,3.03117
11.0,34.0,46.0,3.03117
34.0,11.0,47.0,12.537931
11.0,34.0,47.0,12.537931
34.0,11.0,48.0,-6.246232
11.0,34.0,48.0,-6.246232
34.0,11.0,49.0,11.2919035
11.0,34.0,49.0,11.2919035
34.0,11.0,50.0,13.465483
11.0,34.0,50.0,13.465483
34.0,11.0,51.0,-6.3782616
11.0,34.0,51.0,-6.3782616
34.0,11.0,52.0,4.0474553
11.0,34.0,52.0,4.0474553
34.0,11.0,53.0,17.176262
11.0,34.0,53.0,17.176262
34.0,11.0,54.0,21.887682
11.0,34.0,54.0,21.887682
34.0,11.0,55.0,5.782654
11.0,34.0,55.0,5.782654
34.0,11.0,56.0,42.540565
11.0,34.0,56.0,42.540565
34.0,11.0,57.0,-5.72183
11.0,34.0,57.0,-5.72183
34.0,11.0,58.0,35.22368
11.0,34.0,58.0,35.22368
34.0,11.0,59.0,36.676632
11.0,34.0,59.0,36.676632
34.0,11.0,60.0,19.76166
11.0,34.0,60.0,19.76166
34.0,11.0,61.0,19.879578
11.0,34.0,61.0,19.879578
34.0,11.0,62.0,19.68976
11.0,34.0,62.0,19.68976
34.0,11.0,63.0,6.878432
11.0,34.0,63.0,6.878432
34.0,11.0,64.0,25.368559
11.0,34.0,64.0,25.368559
34.0,11.0,65.0,16.574478
11.0,34.0,65.0,16.574478
34.0,11.0,66.0,15.493107
11.0,34.0,66.0,15.493107
34.0,11.0,67.0,33.61059
11.0,34.0,67.0,33.61059
34.0,11.0,68.0,13.932222
11.0,34.0,68.0,13.932222
34.0,11.0,69.0,12.120956
11.0,34.0,69.0,12.120956
34.0,12.0,38.0,-4.042864
12.0,34.0,38.0,-4.042864
34.0,12.0,39.0,4.6677017
12.0,34.0,39.0,4.6677017
34.0,12.0,40.0,8.214579
12.0,34.0,40.0,8.214579
34.0,12.0,41.0,0.8784223
12.0,34.0,41.0,0.8784223
34.0,12.0,42.0,9.953166
12.0,34.0,42.0,9.953166
34.0,12.0,43.0,-15.890777
12.0,34.0,43.0,-15.890777
34.0,12.0,44.0,-9.365014
12.0,34.0,44.0,-9.365014
34.0,12.0,45.0,3.192687
12.0,34.0,45.0,3.192687
34.0,12.0,46.0,-6.3997874
12.0,34.0,46.0,-6.3997874
34.0,12.0,47.0,10.449506
12.0,34.0,47.0,10.449506
34.0,12.0,48.0,-33.888226
12.0,34.0,48.0,-33.888226
34.0,12.0,49.0,-0.9164453
12.0,34.0,49.0,-0.9164453
34.0,12.0,50.0,-3.5637476
12.0,34.0,50.0,-3.5637476
34.0,12.0,51.0,-8.815018
12.0,34.0,51.0,-8.815018
34.0,12.0,52.0,9.60746
12.0,34.0,52.0,9.60746
34.0,12.0,53.0,-22.056198
12.0,34.0,53.0,-22.056198
34.0,12.0,54.0,3.284678
12.0,34.0,54.0,3.284678
34.0,12.0,55.0,-1.937933
12.0,34.0,55.0,-1.937933
34.0,12.0,56.0,-0.71401966
12.0,34.0,56.0,-0.71401966
34.0,12.0,57.0,2.6698742
12.0,34.0,57.0,2.6698742
34.0,12.0,58.0,15.892835
12.0,34.0,58.0,15.892835
34.0,12.0,59.0,15.882276
12.0,34.0,59.0,15.882276
34.0,12.0,60.0,2.1490319
12.0,34.0,60.0,2.1490319
34.0,12.0,61.0,3.466231
12.0,34.0,61.0,3.466231
34.0,12.0,62.0,9.229609
12.0,34.0,62.0,9.229609
34.0,12.0,63.0,4.527862
12.0,34.0,63.0,4.527862
34.0,12.0,64.0,18.374474
12.0,34.0,64.0,18.374474
34.0,12.0,65.0,-1.4817467
12.0,34.0,65.0,-1.4817467
34.0,12.0,66.0,6.9765425
12.0,34.0,66.0,6.9765425
34.0,12.0,67.0,-3.2361488
12.0,34.0,67.0,-3.2361488
34.0,12.0,68.0,5.4422307
12.0,34.0,68.0,5.4422307
34.0,12.0,69.0,6.2702055
12.0,34.0,69.0,6.2702055
34.0,13.0,38.0,23.526442
13.0,34.0,38.0,23.526442
34.0,13.0,39.0,25.52283
13.0,34.0,39.0,25.52283
34.0,13.0,40.0,19.468874
13.0,34.0,40.0,19.468874
34.0,13.0,41.0,19.157698
13.0,34.0,41.0,19.157698
34.0,13.0,42.0,23.903376
13.0,34.0,42.0,23.903376
34.0,13.0,43.0,20.6418
13.0,34.0,43.0,20.6418
34.0,13.0,44.0,4.5244966
13.0,34.0,44.0,4.5244966
34.0,13.0,45.0,3.0731847
13.0,34.0,45.0,3.0731847
34.0,13.0,46.0,13.17852
13.0,34.0,46.0,13.17852
34.0,13.0,47.0,26.291735
13.0,34.0,47.0,26.291735
34.0,13.0,48.0,7.7376137
13.0,34.0,48.0,7.7376137
34.0,13.0,49.0,29.673008
13.0,34.0,49.0,29.673008
34.0,13.0,50.0,15.042717
13.0,34.0,50.0,15.042717
34.0,13.0,51.0,9.885045
13.0,34.0,51.0,9.885045
34.0,13.0,52.0,33.24881
13.0,34.0,52.0,33.24881
34.0,13.0,53.0,2.4134939
13.0,34.0,53.0,2.4134939
34.0,13.0,54.0,12.382979
13.0,34.0,54.0,12.382979
34.0,13.0,55.0,24.445488
13.0,34.0,55.0,24.445488
34.0,13.0,56.0,20.617607
13.0,34.0,56.0,20.617607
34.0,13.0,57.0,24.790558
13.0,34.0,57.0,24.790558
34.0,13.0,58.0,52.83599
13.0,34.0,58.0,52.83599
34.0,13.0,59.0,32.346478
13.0,34.0,59.0,32.346478
34.0,13.0,60.0,11.822569
13.0,34.0,60.0,11.822569
34.0,13.0,61.0,23.268393
13.0,34.0,61.0,23.268393
34.0,13.0,62.0,26.22381
13.0,34.0,62.0,26.22381
34.0,13.0,63.0,21.116829
13.0,34.0,63.0,21.116829
34.0,13.0,64.0,40.085506
13.0,34.0,64.0,40.085506
34.0,13.0,65.0,4.3778877
13.0,34.0,65.0,4.3778877
34.0,13.0,66.0,7.127835
13.0,34.0,66.0,7.127835
34.0,13.0,67.0,38.439835
13.0,34.0,67.0,38.439835
34.0,13.0,68.0,11.858703
13.0,34.0,68.0,11.858703
34.0,13.0,69.0,27.658327
13.0,34.0,69.0,27.658327
34.0,14.0,38.0,8.7823925
14.0,34.0,38.0,8.7823925
34.0,14.0,39.0,8.459923
14.0,34.0,39.0,8.459923
34.0,14.0,40.0,20.64269
14.0,34.0,40.0,20.64269
34.0,14.0,41.0,15.562246
14.0,34.0,41.0,15.562246
34.0,14.0,42.0,28.274841
14.0,34.0,42.0,28.274841
34.0,14.0,43.0,6.843934
14.0,34.0,43.0,6.843934
34.0,14.0,44.0,5.714054
14.0,34.0,44.0,5.714054
34.0,14.0,45.0,3.3787487
14.0,34.0,45.0,3.3787487
34.0,14.0,46.0,8.946612
14.0,34.0,46.0,8.946612
34.0,14.0,47.0,10.3306265
14.0,34.0,47.0,10.3306265
34.0,14.0,48.0,-1.2864451
14.0,34.0,48.0,-1.2864451
34.0,14.0,49.0,14.674892
14.0,34.0,49.0,14.674892
34.0,14.0,50.0,9.41985
14.0,34.0,50.0,9.41985
34.0,14.0,51.0,-11.676415
14.0,34.0,51.0,-11.676415
34.0,14.0,52.0,7.8571663
14.0,34.0,52.0,7.8571663
34.0,14.0,53.0,-13.274838
14.0,34.0,53.0,-13.274838
34.0,14.0,54.0,14.069289
14.0,34.0,54.0,14.069289
34.0,14.0,55.0,5.941312
14.0,34.0,55.0,5.941312
34.0,14.0,56.0,12.986296
14.0,34.0,56.0,12.986296
34.0,14.0,57.0,1.0884495
14.0,34.0,57.0,1.0884495
34.0,14.0,58.0,16.709713
14.0,34.0,58.0,16.709713
34.0,14.0,59.0,22.705761
14.0,34.0,59.0,22.705761
34.0,14.0,60.0,-3.848464
14.0,34.0,60.0,-3.848464
34.0,14.0,61.0,17.119192
14.0,34.0,61.0,17.119192
34.0,14.0,62.0,38.497616
14.0,34.0,62.0,38.497616
34.0,14.0,63.0,0.8694727
14.0,34.0,63.0,0.8694727
34.0,14.0,64.0,25.928297
14.0,34.0,64.0,25.928297
34.0,14.0,65.0,0.61316925
14.0,34.0,65.0,0.61316925
34.0,14.0,66.0,-17.80939
14.0,34.0,66.0,-17.80939
34.0,14.0,67.0,10.249078
14.0,34.0,67.0,10.249078
34.0,14.0,68.0,11.481667
14.0,34.0,68.0,11.481667
34.0,14.0,69.0,13.79906
14.0,34.0,69.0,13.79906
34.0,20.0,38.0,0.90359807
20.0,34.0,38.0,0.90359807
34.0,20.0,39.0,-28.104233
20.0,34.0,39.0,-28.104233
34.0,20.0,40.0,-18.004206
20.0,34.0,40.0,-18.004206
34.0,20.0,41.0,-7.1452184
20.0,34.0,41.0,-7.1452184
34.0,20.0,42.0,3.70908
20.0,34.0,42.0,3.70908
34.0,20.0,43.0,-37.009594
20.0,34.0,43.0,-37.009594
34.0,20.0,44.0,-25.813738
20.0,34.0,44.0,-25.813738
34.0,20.0,45.0,-15.953908
20.0,34.0,45.0,-15.953908
34.0,20.0,46.0,-11.76477
20.0,34.0,46.0,-11.76477
34.0,20.0,47.0,-8.166496
20.0,34.0,47.0,-8.166496
34.0,20.0,48.0,-15.54455
20.0,34.0,48.0,-15.54455
34.0,20.0,49.0,-24.238585
20.0,34.0,49.0,-24.238585
34.0,20.0,50.0,-27.05308
20.0,34.0,50.0,-27.05308
34.0,20.0,51.0,-17.044178
20.0,34.0,51.0,-17.044178
34.0,20.0,52.0,-14.859676
20.0,34.0,52.0,-14.859676
34.0,20.0,53.0,-16.544056
20.0,34.0,53.0,-16.544056
34.0,20.0,54.0,-22.39103
20.0,34.0,54.0,-22.39103
34.0,20.0,55.0,-11.535728
20.0,34.0,55.0,-11.535728
34.0,20.0,56.0,-7.815663
20.0,34.0,56.0,-7.815663
34.0,20.0,57.0,-22.82256
20.0,34.0,57.0,-22.82256
34.0,20.0,58.0,4.1715198
20.0,34.0,58.0,4.1715198
34.0,20.0,59.0,-32.739918
20.0,34.0,59.0,-32.739918
34.0,20.0,60.0,-22.92432
20.0,34.0,60.0,-22.92432
34.0,20.0,61.0,-24.614084
20.0,34.0,61.0,-24.614084
34.0,20.0,62.0,-9.803837
20.0,34.0,62.0,-9.803837
34.0,20.0,63.0,-7.2697134
20.0,34.0,63.0,-7.2697134
34.0,20.0,64.0,-3.3975763
20.0,34.0,64.0,-3.3975763
34.0,20.0,65.0,-16.465136
20.0,34.0,65.0,-16.465136
34.0,20.0,66.0,-14.411306
20.0,34.0,66.0,-14.411306
34.0,20.0,67.0,-36.187134
20.0,34.0,67.0,-36.187134
34.0,20.0,68.0,-22.299595
20.0,34.0,68.0,-22.299595
34.0,20.0,69.0,-3.9423892
20.0,34.0,69.0,-3.9423892
34.0,35.0,38.0,10.847604
35.0,34.0,38.0,10.847604
34.0,35.0,39.0,15.522783
35.0,34.0,39.0,15.522783
34.0,35.0,40.0,61.18938
35.0,34.0,40.0,61.18938
34.0,35.0,41.0,12.550935
35.0,34.0,41.0,12.550935
34.0,35.0,42.0,43.044888
35.0,34.0,42.0,43.044888
34.0,35.0,43.0,0.15858829
35.0,34.0,43.0,0.15858829
34.0,35.0,44.0,44.620567
35.0,34.0,44.0,44.620567
34.0,35.0,45.0,10.635003
35.0,34.0,45.0,10.635003
34.0,35.0,46.0,37.36052
35.0,34.0,46.0,37.36052
34.0,35.0,47.0,12.608963
35.0,34.0,47.0,12.608963
34.0,35.0,48.0,-26.388084
35.0,34.0,48.0,-26.388084
34.0,35.0,49.0,21.6935
35.0,34.0,49.0,21.6935
34.0,35.0,50.0,11.883497
35.0,34.0,50.0,11.883497
34.0,35.0,51.0,-8.40602
35.0,34.0,51.0,-8.40602
34.0,35.0,52.0,14.122206
35.0,34.0,52.0,14.122206
34.0,35.0,53.0,-16.253193
35.0,34.0,53.0,-16.253193
34.0,35.0,54.0,13.878013
35.0,34.0,54.0,13.878013
34.0,35.0,55.0,14.28062
35.0,34.0,55.0,14.28062
34.0,35.0,56.0,-12.510108
35.0,34.0,56.0,-12.510108
34.0,35.0,57.0,29.660803
35.0,34.0,57.0,29.660803
34.0,35.0,58.0,18.81339
35.0,34.0,58.0,18.81339
34.0,35.0,59.0,19.209446
35.0,34.0,59.0,19.209446
34.0,35.0,60.0,-18.044468
35.0,34.0,60.0,-18.044468
34.0,35.0,61.0,14.64742
35.0,34.0,61.0,14.64742
34.0,35.0,62.0,28.10056
35.0,34.0,62.0,28.10056
34.0,35.0,63.0,41.191425
35.0,34.0,63.0,41.191425
34.0,35.0,64.0,17.642864
35.0,34.0,64.0,17.642864
34.0,35.0,65.0,15.446935
35.0,34.0,65.0,15.446935
34.0,35.0,66.0,9.111959
35.0,34.0,66.0,9.111959
34.0,35.0,67.0,17.30812
35.0,34.0,67.0,17.30812
34.0,35.0,68.0,21.206476
35.0,34.0,68.0,21.206476
34.0,35.0,69.0,28.84721
35.0,34.0,69.0,28.84721
34.0,15.0,38.0,16.753822
15.0,34.0,38.0,16.753822
34.0,15.0,39.0,15.557801
15.0,34.0,39.0,15.557801
34.0,15.0,40.0,12.163217
15.0,34.0,40.0,12.163217
34.0,15.0,41.0,22.659866
15.0,34.0,41.0,22.659866
34.0,15.0,42.0,9.575855
15.0,34.0,42.0,9.575855
34.0,15.0,43.0,12.010059
15.0,34.0,43.0,12.010059
34.0,15.0,44.0,2.4954379
15.0,34.0,44.0,2.4954379
34.0,15.0,45.0,-7.2292147
15.0,34.0,45.0,-7.2292147
34.0,15.0,46.0,16.818266
15.0,34.0,46.0,16.818266
34.0,15.0,47.0,13.253737
15.0,34.0,47.0,13.253737
34.0,15.0,48.0,39.261017
15.0,34.0,48.0,39.261017
34.0,15.0,49.0,20.923262
15.0,34.0,49.0,20.923262
34.0,15.0,50.0,9.515677
15.0,34.0,50.0,9.515677
34.0,15.0,51.0,17.379444
15.0,34.0,51.0,17.379444
34.0,15.0,52.0,-1.426432
15.0,34.0,52.0,-1.426432
34.0,15.0,53.0,13.605787
15.0,34.0,53.0,13.605787
34.0,15.0,54.0,3.8043268
15.0,34.0,54.0,3.8043268
34.0,15.0,55.0,-1.1586542
15.0,34.0,55.0,-1.1586542
34.0,15.0,56.0,22.066376
15.0,34.0,56.0,22.066376
34.0,15.0,57.0,12.115475
15.0,34.0,57.0,12.115475
34.0,15.0,58.0,51.6267
15.0,34.0,58.0,51.6267
34.0,15.0,59.0,24.909727
15.0,34.0,59.0,24.909727
34.0,15.0,60.0,7.323172
15.0,34.0,60.0,7.323172
34.0,15.0,61.0,3.271403
15.0,34.0,61.0,3.271403
34.0,15.0,62.0,-1.2079021
15.0,34.0,62.0,-1.2079021
34.0,15.0,63.0,0.7109061
15.0,34.0,63.0,0.7109061
34.0,15.0,64.0,10.439669
15.0,34.0,64.0,10.439669
34.0,15.0,65.0,-5.5406814
15.0,34.0,65.0,-5.5406814
34.0,15.0,66.0,8.581229
15.0,34.0,66.0,8.581229
34.0,15.0,67.0,28.157007
15.0,34.0,67.0,28.157007
34.0,15.0,68.0,4.692396
15.0,34.0,68.0,4.692396
34.0,15.0,69.0,12.624476
15.0,34.0,69.0,12.624476
34.0,21.0,38.0,9.6015835
21.0,34.0,38.0,9.6015835
34.0,21.0,39.0,14.573692
21.0,34.0,39.0,14.573692
34.0,21.0,40.0,22.68726
21.0,34.0,40.0,22.68726
34.0,21.0,41.0,-3.7656512
21.0,34.0,41.0,-3.7656512
34.0,21.0,42.0,9.215884
21.0,34.0,42.0,9.215884
34.0,21.0,43.0,11.607958
21.0,34.0,43.0,11.607958
34.0,21.0,44.0,6.7953677
21.0,34.0,44.0,6.7953677
34.0,21.0,45.0,5.0588636
21.0,34.0,45.0,5.0588636
34.0,21.0,46.0,18.272072
21.0,34.0,46.0,18.272072
34.0,21.0,47.0,1.362806
21.0,34.0,47.0,1.362806
34.0,21.0,48.0,-1.5730048
21.0,34.0,48.0,-1.5730048
34.0,21.0,49.0,-4.4597807
21.0,34.0,49.0,-4.4597807
34.0,21.0,50.0,9.253128
21.0,34.0,50.0,9.253128
34.0,21.0,51.0,13.726918
21.0,34.0,51.0,13.726918
34.0,21.0,52.0,10.187881
21.0,34.0,52.0,10.187881
34.0,21.0,53.0,6.755177
21.0,34.0,53.0,6.755177
34.0,21.0,54.0,18.675426
21.0,34.0,54.0,18.675426
34.0,21.0,55.0,-0.6055651
21.0,34.0,55.0,-0.6055651
34.0,21.0,56.0,10.298942
21.0,34.0,56.0,10.298942
34.0,21.0,57.0,-8.7963505
21.0,34.0,57.0,-8.7963505
34.0,21.0,58.0,20.251678
21.0,34.0,58.0,20.251678
34.0,21.0,59.0,31.355263
21.0,34.0,59.0,31.355263
34.0,21.0,60.0,15.074547
21.0,34.0,60.0,15.074547
34.0,21.0,61.0,29.36783
21.0,34.0,61.0,29.36783
34.0,21.0,62.0,15.591781
21.0,34.0,62.0,15.591781
34.0,21.0,63.0,6.8416176
21.0,34.0,63.0,6.8416176
34.0,21.0,64.0,20.24655
21.0,34.0,64.0,20.24655
34.0,21.0,65.0,5.4916687
21.0,34.0,65.0,5.4916687
34.0,21.0,66.0,8.197673
21.0,34.0,66.0,8.197673
34.0,21.0,67.0,14.344232
21.0,34.0,67.0,14.344232
34.0,21.0,68.0,16.278683
21.0,34.0,68.0,16.278683
34.0,21.0,69.0,8.416764
21.0,34.0,69.0,8.416764
34.0,16.0,38.0,14.151138
16.0,34.0,38.0,14.151138
34.0,16.0,39.0,5.055918
16.0,34.0,39.0,5.055918
34.0,16.0,40.0,17.817612
16.0,34.0,40.0,17.817612
34.0,16.0,41.0,10.349692
16.0,34.0,41.0,10.349692
34.0,16.0,42.0,13.633049
16.0,34.0,42.0,13.633049
34.0,16.0,43.0,4.275509
16.0,34.0,43.0,4.275509
34.0,16.0,44.0,8.177009
16.0,34.0,44.0,8.177009
34.0,16.0,45.0,10.353972
16.0,34.0,45.0,10.353972
34.0,16.0,46.0,15.993867
16.0,34.0,46.0,15.993867
34.0,16.0,47.0,3.1877825
16.0,34.0,47.0,3.1877825
34.0,16.0,48.0,4.850356
16.0,34.0,48.0,4.850356
34.0,16.0,49.0,0.578393
16.0,34.0,49.0,0.578393
34.0,16.0,50.0,6.906622
16.0,34.0,50.0,6.906622
34.0,16.0,51.0,-8.371747
16.0,34.0,51.0,-8.371747
34.0,16.0,52.0,9.298988
16.0,34.0,52.0,9.298988
34.0,16.0,53.0,16.60647
16.0,34.0,53.0,16.60647
34.0,16.0,54.0,11.957648
16.0,34.0,54.0,11.957648
34.0,16.0,55.0,16.28076
16.0,34.0,55.0,16.28076
34.0,16.0,56.0,11.946709
16.0,34.0,56.0,11.946709
34.0,16.0,57.0,9.080674
16.0,34.0,57.0,9.080674
34.0,16.0,58.0,6.4797063
16.0,34.0,58.0,6.4797063
34.0,16.0,59.0,17.592134
16.0,34.0,59.0,17.592134
34.0,16.0,60.0,4.1278343
16.0,34.0,60.0,4.1278343
34.0,16.0,61.0,14.362737
16.0,34.0,61.0,14.362737
34.0,16.0,62.0,13.439112
16.0,34.0,62.0,13.439112
34.0,16.0,63.0,21.478605
16.0,34.0,63.0,21.478605
34.0,16.0,64.0,29.310305
16.0,34.0,64.0,29.310305
34.0,16.0,65.0,17.249594
16.0,34.0,65.0,17.249594
34.0,16.0,66.0,16.100811
16.0,34.0,66.0,16.100811
34.0,16.0,67.0,1.8104724
16.0,34.0,67.0,1.8104724
34.0,16.0,68.0,13.938032
16.0,34.0,68.0,13.938032
34.0,16.0,69.0,13.573606
16.0,34.0,69.0,13.573606
34.0,17.0,38.0,16.499945
17.0,34.0,38.0,16.499945
34.0,17.0,38.0,15.922173
17.0,34.0,38.0,15.922173
34.0,17.0,39.0,3.8680632
17.0,34.0,39.0,3.8680632
34.0,17.0,40.0,14.300359
17.0,34.0,40.0,14.300359
34.0,17.0,40.0,1.7432173
17.0,34.0,40.0,1.7432173
34.0,17.0,41.0,11.479823
17.0,34.0,41.0,11.479823
34.0,17.0,41.0,18.39937
17.0,34.0,41.0,18.39937
34.0,17.0,42.0,16.51604
17.0,34.0,42.0,16.51604
34.0,17.0,42.0,4.752452
17.0,34.0,42.0,4.752452
34.0,17.0,43.0,-1.0140176
17.0,34.0,43.0,-1.0140176
34.0,17.0,43.0,17.196379
17.0,34.0,43.0,17.196379
34.0,17.0,44.0,-1.1886886
17.0,34.0,44.0,-1.1886886
34.0,17.0,44.0,-2.4409583
17.0,34.0,44.0,-2.4409583
34.0,17.0,45.0,10.689543
17.0,34.0,45.0,10.689543
34.0,17.0,45.0,0.96402013
17.0,34.0,45.0,0.96402013
34.0,17.0,46.0,10.355115
17.0,34.0,46.0,10.355115
34.0,17.0,47.0,12.201815
17.0,34.0,47.0,12.201815
34.0,17.0,47.0,27.877707
17.0,34.0,47.0,27.877707
34.0,17.0,48.0,-10.250001
17.0,34.0,48.0,-10.250001
34.0,17.0,49.0,8.827875
17.0,34.0,49.0,8.827875
34.0,17.0,49.0,23.337149
17.0,34.0,49.0,23.337149
34.0,17.0,50.0,5.5894837
17.0,34.0,50.0,5.5894837
34.0,17.0,51.0,7.136528
17.0,34.0,51.0,7.136528
34.0,17.0,52.0,7.4423666
17.0,34.0,52.0,7.4423666
34.0,17.0,52.0,19.193094
17.0,34.0,52.0,19.193094
34.0,17.0,53.0,11.0645075
17.0,34.0,53.0,11.0645075
34.0,17.0,53.0,14.409424
17.0,34.0,53.0,14.409424
34.0,17.0,54.0,9.163151
17.0,34.0,54.0,9.163151
34.0,17.0,54.0,0.91097516
17.0,34.0,54.0,0.91097516
34.0,17.0,55.0,19.966618
17.0,34.0,55.0,19.966618
34.0,17.0,56.0,7.689709
17.0,34.0,56.0,7.689709
34.0,17.0,57.0,1.1356617
17.0,34.0,57.0,1.1356617
34.0,17.0,58.0,12.017201
17.0,34.0,58.0,12.017201
34.0,17.0,59.0,16.196745
17.0,34.0,59.0,16.196745
34.0,17.0,59.0,31.850872
17.0,34.0,59.0,31.850872
34.0,17.0,60.0,-2.6236625
17.0,34.0,60.0,-2.6236625
34.0,17.0,61.0,9.298568
17.0,34.0,61.0,9.298568
34.0,17.0,62.0,17.323242
17.0,34.0,62.0,17.323242
34.0,17.0,63.0,9.712341
17.0,34.0,63.0,9.712341
34.0,17.0,64.0,12.47957
17.0,34.0,64.0,12.47957
34.0,17.0,65.0,8.027376
17.0,34.0,65.0,8.027376
34.0,17.0,65.0,10.490868
17.0,34.0,65.0,10.490868
34.0,17.0,66.0,-4.9816585
17.0,34.0,66.0,-4.9816585
34.0,17.0,67.0,21.256277
17.0,34.0,67.0,21.256277
34.0,17.0,68.0,11.128195
17.0,34.0,68.0,11.128195
34.0,17.0,69.0,10.715209
17.0,34.0,69.0,10.715209
34.0,18.0,38.0,18.438314
18.0,34.0,38.0,18.438314
34.0,18.0,39.0,8.659895
18.0,34.0,39.0,8.659895
34.0,18.0,40.0,11.337822
18.0,34.0,40.0,11.337822
34.0,18.0,41.0,29.356266
18.0,34.0,41.0,29.356266
34.0,18.0,42.0,7.488011
18.0,34.0,42.0,7.488011
34.0,18.0,43.0,-26.009542
18.0,34.0,43.0,-26.009542
34.0,18.0,44.0,2.2117958
18.0,34.0,44.0,2.2117958
34.0,18.0,45.0,-3.0701568
18.0,34.0,45.0,-3.0701568
34.0,18.0,46.0,-13.701811
18.0,34.0,46.0,-13.701811
34.0,18.0,47.0,11.928437
18.0,34.0,47.0,11.928437
34.0,18.0,48.0,-1.0971721
18.0,34.0,48.0,-1.0971721
34.0,18.0,49.0,-8.392284
18.0,34.0,49.0,-8.392284
34.0,18.0,50.0,5.8730836
18.0,34.0,50.0,5.8730836
34.0,18.0,51.0,-6.5844054
18.0,34.0,51.0,-6.5844054
34.0,18.0,52.0,-17.82781
18.0,34.0,52.0,-17.82781
34.0,18.0,53.0,-6.5481057
18.0,34.0,53.0,-6.5481057
34.0,18.0,54.0,-4.9920545
18.0,34.0,54.0,-4.9920545
34.0,18.0,55.0,-1.2065473
18.0,34.0,55.0,-1.2065473
34.0,18.0,56.0,-11.450395
18.0,34.0,56.0,-11.450395
34.0,18.0,57.0,-1.6096298
18.0,34.0,57.0,-1.6096298
34.0,18.0,58.0,0.13900629
18.0,34.0,58.0,0.13900629
34.0,18.0,59.0,24.48453
18.0,34.0,59.0,24.48453
34.0,18.0,60.0,-2.8304598
18.0,34.0,60.0,-2.8304598
34.0,18.0,61.0,29.194313
18.0,34.0,61.0,29.194313
34.0,18.0,62.0,22.102861
18.0,34.0,62.0,22.102861
34.0,18.0,63.0,4.820698
18.0,34.0,63.0,4.820698
34.0,18.0,64.0,-1.1245271
18.0,34.0,64.0,-1.1245271
34.0,18.0,65.0,6.030241
18.0,34.0,65.0,6.030241
34.0,18.0,66.0,-25.927183
18.0,34.0,66.0,-25.927183
34.0,18.0,67.0,-42.307587
18.0,34.0,67.0,-42.307587
34.0,18.0,68.0,6.3632174
18.0,34.0,68.0,6.3632174
34.0,18.0,69.0,-0.106369466
18.0,34.0,69.0,-0.106369466
34.0,22.0,38.0,26.47796
22.0,34.0,38.0,26.47796
34.0,22.0,39.0,11.352009
22.0,34.0,39.0,11.352009
34.0,22.0,40.0,13.231536
22.0,34.0,40.0,13.231536
34.0,22.0,41.0,7.1840982
22.0,34.0,41.0,7.1840982
34.0,22.0,42.0,20.395586
22.0,34.0,42.0,20.395586
34.0,22.0,43.0,18.602821
22.0,34.0,43.0,18.602821
34.0,22.0,44.0,30.682838
22.0,34.0,44.0,30.682838
34.0,22.0,45.0,19.38247
22.0,34.0,45.0,19.38247
34.0,22.0,46.0,12.660384
22.0,34.0,46.0,12.660384
34.0,22.0,47.0,1.4362005
22.0,34.0,47.0,1.4362005
34.0,22.0,48.0,-122.98712
22.0,34.0,48.0,-122.98712
34.0,22.0,49.0,17.233816
22.0,34.0,49.0,17.233816
34.0,22.0,50.0,14.556748
22.0,34.0,50.0,14.556748
34.0,22.0,51.0,22.794914
22.0,34.0,51.0,22.794914
34.0,22.0,52.0,22.585703
22.0,34.0,52.0,22.585703
34.0,22.0,53.0,7.3106747
22.0,34.0,53.0,7.3106747
34.0,22.0,54.0,49.94887
22.0,34.0,54.0,49.94887
34.0,22.0,55.0,17.395216
22.0,34.0,55.0,17.395216
34.0,22.0,56.0,-7.1535335
22.0,34.0,56.0,-7.1535335
34.0,22.0,57.0,17.888004
22.0,34.0,57.0,17.888004
34.0,22.0,58.0,-0.8150766
22.0,34.0,58.0,-0.8150766
34.0,22.0,59.0,6.0366163
22.0,34.0,59.0,6.0366163
34.0,22.0,60.0,10.548153
22.0,34.0,60.0,10.548153
34.0,22.0,61.0,18.381609
22.0,34.0,61.0,18.381609
34.0,22.0,62.0,27.233278
22.0,34.0,62.0,27.233278
34.0,22.0,63.0,50.44561
22.0,34.0,63.0,50.44561
34.0,22.0,64.0,50.650864
22.0,34.0,64.0,50.650864
34.0,22.0,65.0,20.582615
22.0,34.0,65.0,20.582615
34.0,22.0,66.0,7.14183
22.0,34.0,66.0,7.14183
34.0,22.0,67.0,7.422288
22.0,34.0,67.0,7.422288
34.0,22.0,68.0,9.079955
22.0,34.0,68.0,9.079955
34.0,22.0,69.0,33.144634
22.0,34.0,69.0,33.144634
34.0,36.0,38.0,74.587105
36.0,34.0,38.0,74.587105
34.0,36.0,38.0,-1.3017792
36.0,34.0,38.0,-1.3017792
34.0,36.0,39.0,8.220301
36.0,34.0,39.0,8.220301
34.0,36.0,40.0,37.379177
36.0,34.0,40.0,37.379177
34.0,36.0,40.0,18.038157
36.0,34.0,40.0,18.038157
34.0,36.0,41.0,21.383615
36.0,34.0,41.0,21.383615
34.0,36.0,41.0,3.5213003
36.0,34.0,41.0,3.5213003
34.0,36.0,42.0,22.762686
36.0,34.0,42.0,22.762686
34.0,36.0,42.0,2.9197698
36.0,34.0,42.0,2.9197698
34.0,36.0,43.0,24.939327
36.0,34.0,43.0,24.939327
34.0,36.0,43.0,-12.64706
36.0,34.0,43.0,-12.64706
34.0,36.0,44.0,51.636684
36.0,34.0,44.0,51.636684
34.0,36.0,44.0,13.723766
36.0,34.0,44.0,13.723766
34.0,36.0,45.0,44.455173
36.0,34.0,45.0,44.455173
34.0,36.0,45.0,-16.734476
36.0,34.0,45.0,-16.734476
34.0,36.0,46.0,39.89327
36.0,34.0,46.0,39.89327
34.0,36.0,47.0,15.997709
36.0,34.0,47.0,15.997709
34.0,36.0,47.0,-24.012627
36.0,34.0,47.0,-24.012627
34.0,36.0,48.0,25.618372
36.0,34.0,48.0,25.618372
34.0,36.0,49.0,26.726517
36.0,34.0,49.0,26.726517
34.0,36.0,49.0,21.223106
36.0,34.0,49.0,21.223106
34.0,36.0,50.0,33.22405
36.0,34.0,50.0,33.22405
34.0,36.0,51.0,8.477338
36.0,34.0,51.0,8.477338
34.0,36.0,52.0,28.92152
36.0,34.0,52.0,28.92152
34.0,36.0,52.0,10.556286
36.0,34.0,52.0,10.556286
34.0,36.0,53.0,51.90019
36.0,34.0,53.0,51.90019
34.0,36.0,53.0,14.887606
36.0,34.0,53.0,14.887606
34.0,36.0,54.0,20.984642
36.0,34.0,54.0,20.984642
34.0,36.0,54.0,-11.160994
36.0,34.0,54.0,-11.160994
34.0,36.0,55.0,17.954346
36.0,34.0,55.0,17.954346
34.0,36.0,56.0,42.862503
36.0,34.0,56.0,42.862503
34.0,36.0,57.0,17.008131
36.0,34.0,57.0,17.008131
34.0,36.0,58.0,36.04044
36.0,34.0,58.0,36.04044
34.0,36.0,59.0,17.173183
36.0,34.0,59.0,17.173183
34.0,36.0,59.0,1.4423602
36.0,34.0,59.0,1.4423602
34.0,36.0,60.0,42.792923
36.0,34.0,60.0,42.792923
34.0,36.0,61.0,29.748676
36.0,34.0,61.0,29.748676
34.0,36.0,62.0,28.693964
36.0,34.0,62.0,28.693964
34.0,36.0,63.0,34.924664
36.0,34.0,63.0,34.924664
34.0,36.0,64.0,60.515957
36.0,34.0,64.0,60.515957
34.0,36.0,65.0,49.987316
36.0,34.0,65.0,49.987316
34.0,36.0,65.0,-2.84131
36.0,34.0,65.0,-2.84131
34.0,36.0,66.0,29.721888
36.0,34.0,66.0,29.721888
34.0,36.0,67.0,1.9070642
36.0,34.0,67.0,1.9070642
34.0,36.0,68.0,36.74188
36.0,34.0,68.0,36.74188
34.0,36.0,69.0,80.77168
36.0,34.0,69.0,80.77168
34.0,25.0,38.0,3.4286604
25.0,34.0,38.0,3.4286604
34.0,25.0,39.0,-9.904477
25.0,34.0,39.0,-9.904477
34.0,25.0,40.0,35.526398
25.0,34.0,40.0,35.526398
34.0,25.0,41.0,-10.035512
25.0,34.0,41.0,-10.035512
34.0,25.0,42.0,19.545103
25.0,34.0,42.0,19.545103
34.0,25.0,43.0,-17.356018
25.0,34.0,43.0,-17.356018
34.0,25.0,44.0,18.958845
25.0,34.0,44.0,18.958845
34.0,25.0,45.0,-13.91778
25.0,34.0,45.0,-13.91778
34.0,25.0,46.0,16.924414
25.0,34.0,46.0,16.924414
34.0,25.0,47.0,-17.431541
25.0,34.0,47.0,-17.431541
34.0,25.0,48.0,-1.3324465
25.0,34.0,48.0,-1.3324465
34.0,25.0,49.0,16.078588
25.0,34.0,49.0,16.078588
34.0,25.0,50.0,-0.23557083
25.0,34.0,50.0,-0.23557083
34.0,25.0,51.0,-6.832337
25.0,34.0,51.0,-6.832337
34.0,25.0,52.0,5.048324
25.0,34.0,52.0,5.048324
34.0,25.0,53.0,-22.65555
25.0,34.0,53.0,-22.65555
34.0,25.0,54.0,1.0171541
25.0,34.0,54.0,1.0171541
34.0,25.0,55.0,3.779857
25.0,34.0,55.0,3.779857
34.0,25.0,56.0,-18.255451
25.0,34.0,56.0,-18.255451
34.0,25.0,57.0,36.763317
25.0,34.0,57.0,36.763317
34.0,25.0,58.0,-16.800024
25.0,34.0,58.0,-16.800024
34.0,25.0,59.0,-9.525051
25.0,34.0,59.0,-9.525051
34.0,25.0,60.0,-20.273905
25.0,34.0,60.0,-20.273905
34.0,25.0,61.0,4.2106924
25.0,34.0,61.0,4.2106924
34.0,25.0,62.0,15.990437
25.0,34.0,62.0,15.990437
34.0,25.0,63.0,19.679808
25.0,34.0,63.0,19.679808
34.0,25.0,64.0,22.223494
25.0,34.0,64.0,22.223494
34.0,25.0,65.0,3.0811918
25.0,34.0,65.0,3.0811918
34.0,25.0,66.0,2.9096808
25.0,34.0,66.0,2.9096808
34.0,25.0,67.0,4.9050174
25.0,34.0,67.0,4.9050174
34.0,25.0,68.0,2.9266145
25.0,34.0,68.0,2.9266145
34.0,25.0,69.0,-11.296682
25.0,34.0,69.0,-11.296682
34.0,19.0,38.0,-0.5870805
19.0,34.0,38.0,-0.5870805
34.0,19.0,39.0,-0.9526825
19.0,34.0,39.0,-0.9526825
34.0,19.0,40.0,4.721054
19.0,34.0,40.0,4.721054
34.0,19.0,41.0,-26.176622
19.0,34.0,41.0,-26.176622
34.0,19.0,42.0,13.041419
19.0,34.0,42.0,13.041419
34.0,19.0,43.0,0.003893257
19.0,34.0,43.0,0.003893257
34.0,19.0,44.0,-3.9216185
19.0,34.0,44.0,-3.9216185
34.0,19.0,45.0,-2.6402326
19.0,34.0,45.0,-2.6402326
34.0,19.0,46.0,1.0609062
19.0,34.0,46.0,1.0609062
34.0,19.0,47.0,8.649125
19.0,34.0,47.0,8.649125
34.0,19.0,48.0,19.889202
19.0,34.0,48.0,19.889202
34.0,19.0,49.0,4.345394
19.0,34.0,49.0,4.345394
34.0,19.0,50.0,4.4522247
19.0,34.0,50.0,4.4522247
34.0,19.0,51.0,-3.5398505
19.0,34.0,51.0,-3.5398505
34.0,19.0,52.0,8.373253
19.0,34.0,52.0,8.373253
34.0,19.0,53.0,11.909163
19.0,34.0,53.0,11.909163
34.0,19.0,54.0,-5.454394
19.0,34.0,54.0,-5.454394
34.0,19.0,55.0,-6.4441705
19.0,34.0,55.0,-6.4441705
34.0,19.0,56.0,-7.240329
19.0,34.0,56.0,-7.240329
34.0,19.0,57.0,5.978285
19.0,34.0,57.0,5.978285
34.0,19.0,58.0,30.107544
19.0,34.0,58.0,30.107544
34.0,19.0,59.0,7.9042706
19.0,34.0,59.0,7.9042706
34.0,19.0,60.0,2.2268085
19.0,34.0,60.0,2.2268085
34.0,19.0,61.0,19.34337
19.0,34.0,61.0,19.34337
34.0,19.0,62.0,-1.1622776
19.0,34.0,62.0,-1.1622776
34.0,19.0,63.0,12.237808
19.0,34.0,63.0,12.237808
34.0,19.0,64.0,31.101719
19.0,34.0,64.0,31.101719
34.0,19.0,65.0,3.9566388
19.0,34.0,65.0,3.9566388
34.0,19.0,66.0,10.4103365
19.0,34.0,66.0,10.4103365
34.0,19.0,67.0,16.274555
19.0,34.0,67.0,16.274555
34.0,19.0,68.0,8.354825
19.0,34.0,68.0,8.354825
34.0,19.0,69.0,31.143188
19.0,34.0,69.0,31.143188
20.0,5.0,38.0,-3.4584634
5.0,20.0,38.0,-3.4584634
20.0,5.0,39.0,-9.995561
5.0,20.0,39.0,-9.995561
20.0,5.0,40.0,-12.0488405
5.0,20.0,40.0,-12.0488405
20.0,5.0,41.0,-10.211293
5.0,20.0,41.0,-10.211293
20.0,5.0,42.0,1.1325568
5.0,20.0,42.0,1.1325568
20.0,5.0,43.0,-13.417112
5.0,20.0,43.0,-13.417112
20.0,5.0,44.0,0.26099446
5.0,20.0,44.0,0.26099446
20.0,5.0,45.0,-5.0833387
5.0,20.0,45.0,-5.0833387
20.0,5.0,46.0,-6.1884995
5.0,20.0,46.0,-6.1884995
20.0,5.0,47.0,-3.9093106
5.0,20.0,47.0,-3.9093106
20.0,5.0,48.0,-6.651065
5.0,20.0,48.0,-6.651065
20.0,5.0,49.0,-19.222607
5.0,20.0,49.0,-19.222607
20.0,5.0,50.0,-6.2661653
5.0,20.0,50.0,-6.2661653
20.0,5.0,51.0,-15.359601
5.0,20.0,51.0,-15.359601
20.0,5.0,52.0,-12.609425
5.0,20.0,52.0,-12.609425
20.0,5.0,53.0,0.4229446
5.0,20.0,53.0,0.4229446
20.0,5.0,54.0,-21.345867
5.0,20.0,54.0,-21.345867
20.0,5.0,55.0,-7.260952
5.0,20.0,55.0,-7.260952
20.0,5.0,56.0,4.9120026
5.0,20.0,56.0,4.9120026
20.0,5.0,57.0,-10.754103
5.0,20.0,57.0,-10.754103
20.0,5.0,58.0,-4.7367697
5.0,20.0,58.0,-4.7367697
20.0,5.0,59.0,-12.510747
5.0,20.0,59.0,-12.510747
20.0,5.0,60.0,11.807008
5.0,20.0,60.0,11.807008
20.0,5.0,61.0,-8.990086
5.0,20.0,61.0,-8.990086
20.0,5.0,62.0,3.2182915
5.0,20.0,62.0,3.2182915
20.0,5.0,63.0,-7.2474
5.0,20.0,63.0,-7.2474
20.0,5.0,64.0,-20.235075
5.0,20.0,64.0,-20.235075
20.0,5.0,65.0,-8.450352
5.0,20.0,65.0,-8.450352
20.0,5.0,66.0,-21.08618
5.0,20.0,66.0,-21.08618
20.0,5.0,67.0,14.061773
5.0,20.0,67.0,14.061773
20.0,5.0,68.0,0.126429
5.0,20.0,68.0,0.126429
20.0,5.0,69.0,-5.6350403
5.0,20.0,69.0,-5.6350403
20.0,14.0,38.0,18.815603
14.0,20.0,38.0,18.815603
20.0,14.0,39.0,3.345271
14.0,20.0,39.0,3.345271
20.0,14.0,40.0,19.420235
14.0,20.0,40.0,19.420235
20.0,14.0,41.0,1.5780154
14.0,20.0,41.0,1.5780154
20.0,14.0,42.0,10.068907
14.0,20.0,42.0,10.068907
20.0,14.0,43.0,6.5177193
14.0,20.0,43.0,6.5177193
20.0,14.0,44.0,-5.6021843
14.0,20.0,44.0,-5.6021843
20.0,14.0,45.0,19.169607
14.0,20.0,45.0,19.169607
20.0,14.0,46.0,6.626463
14.0,20.0,46.0,6.626463
20.0,14.0,47.0,10.568443
14.0,20.0,47.0,10.568443
20.0,14.0,48.0,6.5376215
14.0,20.0,48.0,6.5376215
20.0,14.0,49.0,0.9084676
14.0,20.0,49.0,0.9084676
20.0,14.0,50.0,4.931131
14.0,20.0,50.0,4.931131
20.0,14.0,51.0,-26.235756
14.0,20.0,51.0,-26.235756
20.0,14.0,52.0,10.632161
14.0,20.0,52.0,10.632161
20.0,14.0,53.0,-9.113545
14.0,20.0,53.0,-9.113545
20.0,14.0,54.0,-1.6632415
14.0,20.0,54.0,-1.6632415
20.0,14.0,55.0,1.7529677
14.0,20.0,55.0,1.7529677
20.0,14.0,56.0,38.036556
14.0,20.0,56.0,38.036556
20.0,14.0,57.0,-11.117322
14.0,20.0,57.0,-11.117322
20.0,14.0,58.0,16.991842
14.0,20.0,58.0,16.991842
20.0,14.0,59.0,-23.791386
14.0,20.0,59.0,-23.791386
20.0,14.0,60.0,5.4213734
14.0,20.0,60.0,5.4213734
20.0,14.0,61.0,2.306234
14.0,20.0,61.0,2.306234
20.0,14.0,62.0,25.204588
14.0,20.0,62.0,25.204588
20.0,14.0,63.0,-7.8141184
14.0,20.0,63.0,-7.8141184
20.0,14.0,64.0,11.347412
14.0,20.0,64.0,11.347412
20.0,14.0,65.0,-3.8606708
14.0,20.0,65.0,-3.8606708
20.0,14.0,66.0,-13.43018
14.0,20.0,66.0,-13.43018
20.0,14.0,67.0,16.830978
14.0,20.0,67.0,16.830978
20.0,14.0,68.0,-1.7545122
14.0,20.0,68.0,-1.7545122
20.0,14.0,69.0,12.179781
14.0,20.0,69.0,12.179781
20.0,16.0,38.0,-9.441002
16.0,20.0,38.0,-9.441002
20.0,16.0,39.0,-8.533011
16.0,20.0,39.0,-8.533011
20.0,16.0,40.0,-11.913481
16.0,20.0,40.0,-11.913481
20.0,16.0,41.0,5.248751
16.0,20.0,41.0,5.248751
20.0,16.0,42.0,-0.9500849
16.0,20.0,42.0,-0.9500849
20.0,16.0,43.0,-20.073393
16.0,20.0,43.0,-20.073393
20.0,16.0,44.0,-10.372853
16.0,20.0,44.0,-10.372853
20.0,16.0,45.0,-7.680478
16.0,20.0,45.0,-7.680478
20.0,16.0,46.0,-6.0593057
16.0,20.0,46.0,-6.0593057
20.0,16.0,47.0,-7.0074544
16.0,20.0,47.0,-7.0074544
20.0,16.0,48.0,-10.830093
16.0,20.0,48.0,-10.830093
20.0,16.0,49.0,-25.005451
16.0,20.0,49.0,-25.005451
20.0,16.0,50.0,-19.476297
16.0,20.0,50.0,-19.476297
20.0,16.0,51.0,-9.052521
16.0,20.0,51.0,-9.052521
20.0,16.0,52.0,-13.583845
16.0,20.0,52.0,-13.583845
20.0,16.0,53.0,-8.984288
16.0,20.0,53.0,-8.984288
20.0,16.0,54.0,-18.100143
16.0,20.0,54.0,-18.100143
20.0,16.0,55.0,-2.5444615
16.0,20.0,55.0,-2.5444615
20.0,16.0,56.0,-3.2737534
16.0,20.0,56.0,-3.2737534
20.0,16.0,57.0,-10.26135
16.0,20.0,57.0,-10.26135
20.0,16.0,58.0,-29.09521
16.0,20.0,58.0,-29.09521
20.0,16.0,59.0,-9.485757
16.0,20.0,59.0,-9.485757
20.0,16.0,60.0,-10.772615
16.0,20.0,60.0,-10.772615
20.0,16.0,61.0,-23.855902
16.0,20.0,61.0,-23.855902
20.0,16.0,62.0,-4.153849
16.0,20.0,62.0,-4.153849
20.0,16.0,63.0,-1.6144443
16.0,20.0,63.0,-1.6144443
20.0,16.0,64.0,6.1096287
16.0,20.0,64.0,6.1096287
20.0,16.0,65.0,-7.630458
16.0,20.0,65.0,-7.630458
20.0,16.0,66.0,-6.1621604
16.0,20.0,66.0,-6.1621604
20.0,16.0,67.0,-2.199542
16.0,20.0,67.0,-2.199542
20.0,16.0,68.0,-14.180306
16.0,20.0,68.0,-14.180306
20.0,16.0,69.0,-10.303584
16.0,20.0,69.0,-10.303584
35.0,0.0,38.0,-4.810945
0.0,35.0,38.0,-4.810945
35.0,0.0,39.0,-4.338119
0.0,35.0,39.0,-4.338119
35.0,0.0,40.0,13.069627
0.0,35.0,40.0,13.069627
35.0,0.0,41.0,3.010173
0.0,35.0,41.0,3.010173
35.0,0.0,42.0,10.540848
0.0,35.0,42.0,10.540848
35.0,0.0,43.0,-22.9189
0.0,35.0,43.0,-22.9189
35.0,0.0,44.0,6.091516
0.0,35.0,44.0,6.091516
35.0,0.0,45.0,-9.203301
0.0,35.0,45.0,-9.203301
35.0,0.0,46.0,6.486392
0.0,35.0,46.0,6.486392
35.0,0.0,47.0,-6.594579
0.0,35.0,47.0,-6.594579
35.0,0.0,48.0,-14.879259
0.0,35.0,48.0,-14.879259
35.0,0.0,49.0,-2.1063187
0.0,35.0,49.0,-2.1063187
35.0,0.0,50.0,12.429123
0.0,35.0,50.0,12.429123
35.0,0.0,51.0,18.264719
0.0,35.0,51.0,18.264719
35.0,0.0,52.0,-7.7606125
0.0,35.0,52.0,-7.7606125
35.0,0.0,53.0,-171.04831
0.0,35.0,53.0,-171.04831
35.0,0.0,54.0,-10.744982
0.0,35.0,54.0,-10.744982
35.0,0.0,55.0,-0.03081072
0.0,35.0,55.0,-0.03081072
35.0,0.0,56.0,-0.13866024
0.0,35.0,56.0,-0.13866024
35.0,0.0,57.0,-3.1154027
0.0,35.0,57.0,-3.1154027
35.0,0.0,58.0,-13.100646
0.0,35.0,58.0,-13.100646
35.0,0.0,59.0,12.0704975
0.0,35.0,59.0,12.0704975
35.0,0.0,60.0,-0.98827577
0.0,35.0,60.0,-0.98827577
35.0,0.0,61.0,5.0299006
0.0,35.0,61.0,5.0299006
35.0,0.0,62.0,3.735931
0.0,35.0,62.0,3.735931
35.0,0.0,63.0,19.400734
0.0,35.0,63.0,19.400734
35.0,0.0,64.0,-0.5054841
0.0,35.0,64.0,-0.5054841
35.0,0.0,65.0,5.302859
0.0,35.0,65.0,5.302859
35.0,0.0,66.0,-20.961788
0.0,35.0,66.0,-20.961788
35.0,0.0,67.0,-3.0170114
0.0,35.0,67.0,-3.0170114
35.0,0.0,68.0,1.4376445
0.0,35.0,68.0,1.4376445
35.0,0.0,69.0,8.548918
0.0,35.0,69.0,8.548918
35.0,1.0,38.0,-10.305314
1.0,35.0,38.0,-10.305314
35.0,1.0,39.0,-2.4792743
1.0,35.0,39.0,-2.4792743
35.0,1.0,40.0,15.260295
1.0,35.0,40.0,15.260295
35.0,1.0,41.0,-4.2868543
1.0,35.0,41.0,-4.2868543
35.0,1.0,42.0,9.944649
1.0,35.0,42.0,9.944649
35.0,1.0,43.0,9.899583
1.0,35.0,43.0,9.899583
35.0,1.0,44.0,4.0775714
1.0,35.0,44.0,4.0775714
35.0,1.0,45.0,0.36480528
1.0,35.0,45.0,0.36480528
35.0,1.0,46.0,28.690247
1.0,35.0,46.0,28.690247
35.0,1.0,47.0,5.185283
1.0,35.0,47.0,5.185283
35.0,1.0,48.0,8.302515
1.0,35.0,48.0,8.302515
35.0,1.0,49.0,10.225667
1.0,35.0,49.0,10.225667
35.0,1.0,50.0,8.691376
1.0,35.0,50.0,8.691376
35.0,1.0,51.0,0.47927716
1.0,35.0,51.0,0.47927716
35.0,1.0,52.0,8.297509
1.0,35.0,52.0,8.297509
35.0,1.0,53.0,-19.271582
1.0,35.0,53.0,-19.271582
35.0,1.0,54.0,-3.2490163
1.0,35.0,54.0,-3.2490163
35.0,1.0,55.0,6.855644
1.0,35.0,55.0,6.855644
35.0,1.0,56.0,-3.7917163
1.0,35.0,56.0,-3.7917163
35.0,1.0,57.0,-6.260133
1.0,35.0,57.0,-6.260133
35.0,1.0,58.0,-2.9553826
1.0,35.0,58.0,-2.9553826
35.0,1.0,59.0,4.164832
1.0,35.0,59.0,4.164832
35.0,1.0,60.0,-2.6322882
1.0,35.0,60.0,-2.6322882
35.0,1.0,61.0,0.32782117
1.0,35.0,61.0,0.32782117
35.0,1.0,62.0,16.13511
1.0,35.0,62.0,16.13511
35.0,1.0,63.0,10.772299
1.0,35.0,63.0,10.772299
35.0,1.0,64.0,24.584812
1.0,35.0,64.0,24.584812
35.0,1.0,65.0,8.819893
1.0,35.0,65.0,8.819893
35.0,1.0,66.0,8.697502
1.0,35.0,66.0,8.697502
35.0,1.0,67.0,-22.91512
1.0,35.0,67.0,-22.91512
35.0,1.0,68.0,10.9861965
1.0,35.0,68.0,10.9861965
35.0,1.0,69.0,1.048356
1.0,35.0,69.0,1.048356
35.0,2.0,38.0,-5.007336
2.0,35.0,38.0,-5.007336
35.0,2.0,39.0,-3.8562586
2.0,35.0,39.0,-3.8562586
35.0,2.0,40.0,25.47613
2.0,35.0,40.0,25.47613
35.0,2.0,41.0,4.911887
2.0,35.0,41.0,4.911887
35.0,2.0,42.0,21.185434
2.0,35.0,42.0,21.185434
35.0,2.0,43.0,-30.760384
2.0,35.0,43.0,-30.760384
35.0,2.0,44.0,4.260442
2.0,35.0,44.0,4.260442
35.0,2.0,45.0,-6.1330824
2.0,35.0,45.0,-6.1330824
35.0,2.0,46.0,27.108032
2.0,35.0,46.0,27.108032
35.0,2.0,47.0,1.0212966
2.0,35.0,47.0,1.0212966
35.0,2.0,48.0,40.73143
2.0,35.0,48.0,40.73143
35.0,2.0,49.0,-0.17200874
2.0,35.0,49.0,-0.17200874
35.0,2.0,50.0,10.308454
2.0,35.0,50.0,10.308454
35.0,2.0,51.0,39.960728
2.0,35.0,51.0,39.960728
35.0,2.0,52.0,5.694735
2.0,35.0,52.0,5.694735
35.0,2.0,53.0,-281.43668
2.0,35.0,53.0,-281.43668
35.0,2.0,54.0,-12.354772
2.0,35.0,54.0,-12.354772
35.0,2.0,55.0,10.356044
2.0,35.0,55.0,10.356044
35.0,2.0,56.0,-5.602027
2.0,35.0,56.0,-5.602027
35.0,2.0,57.0,21.623142
2.0,35.0,57.0,21.623142
35.0,2.0,58.0,-20.249516
2.0,35.0,58.0,-20.249516
35.0,2.0,59.0,-7.4802704
2.0,35.0,59.0,-7.4802704
35.0,2.0,60.0,16.278002
2.0,35.0,60.0,16.278002
35.0,2.0,61.0,-2.719318
2.0,35.0,61.0,-2.719318
35.0,2.0,62.0,16.358953
2.0,35.0,62.0,16.358953
35.0,2.0,63.0,27.890259
2.0,35.0,63.0,27.890259
35.0,2.0,64.0,14.93668
2.0,35.0,64.0,14.93668
35.0,2.0,65.0,8.649254
2.0,35.0,65.0,8.649254
35.0,2.0,66.0,0.8749893
2.0,35.0,66.0,0.8749893
35.0,2.0,67.0,97.808495
2.0,35.0,67.0,97.808495
35.0,2.0,68.0,12.947067
2.0,35.0,68.0,12.947067
35.0,2.0,69.0,4.8787107
2.0,35.0,69.0,4.8787107
35.0,3.0,38.0,-19.1244
3.0,35.0,38.0,-19.1244
35.0,3.0,39.0,-31.733488
3.0,35.0,39.0,-31.733488
35.0,3.0,40.0,-18.56574
3.0,35.0,40.0,-18.56574
35.0,3.0,41.0,-16.962812
3.0,35.0,41.0,-16.962812
35.0,3.0,42.0,-11.1948595
3.0,35.0,42.0,-11.1948595
35.0,3.0,43.0,-68.689156
3.0,35.0,43.0,-68.689156
35.0,3.0,44.0,-30.350843
3.0,35.0,44.0,-30.350843
35.0,3.0,45.0,-18.239714
3.0,35.0,45.0,-18.239714
35.0,3.0,46.0,-9.027209
3.0,35.0,46.0,-9.027209
35.0,3.0,47.0,-44.45185
3.0,35.0,47.0,-44.45185
35.0,3.0,48.0,-30.238379
3.0,35.0,48.0,-30.238379
35.0,3.0,49.0,3.077142
3.0,35.0,49.0,3.077142
35.0,3.0,50.0,-7.7105436
3.0,35.0,50.0,-7.7105436
35.0,3.0,51.0,68.85996
3.0,35.0,51.0,68.85996
35.0,3.0,52.0,-32.16599
3.0,35.0,52.0,-32.16599
35.0,3.0,53.0,-307.02628
3.0,35.0,53.0,-307.02628
35.0,3.0,54.0,-20.101456
3.0,35.0,54.0,-20.101456
35.0,3.0,55.0,-41.851448
3.0,35.0,55.0,-41.851448
35.0,3.0,56.0,-18.934772
3.0,35.0,56.0,-18.934772
35.0,3.0,57.0,-8.815494
3.0,35.0,57.0,-8.815494
35.0,3.0,58.0,-27.855988
3.0,35.0,58.0,-27.855988
35.0,3.0,59.0,-27.679852
3.0,35.0,59.0,-27.679852
35.0,3.0,60.0,-13.908776
3.0,35.0,60.0,-13.908776
35.0,3.0,61.0,-10.505269
3.0,35.0,61.0,-10.505269
35.0,3.0,62.0,-3.4291182
3.0,35.0,62.0,-3.4291182
35.0,3.0,63.0,-23.031069
3.0,35.0,63.0,-23.031069
35.0,3.0,64.0,-6.756349
3.0,35.0,64.0,-6.756349
35.0,3.0,65.0,0.69691586
3.0,35.0,65.0,0.69691586
35.0,3.0,66.0,-12.111691
3.0,35.0,66.0,-12.111691
35.0,3.0,67.0,-21.070864
3.0,35.0,67.0,-21.070864
35.0,3.0,68.0,-18.646828
3.0,35.0,68.0,-18.646828
35.0,3.0,69.0,-28.491518
3.0,35.0,69.0,-28.491518
35.0,4.0,38.0,28.725863
4.0,35.0,38.0,28.725863
35.0,4.0,39.0,56.061996
4.0,35.0,39.0,56.061996
35.0,4.0,40.0,39.52376
4.0,35.0,40.0,39.52376
35.0,4.0,41.0,34.89232
4.0,35.0,41.0,34.89232
35.0,4.0,42.0,10.124972
4.0,35.0,42.0,10.124972
35.0,4.0,43.0,15.510126
4.0,35.0,43.0,15.510126
35.0,4.0,44.0,29.611362
4.0,35.0,44.0,29.611362
35.0,4.0,45.0,9.399926
4.0,35.0,45.0,9.399926
35.0,4.0,46.0,-1.9056182
4.0,35.0,46.0,-1.9056182
35.0,4.0,47.0,35.032738
4.0,35.0,47.0,35.032738
35.0,4.0,48.0,5.737775
4.0,35.0,48.0,5.737775
35.0,4.0,49.0,51.96863
4.0,35.0,49.0,51.96863
35.0,4.0,50.0,41.589367
4.0,35.0,50.0,41.589367
35.0,4.0,51.0,107.1763
4.0,35.0,51.0,107.1763
35.0,4.0,52.0,55.002655
4.0,35.0,52.0,55.002655
35.0,4.0,53.0,-50.439976
4.0,35.0,53.0,-50.439976
35.0,4.0,54.0,6.4905233
4.0,35.0,54.0,6.4905233
35.0,4.0,55.0,57.073616
4.0,35.0,55.0,57.073616
35.0,4.0,56.0,-14.823997
4.0,35.0,56.0,-14.823997
35.0,4.0,57.0,37.63342
4.0,35.0,57.0,37.63342
35.0,4.0,58.0,40.32315
4.0,35.0,58.0,40.32315
35.0,4.0,59.0,5.044268
4.0,35.0,59.0,5.044268
35.0,4.0,60.0,17.855137
4.0,35.0,60.0,17.855137
35.0,4.0,61.0,18.50646
4.0,35.0,61.0,18.50646
35.0,4.0,62.0,-10.426071
4.0,35.0,62.0,-10.426071
35.0,4.0,63.0,34.547646
4.0,35.0,63.0,34.547646
35.0,4.0,64.0,39.525578
4.0,35.0,64.0,39.525578
35.0,4.0,65.0,42.792812
4.0,35.0,65.0,42.792812
35.0,4.0,66.0,26.462906
4.0,35.0,66.0,26.462906
35.0,4.0,67.0,41.79292
4.0,35.0,67.0,41.79292
35.0,4.0,68.0,10.52376
4.0,35.0,68.0,10.52376
35.0,4.0,69.0,34.235153
4.0,35.0,69.0,34.235153
35.0,5.0,38.0,-18.69197
5.0,35.0,38.0,-18.69197
35.0,5.0,39.0,-10.867083
5.0,35.0,39.0,-10.867083
35.0,5.0,40.0,12.908592
5.0,35.0,40.0,12.908592
35.0,5.0,41.0,4.8641796
5.0,35.0,41.0,4.8641796
35.0,5.0,42.0,14.10027
5.0,35.0,42.0,14.10027
35.0,5.0,43.0,2.341739
5.0,35.0,43.0,2.341739
35.0,5.0,44.0,7.3102846
5.0,35.0,44.0,7.3102846
35.0,5.0,45.0,-18.41635
5.0,35.0,45.0,-18.41635
35.0,5.0,46.0,14.599797
5.0,35.0,46.0,14.599797
35.0,5.0,47.0,-6.2777405
5.0,35.0,47.0,-6.2777405
35.0,5.0,48.0,-25.671766
5.0,35.0,48.0,-25.671766
35.0,5.0,49.0,-5.761764
5.0,35.0,49.0,-5.761764
35.0,5.0,50.0,-5.199766
5.0,35.0,50.0,-5.199766
35.0,5.0,51.0,2.0721092
5.0,35.0,51.0,2.0721092
35.0,5.0,52.0,-6.3342853
5.0,35.0,52.0,-6.3342853
35.0,5.0,53.0,-15.974565
5.0,35.0,53.0,-15.974565
35.0,5.0,54.0,-16.900002
5.0,35.0,54.0,-16.900002
35.0,5.0,55.0,-15.530506
5.0,35.0,55.0,-15.530506
35.0,5.0,56.0,-7.7680516
5.0,35.0,56.0,-7.7680516
35.0,5.0,57.0,12.238488
5.0,35.0,57.0,12.238488
35.0,5.0,58.0,-20.657522
5.0,35.0,58.0,-20.657522
35.0,5.0,59.0,-10.058036
5.0,35.0,59.0,-10.058036
35.0,5.0,60.0,18.750095
5.0,35.0,60.0,18.750095
35.0,5.0,61.0,-4.0514717
5.0,35.0,61.0,-4.0514717
35.0,5.0,62.0,12.585197
5.0,35.0,62.0,12.585197
35.0,5.0,63.0,-2.2799122
5.0,35.0,63.0,-2.2799122
35.0,5.0,64.0,-18.052494
5.0,35.0,64.0,-18.052494
35.0,5.0,65.0,-2.353124
5.0,35.0,65.0,-2.353124
35.0,5.0,66.0,-18.156513
5.0,35.0,66.0,-18.156513
35.0,5.0,67.0,-45.76201
5.0,35.0,67.0,-45.76201
35.0,5.0,68.0,3.6190457
5.0,35.0,68.0,3.6190457
35.0,5.0,69.0,-9.079856
5.0,35.0,69.0,-9.079856
35.0,6.0,38.0,-12.629331
6.0,35.0,38.0,-12.629331
35.0,6.0,39.0,-8.948449
6.0,35.0,39.0,-8.948449
35.0,6.0,40.0,67.020386
6.0,35.0,40.0,67.020386
35.0,6.0,41.0,1.227029
6.0,35.0,41.0,1.227029
35.0,6.0,42.0,15.775387
6.0,35.0,42.0,15.775387
35.0,6.0,43.0,-6.6569963
6.0,35.0,43.0,-6.6569963
35.0,6.0,44.0,35.89333
6.0,35.0,44.0,35.89333
35.0,6.0,45.0,-15.141949
6.0,35.0,45.0,-15.141949
35.0,6.0,46.0,26.076664
6.0,35.0,46.0,26.076664
35.0,6.0,47.0,18.703203
6.0,35.0,47.0,18.703203
35.0,6.0,48.0,-45.183704
6.0,35.0,48.0,-45.183704
35.0,6.0,49.0,29.38236
6.0,35.0,49.0,29.38236
35.0,6.0,50.0,5.8408036
6.0,35.0,50.0,5.8408036
35.0,6.0,51.0,18.009562
6.0,35.0,51.0,18.009562
35.0,6.0,52.0,6.7277036
6.0,35.0,52.0,6.7277036
35.0,6.0,53.0,-7.33475
6.0,35.0,53.0,-7.33475
35.0,6.0,54.0,-1.6292925
6.0,35.0,54.0,-1.6292925
35.0,6.0,55.0,2.9568336
6.0,35.0,55.0,2.9568336
35.0,6.0,56.0,-14.259908
6.0,35.0,56.0,-14.259908
35.0,6.0,57.0,-5.520939
6.0,35.0,57.0,-5.520939
35.0,6.0,58.0,1.8644098
6.0,35.0,58.0,1.8644098
35.0,6.0,59.0,-10.234932
6.0,35.0,59.0,-10.234932
35.0,6.0,60.0,-13.563008
6.0,35.0,60.0,-13.563008
35.0,6.0,61.0,-6.0855165
6.0,35.0,61.0,-6.0855165
35.0,6.0,62.0,12.074572
6.0,35.0,62.0,12.074572
35.0,6.0,63.0,36.356476
6.0,35.0,63.0,36.356476
35.0,6.0,64.0,16.56235
6.0,35.0,64.0,16.56235
35.0,6.0,65.0,-7.2412186
6.0,35.0,65.0,-7.2412186
35.0,6.0,66.0,11.593486
6.0,35.0,66.0,11.593486
35.0,6.0,67.0,-31.325094
6.0,35.0,67.0,-31.325094
35.0,6.0,68.0,19.39687
6.0,35.0,68.0,19.39687
35.0,6.0,69.0,11.37959
6.0,35.0,69.0,11.37959
35.0,7.0,38.0,-28.988895
7.0,35.0,38.0,-28.988895
35.0,7.0,39.0,-16.763708
7.0,35.0,39.0,-16.763708
35.0,7.0,40.0,-4.0699167
7.0,35.0,40.0,-4.0699167
35.0,7.0,41.0,0.08241576
7.0,35.0,41.0,0.08241576
35.0,7.0,42.0,7.975667
7.0,35.0,42.0,7.975667
35.0,7.0,43.0,-83.06638
7.0,35.0,43.0,-83.06638
35.0,7.0,44.0,16.963846
7.0,35.0,44.0,16.963846
35.0,7.0,45.0,-9.498713
7.0,35.0,45.0,-9.498713
35.0,7.0,46.0,7.99249
7.0,35.0,46.0,7.99249
35.0,7.0,47.0,-18.232492
7.0,35.0,47.0,-18.232492
35.0,7.0,48.0,-45.11151
7.0,35.0,48.0,-45.11151
35.0,7.0,49.0,-17.564003
7.0,35.0,49.0,-17.564003
35.0,7.0,50.0,19.783508
7.0,35.0,50.0,19.783508
35.0,7.0,51.0,1.9109982
7.0,35.0,51.0,1.9109982
35.0,7.0,52.0,-0.013939201
7.0,35.0,52.0,-0.013939201
35.0,7.0,53.0,-326.4643
7.0,35.0,53.0,-326.4643
35.0,7.0,54.0,-20.03736
7.0,35.0,54.0,-20.03736
35.0,7.0,55.0,-16.985268
7.0,35.0,55.0,-16.985268
35.0,7.0,56.0,4.8363705
7.0,35.0,56.0,4.8363705
35.0,7.0,57.0,15.711241
7.0,35.0,57.0,15.711241
35.0,7.0,58.0,-45.9063
7.0,35.0,58.0,-45.9063
35.0,7.0,59.0,-8.717004
7.0,35.0,59.0,-8.717004
35.0,7.0,60.0,6.688222
7.0,35.0,60.0,6.688222
35.0,7.0,61.0,-7.9125705
7.0,35.0,61.0,-7.9125705
35.0,7.0,62.0,16.404388
7.0,35.0,62.0,16.404388
35.0,7.0,63.0,0.6989196
7.0,35.0,63.0,0.6989196
35.0,7.0,64.0,1.3336493
7.0,35.0,64.0,1.3336493
35.0,7.0,65.0,0.9660115
7.0,35.0,65.0,0.9660115
35.0,7.0,66.0,-17.964334
7.0,35.0,66.0,-17.964334
35.0,7.0,67.0,-11.690675
7.0,35.0,67.0,-11.690675
35.0,7.0,68.0,3.3988254
7.0,35.0,68.0,3.3988254
35.0,7.0,69.0,-0.15871197
7.0,35.0,69.0,-0.15871197
35.0,8.0,38.0,17.679737
8.0,35.0,38.0,17.679737
35.0,8.0,39.0,6.2441077
8.0,35.0,39.0,6.2441077
35.0,8.0,40.0,33.72372
8.0,35.0,40.0,33.72372
35.0,8.0,41.0,25.372864
8.0,35.0,41.0,25.372864
35.0,8.0,42.0,1.7555418
8.0,35.0,42.0,1.7555418
35.0,8.0,43.0,-40.670265
8.0,35.0,43.0,-40.670265
35.0,8.0,44.0,10.025345
8.0,35.0,44.0,10.025345
35.0,8.0,45.0,-6.8552895
8.0,35.0,45.0,-6.8552895
35.0,8.0,46.0,19.492977
8.0,35.0,46.0,19.492977
35.0,8.0,47.0,15.290172
8.0,35.0,47.0,15.290172
35.0,8.0,48.0,-8.328542
8.0,35.0,48.0,-8.328542
35.0,8.0,49.0,-5.0888767
8.0,35.0,49.0,-5.0888767
35.0,8.0,50.0,9.896395
8.0,35.0,50.0,9.896395
35.0,8.0,51.0,10.731691
8.0,35.0,51.0,10.731691
35.0,8.0,52.0,2.410007
8.0,35.0,52.0,2.410007
35.0,8.0,53.0,-163.65977
8.0,35.0,53.0,-163.65977
35.0,8.0,54.0,8.291662
8.0,35.0,54.0,8.291662
35.0,8.0,55.0,6.380653
8.0,35.0,55.0,6.380653
35.0,8.0,56.0,-3.4983482
8.0,35.0,56.0,-3.4983482
35.0,8.0,57.0,24.54407
8.0,35.0,57.0,24.54407
35.0,8.0,58.0,-18.058882
8.0,35.0,58.0,-18.058882
35.0,8.0,59.0,24.024778
8.0,35.0,59.0,24.024778
35.0,8.0,60.0,8.059045
8.0,35.0,60.0,8.059045
35.0,8.0,61.0,8.491128
8.0,35.0,61.0,8.491128
35.0,8.0,62.0,13.397424
8.0,35.0,62.0,13.397424
35.0,8.0,63.0,28.083923
8.0,35.0,63.0,28.083923
35.0,8.0,64.0,4.536175
8.0,35.0,64.0,4.536175
35.0,8.0,65.0,13.44661
8.0,35.0,65.0,13.44661
35.0,8.0,66.0,0.9481719
8.0,35.0,66.0,0.9481719
35.0,8.0,67.0,10.892143
8.0,35.0,67.0,10.892143
35.0,8.0,68.0,7.2671757
8.0,35.0,68.0,7.2671757
35.0,8.0,69.0,-6.15728
8.0,35.0,69.0,-6.15728
35.0,9.0,38.0,-5.1784577
9.0,35.0,38.0,-5.1784577
35.0,9.0,39.0,-11.453348
9.0,35.0,39.0,-11.453348
35.0,9.0,40.0,95.35478
9.0,35.0,40.0,95.35478
35.0,9.0,41.0,-7.5614614
9.0,35.0,41.0,-7.5614614
35.0,9.0,42.0,63.17304
9.0,35.0,42.0,63.17304
35.0,9.0,43.0,9.367058
9.0,35.0,43.0,9.367058
35.0,9.0,44.0,76.10088
9.0,35.0,44.0,76.10088
35.0,9.0,45.0,5.9286065
9.0,35.0,45.0,5.9286065
35.0,9.0,46.0,33.875732
9.0,35.0,46.0,33.875732
35.0,9.0,47.0,-0.57952386
9.0,35.0,47.0,-0.57952386
35.0,9.0,48.0,-28.803347
9.0,35.0,48.0,-28.803347
35.0,9.0,49.0,44.74681
9.0,35.0,49.0,44.74681
35.0,9.0,50.0,14.242506
9.0,35.0,50.0,14.242506
35.0,9.0,51.0,38.39369
9.0,35.0,51.0,38.39369
35.0,9.0,52.0,10.9450655
9.0,35.0,52.0,10.9450655
35.0,9.0,53.0,-12.5472555
9.0,35.0,53.0,-12.5472555
35.0,9.0,54.0,-0.19437733
9.0,35.0,54.0,-0.19437733
35.0,9.0,55.0,-5.616166
9.0,35.0,55.0,-5.616166
35.0,9.0,56.0,3.4401531
9.0,35.0,56.0,3.4401531
35.0,9.0,57.0,0.6240839
9.0,35.0,57.0,0.6240839
35.0,9.0,58.0,9.087839
9.0,35.0,58.0,9.087839
35.0,9.0,59.0,-2.6425147
9.0,35.0,59.0,-2.6425147
35.0,9.0,60.0,-10.573488
9.0,35.0,60.0,-10.573488
35.0,9.0,61.0,0.38284037
9.0,35.0,61.0,0.38284037
35.0,9.0,62.0,17.281225
9.0,35.0,62.0,17.281225
35.0,9.0,63.0,59.76673
9.0,35.0,63.0,59.76673
35.0,9.0,64.0,29.826597
9.0,35.0,64.0,29.826597
35.0,9.0,65.0,1.4093391
9.0,35.0,65.0,1.4093391
35.0,9.0,66.0,26.107939
9.0,35.0,66.0,26.107939
35.0,9.0,67.0,-3.9590092
9.0,35.0,67.0,-3.9590092
35.0,9.0,68.0,26.628916
9.0,35.0,68.0,26.628916
35.0,9.0,69.0,22.596792
9.0,35.0,69.0,22.596792
35.0,10.0,38.0,6.295024
10.0,35.0,38.0,6.295024
35.0,10.0,39.0,16.35016
10.0,35.0,39.0,16.35016
35.0,10.0,40.0,63.81851
10.0,35.0,40.0,63.81851
35.0,10.0,41.0,20.816967
10.0,35.0,41.0,20.816967
35.0,10.0,42.0,26.848225
10.0,35.0,42.0,26.848225
35.0,10.0,43.0,4.7979107
10.0,35.0,43.0,4.7979107
35.0,10.0,44.0,22.243378
10.0,35.0,44.0,22.243378
35.0,10.0,45.0,19.381552
10.0,35.0,45.0,19.381552
35.0,10.0,46.0,50.946762
10.0,35.0,46.0,50.946762
35.0,10.0,47.0,36.49152
10.0,35.0,47.0,36.49152
35.0,10.0,48.0,-11.809956
10.0,35.0,48.0,-11.809956
35.0,10.0,49.0,28.656906
10.0,35.0,49.0,28.656906
35.0,10.0,50.0,17.214916
10.0,35.0,50.0,17.214916
35.0,10.0,51.0,51.298843
10.0,35.0,51.0,51.298843
35.0,10.0,52.0,31.76066
10.0,35.0,52.0,31.76066
35.0,10.0,53.0,1.2590815
10.0,35.0,53.0,1.2590815
35.0,10.0,54.0,16.300255
10.0,35.0,54.0,16.300255
35.0,10.0,55.0,30.754887
10.0,35.0,55.0,30.754887
35.0,10.0,56.0,-0.9518673
10.0,35.0,56.0,-0.9518673
35.0,10.0,57.0,38.76725
10.0,35.0,57.0,38.76725
35.0,10.0,58.0,0.96476847
10.0,35.0,58.0,0.96476847
35.0,10.0,59.0,35.063656
10.0,35.0,59.0,35.063656
35.0,10.0,60.0,24.531498
10.0,35.0,60.0,24.531498
35.0,10.0,61.0,9.586947
10.0,35.0,61.0,9.586947
35.0,10.0,62.0,32.074333
10.0,35.0,62.0,32.074333
35.0,10.0,63.0,58.39395
10.0,35.0,63.0,58.39395
35.0,10.0,64.0,41.958347
10.0,35.0,64.0,41.958347
35.0,10.0,65.0,18.797476
10.0,35.0,65.0,18.797476
35.0,10.0,66.0,31.467922
10.0,35.0,66.0,31.467922
35.0,10.0,67.0,-0.06016111
10.0,35.0,67.0,-0.06016111
35.0,10.0,68.0,24.634615
10.0,35.0,68.0,24.634615
35.0,10.0,69.0,29.161234
10.0,35.0,69.0,29.161234
35.0,11.0,38.0,-16.667742
11.0,35.0,38.0,-16.667742
35.0,11.0,39.0,-9.262327
11.0,35.0,39.0,-9.262327
35.0,11.0,40.0,-0.10247064
11.0,35.0,40.0,-0.10247064
35.0,11.0,41.0,-6.755637
11.0,35.0,41.0,-6.755637
35.0,11.0,42.0,18.975677
11.0,35.0,42.0,18.975677
35.0,11.0,43.0,-20.749506
11.0,35.0,43.0,-20.749506
35.0,11.0,44.0,-3.531618
11.0,35.0,44.0,-3.531618
35.0,11.0,45.0,-18.047112
11.0,35.0,45.0,-18.047112
35.0,11.0,46.0,-14.954799
11.0,35.0,46.0,-14.954799
35.0,11.0,47.0,-14.741925
11.0,35.0,47.0,-14.741925
35.0,11.0,48.0,-52.705193
11.0,35.0,48.0,-52.705193
35.0,11.0,49.0,-3.9339912
11.0,35.0,49.0,-3.9339912
35.0,11.0,50.0,-1.0711286
11.0,35.0,50.0,-1.0711286
35.0,11.0,51.0,-6.435638
11.0,35.0,51.0,-6.435638
35.0,11.0,52.0,-19.666052
11.0,35.0,52.0,-19.666052
35.0,11.0,53.0,-13.855371
11.0,35.0,53.0,-13.855371
35.0,11.0,54.0,-13.937412
11.0,35.0,54.0,-13.937412
35.0,11.0,55.0,-19.447844
11.0,35.0,55.0,-19.447844
35.0,11.0,56.0,-24.5551
11.0,35.0,56.0,-24.5551
35.0,11.0,57.0,-19.255388
11.0,35.0,57.0,-19.255388
35.0,11.0,58.0,-42.1914
11.0,35.0,58.0,-42.1914
35.0,11.0,59.0,-2.9114795
11.0,35.0,59.0,-2.9114795
35.0,11.0,60.0,-18.215416
11.0,35.0,60.0,-18.215416
35.0,11.0,61.0,-6.5338173
11.0,35.0,61.0,-6.5338173
35.0,11.0,62.0,1.0178057
11.0,35.0,62.0,1.0178057
35.0,11.0,63.0,9.763951
11.0,35.0,63.0,9.763951
35.0,11.0,64.0,1.0933225
11.0,35.0,64.0,1.0933225
35.0,11.0,65.0,7.8026395
11.0,35.0,65.0,7.8026395
35.0,11.0,66.0,-28.75366
11.0,35.0,66.0,-28.75366
35.0,11.0,67.0,-95.06772
11.0,35.0,67.0,-95.06772
35.0,11.0,68.0,-18.684193
11.0,35.0,68.0,-18.684193
35.0,11.0,69.0,-9.587934
11.0,35.0,69.0,-9.587934
35.0,12.0,38.0,23.701733
12.0,35.0,38.0,23.701733
35.0,12.0,39.0,18.894014
12.0,35.0,39.0,18.894014
35.0,12.0,40.0,43.663475
12.0,35.0,40.0,43.663475
35.0,12.0,41.0,22.802942
12.0,35.0,41.0,22.802942
35.0,12.0,42.0,21.659632
12.0,35.0,42.0,21.659632
35.0,12.0,43.0,14.048251
12.0,35.0,43.0,14.048251
35.0,12.0,44.0,30.155252
12.0,35.0,44.0,30.155252
35.0,12.0,45.0,19.724806
12.0,35.0,45.0,19.724806
35.0,12.0,46.0,21.779999
12.0,35.0,46.0,21.779999
35.0,12.0,47.0,32.11804
12.0,35.0,47.0,32.11804
35.0,12.0,48.0,-22.112265
12.0,35.0,48.0,-22.112265
35.0,12.0,49.0,11.084306
12.0,35.0,49.0,11.084306
35.0,12.0,50.0,18.760073
12.0,35.0,50.0,18.760073
35.0,12.0,51.0,51.379078
12.0,35.0,51.0,51.379078
35.0,12.0,52.0,25.640541
12.0,35.0,52.0,25.640541
35.0,12.0,53.0,-5.1627293
12.0,35.0,53.0,-5.1627293
35.0,12.0,54.0,1.9418073
12.0,35.0,54.0,1.9418073
35.0,12.0,55.0,10.247323
12.0,35.0,55.0,10.247323
35.0,12.0,56.0,-7.340704
12.0,35.0,56.0,-7.340704
35.0,12.0,57.0,21.184578
12.0,35.0,57.0,21.184578
35.0,12.0,58.0,25.779993
12.0,35.0,58.0,25.779993
35.0,12.0,59.0,20.878536
12.0,35.0,59.0,20.878536
35.0,12.0,60.0,32.71681
12.0,35.0,60.0,32.71681
35.0,12.0,61.0,30.797302
12.0,35.0,61.0,30.797302
35.0,12.0,62.0,34.23073
12.0,35.0,62.0,34.23073
35.0,12.0,63.0,21.610334
12.0,35.0,63.0,21.610334
35.0,12.0,64.0,26.112612
12.0,35.0,64.0,26.112612
35.0,12.0,65.0,18.421684
12.0,35.0,65.0,18.421684
35.0,12.0,66.0,24.55236
12.0,35.0,66.0,24.55236
35.0,12.0,67.0,13.492939
12.0,35.0,67.0,13.492939
35.0,12.0,68.0,14.85303
12.0,35.0,68.0,14.85303
35.0,12.0,69.0,13.595371
12.0,35.0,69.0,13.595371
35.0,13.0,38.0,10.989538
13.0,35.0,38.0,10.989538
35.0,13.0,39.0,12.496799
13.0,35.0,39.0,12.496799
35.0,13.0,40.0,28.985546
13.0,35.0,40.0,28.985546
35.0,13.0,41.0,23.469942
13.0,35.0,41.0,23.469942
35.0,13.0,42.0,15.8385315
13.0,35.0,42.0,15.8385315
35.0,13.0,43.0,32.275196
13.0,35.0,43.0,32.275196
35.0,13.0,44.0,23.141672
13.0,35.0,44.0,23.141672
35.0,13.0,45.0,-14.166677
13.0,35.0,45.0,-14.166677
35.0,13.0,46.0,39.53216
13.0,35.0,46.0,39.53216
35.0,13.0,47.0,28.234425
13.0,35.0,47.0,28.234425
35.0,13.0,48.0,1.803648
13.0,35.0,48.0,1.803648
35.0,13.0,49.0,30.128786
13.0,35.0,49.0,30.128786
35.0,13.0,50.0,13.51614
13.0,35.0,50.0,13.51614
35.0,13.0,51.0,53.552708
13.0,35.0,51.0,53.552708
35.0,13.0,52.0,32.10341
13.0,35.0,52.0,32.10341
35.0,13.0,53.0,-6.3058243
13.0,35.0,53.0,-6.3058243
35.0,13.0,54.0,11.965212
13.0,35.0,54.0,11.965212
35.0,13.0,55.0,26.016151
13.0,35.0,55.0,26.016151
35.0,13.0,56.0,-3.294169
13.0,35.0,56.0,-3.294169
35.0,13.0,57.0,35.81407
13.0,35.0,57.0,35.81407
35.0,13.0,58.0,6.3276625
13.0,35.0,58.0,6.3276625
35.0,13.0,59.0,16.93684
13.0,35.0,59.0,16.93684
35.0,13.0,60.0,27.47676
13.0,35.0,60.0,27.47676
35.0,13.0,61.0,21.222376
13.0,35.0,61.0,21.222376
35.0,13.0,62.0,40.137943
13.0,35.0,62.0,40.137943
35.0,13.0,63.0,33.582336
13.0,35.0,63.0,33.582336
35.0,13.0,64.0,62.026527
13.0,35.0,64.0,62.026527
35.0,13.0,65.0,20.1742
13.0,35.0,65.0,20.1742
35.0,13.0,66.0,27.98188
13.0,35.0,66.0,27.98188
35.0,13.0,67.0,24.608122
13.0,35.0,67.0,24.608122
35.0,13.0,68.0,16.949387
13.0,35.0,68.0,16.949387
35.0,13.0,69.0,41.067497
13.0,35.0,69.0,41.067497
35.0,14.0,38.0,10.060749
14.0,35.0,38.0,10.060749
35.0,14.0,39.0,-5.4324846
14.0,35.0,39.0,-5.4324846
35.0,14.0,40.0,30.563227
14.0,35.0,40.0,30.563227
35.0,14.0,41.0,4.0134683
14.0,35.0,41.0,4.0134683
35.0,14.0,42.0,-0.84211344
14.0,35.0,42.0,-0.84211344
35.0,14.0,43.0,-17.673965
14.0,35.0,43.0,-17.673965
35.0,14.0,44.0,9.414672
14.0,35.0,44.0,9.414672
35.0,14.0,45.0,-7.795026
14.0,35.0,45.0,-7.795026
35.0,14.0,46.0,9.684516
14.0,35.0,46.0,9.684516
35.0,14.0,47.0,-3.2247486
14.0,35.0,47.0,-3.2247486
35.0,14.0,48.0,-20.345081
14.0,35.0,48.0,-20.345081
35.0,14.0,49.0,9.877602
14.0,35.0,49.0,9.877602
35.0,14.0,50.0,2.474311
14.0,35.0,50.0,2.474311
35.0,14.0,51.0,10.167174
14.0,35.0,51.0,10.167174
35.0,14.0,52.0,4.170984
14.0,35.0,52.0,4.170984
35.0,14.0,53.0,-261.7397
14.0,35.0,53.0,-261.7397
35.0,14.0,54.0,-4.2528114
14.0,35.0,54.0,-4.2528114
35.0,14.0,55.0,-4.041012
14.0,35.0,55.0,-4.041012
35.0,14.0,56.0,-11.450812
14.0,35.0,56.0,-11.450812
35.0,14.0,57.0,4.8951283
14.0,35.0,57.0,4.8951283
35.0,14.0,58.0,-11.049312
14.0,35.0,58.0,-11.049312
35.0,14.0,59.0,-5.156992
14.0,35.0,59.0,-5.156992
35.0,14.0,60.0,14.614944
14.0,35.0,60.0,14.614944
35.0,14.0,61.0,-7.4080925
14.0,35.0,61.0,-7.4080925
35.0,14.0,62.0,26.833044
14.0,35.0,62.0,26.833044
35.0,14.0,63.0,-6.453863
14.0,35.0,63.0,-6.453863
35.0,14.0,64.0,14.157095
14.0,35.0,64.0,14.157095
35.0,14.0,65.0,3.0810077
14.0,35.0,65.0,3.0810077
35.0,14.0,66.0,-17.666346
14.0,35.0,66.0,-17.666346
35.0,14.0,67.0,-4.008584
14.0,35.0,67.0,-4.008584
35.0,14.0,68.0,1.3472962
14.0,35.0,68.0,1.3472962
35.0,14.0,69.0,7.72549
14.0,35.0,69.0,7.72549
35.0,15.0,38.0,1.7248913
15.0,35.0,38.0,1.7248913
35.0,15.0,39.0,0.5099554
15.0,35.0,39.0,0.5099554
35.0,15.0,40.0,1.9075005
15.0,35.0,40.0,1.9075005
35.0,15.0,41.0,26.405682
15.0,35.0,41.0,26.405682
35.0,15.0,42.0,4.0256195
15.0,35.0,42.0,4.0256195
35.0,15.0,43.0,-21.750618
15.0,35.0,43.0,-21.750618
35.0,15.0,44.0,36.29681
15.0,35.0,44.0,36.29681
35.0,15.0,45.0,11.921367
15.0,35.0,45.0,11.921367
35.0,15.0,46.0,39.238316
15.0,35.0,46.0,39.238316
35.0,15.0,47.0,2.3641958
15.0,35.0,47.0,2.3641958
35.0,15.0,48.0,-17.55217
15.0,35.0,48.0,-17.55217
35.0,15.0,49.0,8.631546
15.0,35.0,49.0,8.631546
35.0,15.0,50.0,8.8420105
15.0,35.0,50.0,8.8420105
35.0,15.0,51.0,4.3786483
15.0,35.0,51.0,4.3786483
35.0,15.0,52.0,6.373828
15.0,35.0,52.0,6.373828
35.0,15.0,53.0,-242.80873
15.0,35.0,53.0,-242.80873
35.0,15.0,54.0,9.090616
15.0,35.0,54.0,9.090616
35.0,15.0,55.0,-2.8104687
15.0,35.0,55.0,-2.8104687
35.0,15.0,56.0,-12.2689085
15.0,35.0,56.0,-12.2689085
35.0,15.0,57.0,49.872604
15.0,35.0,57.0,49.872604
35.0,15.0,58.0,2.2209423
15.0,35.0,58.0,2.2209423
35.0,15.0,59.0,6.292551
15.0,35.0,59.0,6.292551
35.0,15.0,60.0,24.744406
15.0,35.0,60.0,24.744406
35.0,15.0,61.0,7.9828286
15.0,35.0,61.0,7.9828286
35.0,15.0,62.0,13.924945
15.0,35.0,62.0,13.924945
35.0,15.0,63.0,7.5795283
15.0,35.0,63.0,7.5795283
35.0,15.0,64.0,7.980505
15.0,35.0,64.0,7.980505
35.0,15.0,65.0,33.25168
15.0,35.0,65.0,33.25168
35.0,15.0,66.0,0.9967218
15.0,35.0,66.0,0.9967218
35.0,15.0,67.0,-2.663965
15.0,35.0,67.0,-2.663965
35.0,15.0,68.0,12.712608
15.0,35.0,68.0,12.712608
35.0,15.0,69.0,5.929214
15.0,35.0,69.0,5.929214
35.0,16.0,38.0,-11.185534
16.0,35.0,38.0,-11.185534
35.0,16.0,39.0,-1.2153738
16.0,35.0,39.0,-1.2153738
35.0,16.0,40.0,14.519154
16.0,35.0,40.0,14.519154
35.0,16.0,41.0,6.692458
16.0,35.0,41.0,6.692458
35.0,16.0,42.0,2.3287084
16.0,35.0,42.0,2.3287084
35.0,16.0,43.0,-15.62452
16.0,35.0,43.0,-15.62452
35.0,16.0,44.0,9.866678
16.0,35.0,44.0,9.866678
35.0,16.0,45.0,-0.12524176
16.0,35.0,45.0,-0.12524176
35.0,16.0,46.0,6.957731
16.0,35.0,46.0,6.957731
35.0,16.0,47.0,-6.7027593
16.0,35.0,47.0,-6.7027593
35.0,16.0,48.0,-21.43324
16.0,35.0,48.0,-21.43324
35.0,16.0,49.0,-12.218733
16.0,35.0,49.0,-12.218733
35.0,16.0,50.0,-9.152062
16.0,35.0,50.0,-9.152062
35.0,16.0,51.0,-12.996579
16.0,35.0,51.0,-12.996579
35.0,16.0,52.0,-8.008058
16.0,35.0,52.0,-8.008058
35.0,16.0,53.0,-14.283067
16.0,35.0,53.0,-14.283067
35.0,16.0,54.0,-3.5141509
16.0,35.0,54.0,-3.5141509
35.0,16.0,55.0,1.5670485
16.0,35.0,55.0,1.5670485
35.0,16.0,56.0,-6.474136
16.0,35.0,56.0,-6.474136
35.0,16.0,57.0,8.618173
16.0,35.0,57.0,8.618173
35.0,16.0,58.0,-32.444008
16.0,35.0,58.0,-32.444008
35.0,16.0,59.0,-4.6192546
16.0,35.0,59.0,-4.6192546
35.0,16.0,60.0,2.070244
16.0,35.0,60.0,2.070244
35.0,16.0,61.0,-13.1720915
16.0,35.0,61.0,-13.1720915
35.0,16.0,62.0,4.57366
16.0,35.0,62.0,4.57366
35.0,16.0,63.0,5.251026
16.0,35.0,63.0,5.251026
35.0,16.0,64.0,2.7054403
16.0,35.0,64.0,2.7054403
35.0,16.0,65.0,4.0606446
16.0,35.0,65.0,4.0606446
35.0,16.0,66.0,-7.8375235
16.0,35.0,66.0,-7.8375235
35.0,16.0,67.0,-17.731255
16.0,35.0,67.0,-17.731255
35.0,16.0,68.0,0.57007843
16.0,35.0,68.0,0.57007843
35.0,16.0,69.0,-11.05413
16.0,35.0,69.0,-11.05413
35.0,17.0,38.0,-3.3366904
17.0,35.0,38.0,-3.3366904
35.0,17.0,39.0,0.10036276
17.0,35.0,39.0,0.10036276
35.0,17.0,40.0,21.992653
17.0,35.0,40.0,21.992653
35.0,17.0,41.0,7.0974636
17.0,35.0,41.0,7.0974636
35.0,17.0,42.0,19.83948
17.0,35.0,42.0,19.83948
35.0,17.0,43.0,-17.874374
17.0,35.0,43.0,-17.874374
35.0,17.0,44.0,19.120197
17.0,35.0,44.0,19.120197
35.0,17.0,45.0,10.197112
17.0,35.0,45.0,10.197112
35.0,17.0,46.0,11.327242
17.0,35.0,46.0,11.327242
35.0,17.0,47.0,-2.9088328
17.0,35.0,47.0,-2.9088328
35.0,17.0,48.0,-16.583141
17.0,35.0,48.0,-16.583141
35.0,17.0,49.0,0.4432453
17.0,35.0,49.0,0.4432453
35.0,17.0,50.0,0.036037464
17.0,35.0,50.0,0.036037464
35.0,17.0,51.0,-0.38040683
17.0,35.0,51.0,-0.38040683
35.0,17.0,52.0,-4.85832
17.0,35.0,52.0,-4.85832
35.0,17.0,53.0,-11.439001
17.0,35.0,53.0,-11.439001
35.0,17.0,54.0,-6.732499
17.0,35.0,54.0,-6.732499
35.0,17.0,55.0,3.1154566
17.0,35.0,55.0,3.1154566
35.0,17.0,56.0,-27.408245
17.0,35.0,56.0,-27.408245
35.0,17.0,57.0,2.681756
17.0,35.0,57.0,2.681756
35.0,17.0,58.0,-6.365309
17.0,35.0,58.0,-6.365309
35.0,17.0,59.0,-3.7704487
17.0,35.0,59.0,-3.7704487
35.0,17.0,60.0,-7.4303794
17.0,35.0,60.0,-7.4303794
35.0,17.0,61.0,-17.971773
17.0,35.0,61.0,-17.971773
35.0,17.0,62.0,5.022525
17.0,35.0,62.0,5.022525
35.0,17.0,63.0,7.2076707
17.0,35.0,63.0,7.2076707
35.0,17.0,64.0,9.753723
17.0,35.0,64.0,9.753723
35.0,17.0,65.0,15.352389
17.0,35.0,65.0,15.352389
35.0,17.0,66.0,-3.581952
17.0,35.0,66.0,-3.581952
35.0,17.0,67.0,-16.146002
17.0,35.0,67.0,-16.146002
35.0,17.0,68.0,3.443339
17.0,35.0,68.0,3.443339
35.0,17.0,69.0,-5.041912
17.0,35.0,69.0,-5.041912
35.0,18.0,38.0,-12.629711
18.0,35.0,38.0,-12.629711
35.0,18.0,39.0,-25.528992
18.0,35.0,39.0,-25.528992
35.0,18.0,40.0,7.478973
18.0,35.0,40.0,7.478973
35.0,18.0,41.0,14.567978
18.0,35.0,41.0,14.567978
35.0,18.0,42.0,3.3845801
18.0,35.0,42.0,3.3845801
35.0,18.0,43.0,-25.89946
18.0,35.0,43.0,-25.89946
35.0,18.0,44.0,10.294656
18.0,35.0,44.0,10.294656
35.0,18.0,45.0,-17.152527
18.0,35.0,45.0,-17.152527
35.0,18.0,46.0,-5.7653737
18.0,35.0,46.0,-5.7653737
35.0,18.0,47.0,-14.117966
18.0,35.0,47.0,-14.117966
35.0,18.0,48.0,-18.778383
18.0,35.0,48.0,-18.778383
35.0,18.0,49.0,3.4344878
18.0,35.0,49.0,3.4344878
35.0,18.0,50.0,9.607487
18.0,35.0,50.0,9.607487
35.0,18.0,51.0,-2.0215075
18.0,35.0,51.0,-2.0215075
35.0,18.0,52.0,-3.268513
18.0,35.0,52.0,-3.268513
35.0,18.0,53.0,-237.582
18.0,35.0,53.0,-237.582
35.0,18.0,54.0,-17.154469
18.0,35.0,54.0,-17.154469
35.0,18.0,55.0,6.0807633
18.0,35.0,55.0,6.0807633
35.0,18.0,56.0,-18.790672
18.0,35.0,56.0,-18.790672
35.0,18.0,57.0,4.2608256
18.0,35.0,57.0,4.2608256
35.0,18.0,58.0,-19.639774
18.0,35.0,58.0,-19.639774
35.0,18.0,59.0,-2.8182411
18.0,35.0,59.0,-2.8182411
35.0,18.0,60.0,-8.810533
18.0,35.0,60.0,-8.810533
35.0,18.0,61.0,7.1896133
18.0,35.0,61.0,7.1896133
35.0,18.0,62.0,17.033514
18.0,35.0,62.0,17.033514
35.0,18.0,63.0,24.720167
18.0,35.0,63.0,24.720167
35.0,18.0,64.0,-7.460348
18.0,35.0,64.0,-7.460348
35.0,18.0,65.0,23.770756
18.0,35.0,65.0,23.770756
35.0,18.0,66.0,-1.8389224
18.0,35.0,66.0,-1.8389224
35.0,18.0,67.0,-50.64419
18.0,35.0,67.0,-50.64419
35.0,18.0,68.0,2.908383
18.0,35.0,68.0,2.908383
35.0,18.0,69.0,-2.6101766
18.0,35.0,69.0,-2.6101766
35.0,19.0,38.0,-27.821045
19.0,35.0,38.0,-27.821045
35.0,19.0,39.0,-15.247473
19.0,35.0,39.0,-15.247473
35.0,19.0,40.0,-9.336885
19.0,35.0,40.0,-9.336885
35.0,19.0,41.0,-25.299475
19.0,35.0,41.0,-25.299475
35.0,19.0,42.0,18.607603
19.0,35.0,42.0,18.607603
35.0,19.0,43.0,-0.013790492
19.0,35.0,43.0,-0.013790492
35.0,19.0,44.0,6.4518027
19.0,35.0,44.0,6.4518027
35.0,19.0,45.0,-17.24978
19.0,35.0,45.0,-17.24978
35.0,19.0,46.0,17.65865
19.0,35.0,46.0,17.65865
35.0,19.0,47.0,27.03319
19.0,35.0,47.0,27.03319
35.0,19.0,48.0,12.350495
19.0,35.0,48.0,12.350495
35.0,19.0,49.0,10.374974
19.0,35.0,49.0,10.374974
35.0,19.0,50.0,9.216788
19.0,35.0,50.0,9.216788
35.0,19.0,51.0,49.155666
19.0,35.0,51.0,49.155666
35.0,19.0,52.0,-0.87057644
19.0,35.0,52.0,-0.87057644
35.0,19.0,53.0,-12.669656
19.0,35.0,53.0,-12.669656
35.0,19.0,54.0,-25.86582
19.0,35.0,54.0,-25.86582
35.0,19.0,55.0,8.118298
19.0,35.0,55.0,8.118298
35.0,19.0,56.0,-7.1629443
19.0,35.0,56.0,-7.1629443
35.0,19.0,57.0,1.1223506
19.0,35.0,57.0,1.1223506
35.0,19.0,58.0,-1.286417
19.0,35.0,58.0,-1.286417
35.0,19.0,59.0,-7.250376
19.0,35.0,59.0,-7.250376
35.0,19.0,60.0,6.7640343
19.0,35.0,60.0,6.7640343
35.0,19.0,61.0,-2.1269956
19.0,35.0,61.0,-2.1269956
35.0,19.0,62.0,-0.86067486
19.0,35.0,62.0,-0.86067486
35.0,19.0,63.0,5.1808476
19.0,35.0,63.0,5.1808476
35.0,19.0,64.0,23.017267
19.0,35.0,64.0,23.017267
35.0,19.0,65.0,-9.726496
19.0,35.0,65.0,-9.726496
35.0,19.0,66.0,9.736762
19.0,35.0,66.0,9.736762
35.0,19.0,67.0,17.084501
19.0,35.0,67.0,17.084501
35.0,19.0,68.0,0.33659843
19.0,35.0,68.0,0.33659843
35.0,19.0,69.0,11.64708
19.0,35.0,69.0,11.64708
15.0,0.0,38.0,3.7561185
0.0,15.0,38.0,3.7561185
15.0,0.0,39.0,14.068098
0.0,15.0,39.0,14.068098
15.0,0.0,40.0,6.799235
0.0,15.0,40.0,6.799235
15.0,0.0,41.0,-2.105545
0.0,15.0,41.0,-2.105545
15.0,0.0,42.0,-1.9540675
0.0,15.0,42.0,-1.9540675
15.0,0.0,43.0,2.4241943
0.0,15.0,43.0,2.4241943
15.0,0.0,44.0,-7.096916
0.0,15.0,44.0,-7.096916
15.0,0.0,45.0,-1.6895546
0.0,15.0,45.0,-1.6895546
15.0,0.0,46.0,1.4734187
0.0,15.0,46.0,1.4734187
15.0,0.0,47.0,-4.7799144
0.0,15.0,47.0,-4.7799144
15.0,0.0,48.0,-6.5631275
0.0,15.0,48.0,-6.5631275
15.0,0.0,49.0,-11.590202
0.0,15.0,49.0,-11.590202
15.0,0.0,50.0,9.816254
0.0,15.0,50.0,9.816254
15.0,0.0,51.0,-1.4087291
0.0,15.0,51.0,-1.4087291
15.0,0.0,52.0,-23.070568
0.0,15.0,52.0,-23.070568
15.0,0.0,53.0,-2.5926607
0.0,15.0,53.0,-2.5926607
15.0,0.0,54.0,-12.527323
0.0,15.0,54.0,-12.527323
15.0,0.0,55.0,5.9282603
0.0,15.0,55.0,5.9282603
15.0,0.0,56.0,12.418505
0.0,15.0,56.0,12.418505
15.0,0.0,57.0,-8.056693
0.0,15.0,57.0,-8.056693
15.0,0.0,58.0,8.869303
0.0,15.0,58.0,8.869303
15.0,0.0,59.0,10.60725
0.0,15.0,59.0,10.60725
15.0,0.0,60.0,6.700037
0.0,15.0,60.0,6.700037
15.0,0.0,61.0,-11.080083
0.0,15.0,61.0,-11.080083
15.0,0.0,62.0,3.0208683
0.0,15.0,62.0,3.0208683
15.0,0.0,63.0,-15.460758
0.0,15.0,63.0,-15.460758
15.0,0.0,64.0,-1.0627503
0.0,15.0,64.0,-1.0627503
15.0,0.0,65.0,-3.3793209
0.0,15.0,65.0,-3.3793209
15.0,0.0,66.0,-0.47413385
0.0,15.0,66.0,-0.47413385
15.0,0.0,67.0,-6.510557
0.0,15.0,67.0,-6.510557
15.0,0.0,68.0,-5.990961
0.0,15.0,68.0,-5.990961
15.0,0.0,69.0,-23.29336
0.0,15.0,69.0,-23.29336
15.0,2.0,38.0,56.55299
2.0,15.0,38.0,56.55299
15.0,2.0,39.0,55.25542
2.0,15.0,39.0,55.25542
15.0,2.0,40.0,17.871473
2.0,15.0,40.0,17.871473
15.0,2.0,41.0,56.297943
2.0,15.0,41.0,56.297943
15.0,2.0,42.0,25.810413
2.0,15.0,42.0,25.810413
15.0,2.0,43.0,37.853325
2.0,15.0,43.0,37.853325
15.0,2.0,44.0,34.512096
2.0,15.0,44.0,34.512096
15.0,2.0,45.0,58.77745
2.0,15.0,45.0,58.77745
15.0,2.0,46.0,43.96736
2.0,15.0,46.0,43.96736
15.0,2.0,47.0,42.382626
2.0,15.0,47.0,42.382626
15.0,2.0,48.0,104.27259
2.0,15.0,48.0,104.27259
15.0,2.0,49.0,36.876987
2.0,15.0,49.0,36.876987
15.0,2.0,50.0,34.390533
2.0,15.0,50.0,34.390533
15.0,2.0,51.0,29.661852
2.0,15.0,51.0,29.661852
15.0,2.0,52.0,32.209305
2.0,15.0,52.0,32.209305
15.0,2.0,53.0,49.33438
2.0,15.0,53.0,49.33438
15.0,2.0,54.0,34.18933
2.0,15.0,54.0,34.18933
15.0,2.0,55.0,30.604088
2.0,15.0,55.0,30.604088
15.0,2.0,56.0,41.357628
2.0,15.0,56.0,41.357628
15.0,2.0,57.0,38.85826
2.0,15.0,57.0,38.85826
15.0,2.0,58.0,44.725464
2.0,15.0,58.0,44.725464
15.0,2.0,59.0,43.881767
2.0,15.0,59.0,43.881767
15.0,2.0,60.0,47.23283
2.0,15.0,60.0,47.23283
15.0,2.0,61.0,46.569046
2.0,15.0,61.0,46.569046
15.0,2.0,62.0,30.01413
2.0,15.0,62.0,30.01413
15.0,2.0,63.0,29.039564
2.0,15.0,63.0,29.039564
15.0,2.0,64.0,26.757015
2.0,15.0,64.0,26.757015
15.0,2.0,65.0,25.290422
2.0,15.0,65.0,25.290422
15.0,2.0,66.0,37.440308
2.0,15.0,66.0,37.440308
15.0,2.0,67.0,148.12694
2.0,15.0,67.0,148.12694
15.0,2.0,68.0,33.667076
2.0,15.0,68.0,33.667076
15.0,2.0,69.0,33.06127
2.0,15.0,69.0,33.06127
15.0,3.0,38.0,6.896642
3.0,15.0,38.0,6.896642
15.0,3.0,39.0,-3.9406397
3.0,15.0,39.0,-3.9406397
15.0,3.0,40.0,0.8071633
3.0,15.0,40.0,0.8071633
15.0,3.0,41.0,3.1651325
3.0,15.0,41.0,3.1651325
15.0,3.0,42.0,0.2437549
3.0,15.0,42.0,0.2437549
15.0,3.0,43.0,6.2279544
3.0,15.0,43.0,6.2279544
15.0,3.0,44.0,-15.932126
3.0,15.0,44.0,-15.932126
15.0,3.0,45.0,-5.0008416
3.0,15.0,45.0,-5.0008416
15.0,3.0,46.0,0.27268252
3.0,15.0,46.0,0.27268252
15.0,3.0,47.0,-16.794579
3.0,15.0,47.0,-16.794579
15.0,3.0,48.0,15.6066885
3.0,15.0,48.0,15.6066885
15.0,3.0,49.0,1.1360325
3.0,15.0,49.0,1.1360325
15.0,3.0,50.0,-3.2507007
3.0,15.0,50.0,-3.2507007
15.0,3.0,51.0,78.61082
3.0,15.0,51.0,78.61082
15.0,3.0,52.0,-12.361597
3.0,15.0,52.0,-12.361597
15.0,3.0,53.0,-3.6377842
3.0,15.0,53.0,-3.6377842
15.0,3.0,54.0,-0.52436817
3.0,15.0,54.0,-0.52436817
15.0,3.0,55.0,-27.075508
3.0,15.0,55.0,-27.075508
15.0,3.0,56.0,1.6077435
3.0,15.0,56.0,1.6077435
15.0,3.0,57.0,-17.524137
3.0,15.0,57.0,-17.524137
15.0,3.0,58.0,-1.3164128
3.0,15.0,58.0,-1.3164128
15.0,3.0,59.0,4.877153
3.0,15.0,59.0,4.877153
15.0,3.0,60.0,7.546182
3.0,15.0,60.0,7.546182
15.0,3.0,61.0,-9.085918
3.0,15.0,61.0,-9.085918
15.0,3.0,62.0,-1.9172872
3.0,15.0,62.0,-1.9172872
15.0,3.0,63.0,-27.36746
3.0,15.0,63.0,-27.36746
15.0,3.0,64.0,1.3036691
3.0,15.0,64.0,1.3036691
15.0,3.0,65.0,6.0775137
3.0,15.0,65.0,6.0775137
15.0,3.0,66.0,22.14853
3.0,15.0,66.0,22.14853
15.0,3.0,67.0,-39.78659
3.0,15.0,67.0,-39.78659
15.0,3.0,68.0,-16.442884
3.0,15.0,68.0,-16.442884
15.0,3.0,69.0,1.411558
3.0,15.0,69.0,1.411558
15.0,4.0,38.0,34.411835
4.0,15.0,38.0,34.411835
15.0,4.0,39.0,120.263245
4.0,15.0,39.0,120.263245
15.0,4.0,40.0,63.891582
4.0,15.0,40.0,63.891582
15.0,4.0,41.0,50.604095
4.0,15.0,41.0,50.604095
15.0,4.0,42.0,-15.423898
4.0,15.0,42.0,-15.423898
15.0,4.0,43.0,32.149326
4.0,15.0,43.0,32.149326
15.0,4.0,44.0,45.110245
4.0,15.0,44.0,45.110245
15.0,4.0,45.0,42.54611
4.0,15.0,45.0,42.54611
15.0,4.0,46.0,-54.1005
4.0,15.0,46.0,-54.1005
15.0,4.0,47.0,76.26944
4.0,15.0,47.0,76.26944
15.0,4.0,48.0,-30.32643
4.0,15.0,48.0,-30.32643
15.0,4.0,49.0,47.845345
4.0,15.0,49.0,47.845345
15.0,4.0,50.0,14.85752
4.0,15.0,50.0,14.85752
15.0,4.0,51.0,88.510994
4.0,15.0,51.0,88.510994
15.0,4.0,52.0,35.538578
4.0,15.0,52.0,35.538578
15.0,4.0,53.0,-35.330418
4.0,15.0,53.0,-35.330418
15.0,4.0,54.0,74.78798
4.0,15.0,54.0,74.78798
15.0,4.0,55.0,-30.886251
4.0,15.0,55.0,-30.886251
15.0,4.0,56.0,7.3615847
4.0,15.0,56.0,7.3615847
15.0,4.0,57.0,67.00682
4.0,15.0,57.0,67.00682
15.0,4.0,58.0,77.821846
4.0,15.0,58.0,77.821846
15.0,4.0,59.0,65.057884
4.0,15.0,59.0,65.057884
15.0,4.0,60.0,15.62436
4.0,15.0,60.0,15.62436
15.0,4.0,61.0,39.037945
4.0,15.0,61.0,39.037945
15.0,4.0,62.0,-74.520874
4.0,15.0,62.0,-74.520874
15.0,4.0,63.0,53.920223
4.0,15.0,63.0,53.920223
15.0,4.0,64.0,-12.963322
4.0,15.0,64.0,-12.963322
15.0,4.0,65.0,3.9646099
4.0,15.0,65.0,3.9646099
15.0,4.0,66.0,71.570915
4.0,15.0,66.0,71.570915
15.0,4.0,67.0,5.578434
4.0,15.0,67.0,5.578434
15.0,4.0,68.0,-1.7935325
4.0,15.0,68.0,-1.7935325
15.0,4.0,69.0,-21.258316
4.0,15.0,69.0,-21.258316
15.0,5.0,38.0,-1.4847764
5.0,15.0,38.0,-1.4847764
15.0,5.0,39.0,2.7772524
5.0,15.0,39.0,2.7772524
15.0,5.0,40.0,-3.6096125
5.0,15.0,40.0,-3.6096125
15.0,5.0,41.0,11.477343
5.0,15.0,41.0,11.477343
15.0,5.0,42.0,1.9575989
5.0,15.0,42.0,1.9575989
15.0,5.0,43.0,10.836427
5.0,15.0,43.0,10.836427
15.0,5.0,44.0,-3.4456847
5.0,15.0,44.0,-3.4456847
15.0,5.0,45.0,-8.75494
5.0,15.0,45.0,-8.75494
15.0,5.0,46.0,-0.42081615
5.0,15.0,46.0,-0.42081615
15.0,5.0,47.0,-0.555341
5.0,15.0,47.0,-0.555341
15.0,5.0,48.0,60.8611
5.0,15.0,48.0,60.8611
15.0,5.0,49.0,-2.6281
5.0,15.0,49.0,-2.6281
15.0,5.0,50.0,7.558346
5.0,15.0,50.0,7.558346
15.0,5.0,51.0,10.949758
5.0,15.0,51.0,10.949758
15.0,5.0,52.0,2.462358
5.0,15.0,52.0,2.462358
15.0,5.0,53.0,8.296317
5.0,15.0,53.0,8.296317
15.0,5.0,54.0,6.151302
5.0,15.0,54.0,6.151302
15.0,5.0,55.0,-9.293549
5.0,15.0,55.0,-9.293549
15.0,5.0,56.0,3.4437277
5.0,15.0,56.0,3.4437277
15.0,5.0,57.0,-6.9208255
5.0,15.0,57.0,-6.9208255
15.0,5.0,58.0,11.839104
5.0,15.0,58.0,11.839104
15.0,5.0,59.0,6.8096476
5.0,15.0,59.0,6.8096476
15.0,5.0,60.0,19.125809
5.0,15.0,60.0,19.125809
15.0,5.0,61.0,-3.5960176
5.0,15.0,61.0,-3.5960176
15.0,5.0,62.0,-13.131165
5.0,15.0,62.0,-13.131165
15.0,5.0,63.0,-25.414612
5.0,15.0,63.0,-25.414612
15.0,5.0,64.0,2.2743244
5.0,15.0,64.0,2.2743244
15.0,5.0,65.0,-5.3376837
5.0,15.0,65.0,-5.3376837
15.0,5.0,66.0,-15.58756
5.0,15.0,66.0,-15.58756
15.0,5.0,67.0,-15.72238
5.0,15.0,67.0,-15.72238
15.0,5.0,68.0,-3.2106926
5.0,15.0,68.0,-3.2106926
15.0,5.0,69.0,8.945283
5.0,15.0,69.0,8.945283
15.0,7.0,38.0,-15.643181
7.0,15.0,38.0,-15.643181
15.0,7.0,39.0,14.352652
7.0,15.0,39.0,14.352652
15.0,7.0,40.0,4.9112678
7.0,15.0,40.0,4.9112678
15.0,7.0,41.0,13.725376
7.0,15.0,41.0,13.725376
15.0,7.0,42.0,2.3060644
7.0,15.0,42.0,2.3060644
15.0,7.0,43.0,4.767824
7.0,15.0,43.0,4.767824
15.0,7.0,44.0,7.007031
7.0,15.0,44.0,7.007031
15.0,7.0,45.0,19.816828
7.0,15.0,45.0,19.816828
15.0,7.0,46.0,12.115147
7.0,15.0,46.0,12.115147
15.0,7.0,47.0,6.902013
7.0,15.0,47.0,6.902013
15.0,7.0,48.0,44.22996
7.0,15.0,48.0,44.22996
15.0,7.0,49.0,-14.475384
7.0,15.0,49.0,-14.475384
15.0,7.0,50.0,21.518755
7.0,15.0,50.0,21.518755
15.0,7.0,51.0,18.753897
7.0,15.0,51.0,18.753897
15.0,7.0,52.0,7.0593004
7.0,15.0,52.0,7.0593004
15.0,7.0,53.0,18.513523
7.0,15.0,53.0,18.513523
15.0,7.0,54.0,8.712922
7.0,15.0,54.0,8.712922
15.0,7.0,55.0,-17.988981
7.0,15.0,55.0,-17.988981
15.0,7.0,56.0,26.53153
7.0,15.0,56.0,26.53153
15.0,7.0,57.0,-0.77354205
7.0,15.0,57.0,-0.77354205
15.0,7.0,58.0,1.924395
7.0,15.0,58.0,1.924395
15.0,7.0,59.0,21.044266
7.0,15.0,59.0,21.044266
15.0,7.0,60.0,47.158512
7.0,15.0,60.0,47.158512
15.0,7.0,61.0,-5.137383
7.0,15.0,61.0,-5.137383
15.0,7.0,62.0,-9.278465
7.0,15.0,62.0,-9.278465
15.0,7.0,63.0,18.305544
7.0,15.0,63.0,18.305544
15.0,7.0,64.0,-0.26009098
7.0,15.0,64.0,-0.26009098
15.0,7.0,65.0,8.583942
7.0,15.0,65.0,8.583942
15.0,7.0,66.0,24.726957
7.0,15.0,66.0,24.726957
15.0,7.0,67.0,-6.199922
7.0,15.0,67.0,-6.199922
15.0,7.0,68.0,-5.8842587
7.0,15.0,68.0,-5.8842587
15.0,7.0,69.0,5.8992996
7.0,15.0,69.0,5.8992996
15.0,13.0,38.0,50.599728
13.0,15.0,38.0,50.599728
15.0,13.0,39.0,54.54255
13.0,15.0,39.0,54.54255
15.0,13.0,40.0,22.796452
13.0,15.0,40.0,22.796452
15.0,13.0,41.0,15.337675
13.0,15.0,41.0,15.337675
15.0,13.0,42.0,0.24845567
13.0,15.0,42.0,0.24845567
15.0,13.0,43.0,67.83658
13.0,15.0,43.0,67.83658
15.0,13.0,44.0,36.354805
13.0,15.0,44.0,36.354805
15.0,13.0,45.0,10.219126
13.0,15.0,45.0,10.219126
15.0,13.0,46.0,39.984566
13.0,15.0,46.0,39.984566
15.0,13.0,47.0,31.430702
13.0,15.0,47.0,31.430702
15.0,13.0,48.0,-4.549953
13.0,15.0,48.0,-4.549953
15.0,13.0,49.0,22.12605
13.0,15.0,49.0,22.12605
15.0,13.0,50.0,32.34487
13.0,15.0,50.0,32.34487
15.0,13.0,51.0,20.923807
13.0,15.0,51.0,20.923807
15.0,13.0,52.0,24.216064
13.0,15.0,52.0,24.216064
15.0,13.0,53.0,24.41491
13.0,15.0,53.0,24.41491
15.0,13.0,54.0,51.742737
13.0,15.0,54.0,51.742737
15.0,13.0,55.0,5.6577053
13.0,15.0,55.0,5.6577053
15.0,13.0,56.0,42.01139
13.0,15.0,56.0,42.01139
15.0,13.0,57.0,45.847855
13.0,15.0,57.0,45.847855
15.0,13.0,58.0,33.226925
13.0,15.0,58.0,33.226925
15.0,13.0,59.0,22.892977
13.0,15.0,59.0,22.892977
15.0,13.0,60.0,51.322407
13.0,15.0,60.0,51.322407
15.0,13.0,61.0,70.22336
13.0,15.0,61.0,70.22336
15.0,13.0,62.0,30.46283
13.0,15.0,62.0,30.46283
15.0,13.0,63.0,0.9586473
13.0,15.0,63.0,0.9586473
15.0,13.0,64.0,38.314137
13.0,15.0,64.0,38.314137
15.0,13.0,65.0,1.9576666
13.0,15.0,65.0,1.9576666
15.0,13.0,66.0,14.976107
13.0,15.0,66.0,14.976107
15.0,13.0,67.0,12.708614
13.0,15.0,67.0,12.708614
15.0,13.0,68.0,31.204947
13.0,15.0,68.0,31.204947
15.0,13.0,69.0,29.691776
13.0,15.0,69.0,29.691776
15.0,14.0,38.0,26.970003
14.0,15.0,38.0,26.970003
15.0,14.0,39.0,26.382708
14.0,15.0,39.0,26.382708
15.0,14.0,40.0,5.3876624
14.0,15.0,40.0,5.3876624
15.0,14.0,41.0,22.921955
14.0,15.0,41.0,22.921955
15.0,14.0,42.0,1.9860948
14.0,15.0,42.0,1.9860948
15.0,14.0,43.0,16.30192
14.0,15.0,43.0,16.30192
15.0,14.0,44.0,7.864916
14.0,15.0,44.0,7.864916
15.0,14.0,45.0,0.644808
14.0,15.0,45.0,0.644808
15.0,14.0,46.0,-176.16068
14.0,15.0,46.0,-176.16068
15.0,14.0,47.0,14.01781
14.0,15.0,47.0,14.01781
15.0,14.0,48.0,-62.21282
14.0,15.0,48.0,-62.21282
15.0,14.0,49.0,18.8485
14.0,15.0,49.0,18.8485
15.0,14.0,50.0,23.98085
14.0,15.0,50.0,23.98085
15.0,14.0,51.0,-18.660576
14.0,15.0,51.0,-18.660576
15.0,14.0,52.0,0.8316939
14.0,15.0,52.0,0.8316939
15.0,14.0,53.0,-16.601458
14.0,15.0,53.0,-16.601458
15.0,14.0,54.0,5.5516696
14.0,15.0,54.0,5.5516696
15.0,14.0,55.0,-17.194838
14.0,15.0,55.0,-17.194838
15.0,14.0,56.0,13.199658
14.0,15.0,56.0,13.199658
15.0,14.0,57.0,10.932112
14.0,15.0,57.0,10.932112
15.0,14.0,58.0,29.656322
14.0,15.0,58.0,29.656322
15.0,14.0,59.0,-0.29014844
14.0,15.0,59.0,-0.29014844
15.0,14.0,60.0,10.088979
14.0,15.0,60.0,10.088979
15.0,14.0,61.0,0.7600303
14.0,15.0,61.0,0.7600303
15.0,14.0,62.0,4.333221
14.0,15.0,62.0,4.333221
15.0,14.0,63.0,-12.068543
14.0,15.0,63.0,-12.068543
15.0,14.0,64.0,-5.941581
14.0,15.0,64.0,-5.941581
15.0,14.0,65.0,-3.2871456
14.0,15.0,65.0,-3.2871456
15.0,14.0,66.0,-176.85805
14.0,15.0,66.0,-176.85805
15.0,14.0,67.0,-11.486077
14.0,15.0,67.0,-11.486077
15.0,14.0,68.0,3.818494
14.0,15.0,68.0,3.818494
15.0,14.0,69.0,8.44373
14.0,15.0,69.0,8.44373
15.0,20.0,38.0,4.6381702
20.0,15.0,38.0,4.6381702
15.0,20.0,39.0,7.664155
20.0,15.0,39.0,7.664155
15.0,20.0,40.0,-13.8074
20.0,15.0,40.0,-13.8074
15.0,20.0,41.0,-12.087075
20.0,15.0,41.0,-12.087075
15.0,20.0,42.0,-0.6486457
20.0,15.0,42.0,-0.6486457
15.0,20.0,43.0,4.7323575
20.0,15.0,43.0,4.7323575
15.0,20.0,44.0,-24.785027
20.0,15.0,44.0,-24.785027
15.0,20.0,45.0,8.068824
20.0,15.0,45.0,8.068824
15.0,20.0,46.0,-6.8123918
20.0,15.0,46.0,-6.8123918
15.0,20.0,47.0,1.7255629
20.0,15.0,47.0,1.7255629
15.0,20.0,48.0,26.943151
20.0,15.0,48.0,26.943151
15.0,20.0,49.0,-4.443888
20.0,15.0,49.0,-4.443888
15.0,20.0,50.0,2.1041815
20.0,15.0,50.0,2.1041815
15.0,20.0,51.0,2.7782102
20.0,15.0,51.0,2.7782102
15.0,20.0,52.0,4.981135
20.0,15.0,52.0,4.981135
15.0,20.0,53.0,0.15121317
20.0,15.0,53.0,0.15121317
15.0,20.0,54.0,-20.6029
20.0,15.0,54.0,-20.6029
15.0,20.0,55.0,-10.269933
20.0,15.0,55.0,-10.269933
15.0,20.0,56.0,12.38175
20.0,15.0,56.0,12.38175
15.0,20.0,57.0,-9.809739
20.0,15.0,57.0,-9.809739
15.0,20.0,58.0,1.4326557
20.0,15.0,58.0,1.4326557
15.0,20.0,59.0,-22.440859
20.0,15.0,59.0,-22.440859
15.0,20.0,60.0,-5.897915
20.0,15.0,60.0,-5.897915
15.0,20.0,61.0,-5.333462
20.0,15.0,61.0,-5.333462
15.0,20.0,62.0,-13.134559
20.0,15.0,62.0,-13.134559
15.0,20.0,63.0,-4.0905833
20.0,15.0,63.0,-4.0905833
15.0,20.0,64.0,6.1763897
20.0,15.0,64.0,6.1763897
15.0,20.0,65.0,6.1354094
20.0,15.0,65.0,6.1354094
15.0,20.0,66.0,5.802078
20.0,15.0,66.0,5.802078
15.0,20.0,67.0,-16.709185
20.0,15.0,67.0,-16.709185
15.0,20.0,68.0,-10.6449175
20.0,15.0,68.0,-10.6449175
15.0,20.0,69.0,-2.8208568
20.0,15.0,69.0,-2.8208568
15.0,21.0,38.0,-6.3721333
21.0,15.0,38.0,-6.3721333
15.0,21.0,39.0,23.840984
21.0,15.0,39.0,23.840984
15.0,21.0,40.0,8.495335
21.0,15.0,40.0,8.495335
15.0,21.0,41.0,-0.67959476
21.0,15.0,41.0,-0.67959476
15.0,21.0,42.0,6.044074
21.0,15.0,42.0,6.044074
15.0,21.0,43.0,10.209478
21.0,15.0,43.0,10.209478
15.0,21.0,44.0,-1.0647383
21.0,15.0,44.0,-1.0647383
15.0,21.0,45.0,2.6804075
21.0,15.0,45.0,2.6804075
15.0,21.0,46.0,19.07191
21.0,15.0,46.0,19.07191
15.0,21.0,47.0,-9.904445
21.0,15.0,47.0,-9.904445
15.0,21.0,48.0,8.129196
21.0,15.0,48.0,8.129196
15.0,21.0,49.0,-16.718735
21.0,15.0,49.0,-16.718735
15.0,21.0,50.0,11.612135
21.0,15.0,50.0,11.612135
15.0,21.0,51.0,2.5041952
21.0,15.0,51.0,2.5041952
15.0,21.0,52.0,0.18546622
21.0,15.0,52.0,0.18546622
15.0,21.0,53.0,8.83638
21.0,15.0,53.0,8.83638
15.0,21.0,54.0,-5.57345
21.0,15.0,54.0,-5.57345
15.0,21.0,55.0,-3.5539494
21.0,15.0,55.0,-3.5539494
15.0,21.0,56.0,7.283135
21.0,15.0,56.0,7.283135
15.0,21.0,57.0,-5.165112
21.0,15.0,57.0,-5.165112
15.0,21.0,58.0,31.58343
21.0,15.0,58.0,31.58343
15.0,21.0,59.0,-4.7149158
21.0,15.0,59.0,-4.7149158
15.0,21.0,60.0,16.667982
21.0,15.0,60.0,16.667982
15.0,21.0,61.0,-7.191042
21.0,15.0,61.0,-7.191042
15.0,21.0,62.0,5.8217235
21.0,15.0,62.0,5.8217235
15.0,21.0,63.0,-6.0919785
21.0,15.0,63.0,-6.0919785
15.0,21.0,64.0,8.408582
21.0,15.0,64.0,8.408582
15.0,21.0,65.0,-3.5549145
21.0,15.0,65.0,-3.5549145
15.0,21.0,66.0,13.262309
21.0,15.0,66.0,13.262309
15.0,21.0,67.0,11.714164
21.0,15.0,67.0,11.714164
15.0,21.0,68.0,-7.8102694
21.0,15.0,68.0,-7.8102694
15.0,21.0,69.0,8.706145
21.0,15.0,69.0,8.706145
15.0,16.0,38.0,32.754932
16.0,15.0,38.0,32.754932
15.0,16.0,39.0,19.09481
16.0,15.0,39.0,19.09481
15.0,16.0,40.0,16.380293
16.0,15.0,40.0,16.380293
15.0,16.0,41.0,17.78746
16.0,15.0,41.0,17.78746
15.0,16.0,42.0,2.9377337
16.0,15.0,42.0,2.9377337
15.0,16.0,43.0,14.682891
16.0,15.0,43.0,14.682891
15.0,16.0,44.0,8.681466
16.0,15.0,44.0,8.681466
15.0,16.0,45.0,32.04243
16.0,15.0,45.0,32.04243
15.0,16.0,46.0,16.404076
16.0,15.0,46.0,16.404076
15.0,16.0,47.0,4.6420503
16.0,15.0,47.0,4.6420503
15.0,16.0,48.0,2.897838
16.0,15.0,48.0,2.897838
15.0,16.0,49.0,14.535497
16.0,15.0,49.0,14.535497
15.0,16.0,50.0,7.5063667
16.0,15.0,50.0,7.5063667
15.0,16.0,51.0,-23.539888
16.0,15.0,51.0,-23.539888
15.0,16.0,52.0,18.429575
16.0,15.0,52.0,18.429575
15.0,16.0,53.0,32.416523
16.0,15.0,53.0,32.416523
15.0,16.0,54.0,25.505438
16.0,15.0,54.0,25.505438
15.0,16.0,55.0,16.132114
16.0,15.0,55.0,16.132114
15.0,16.0,56.0,29.829098
16.0,15.0,56.0,29.829098
15.0,16.0,57.0,18.558523
16.0,15.0,57.0,18.558523
15.0,16.0,58.0,3.6665225
16.0,15.0,58.0,3.6665225
15.0,16.0,59.0,16.600853
16.0,15.0,59.0,16.600853
15.0,16.0,60.0,49.226
16.0,15.0,60.0,49.226
15.0,16.0,61.0,9.947349
16.0,15.0,61.0,9.947349
15.0,16.0,62.0,16.797398
16.0,15.0,62.0,16.797398
15.0,16.0,63.0,12.463055
16.0,15.0,63.0,12.463055
15.0,16.0,64.0,33.770863
16.0,15.0,64.0,33.770863
15.0,16.0,65.0,11.265289
16.0,15.0,65.0,11.265289
15.0,16.0,66.0,14.63575
16.0,15.0,66.0,14.63575
15.0,16.0,67.0,25.06655
16.0,15.0,67.0,25.06655
15.0,16.0,68.0,8.868655
16.0,15.0,68.0,8.868655
15.0,16.0,69.0,5.848438
16.0,15.0,69.0,5.848438
15.0,22.0,38.0,16.083
22.0,15.0,38.0,16.083
15.0,22.0,39.0,20.069435
22.0,15.0,39.0,20.069435
15.0,22.0,40.0,-25.966911
22.0,15.0,40.0,-25.966911
15.0,22.0,41.0,30.5403
22.0,15.0,41.0,30.5403
15.0,22.0,42.0,5.2327704
22.0,15.0,42.0,5.2327704
15.0,22.0,43.0,-2.3469334
22.0,15.0,43.0,-2.3469334
15.0,22.0,44.0,10.494749
22.0,15.0,44.0,10.494749
15.0,22.0,45.0,18.68126
22.0,15.0,45.0,18.68126
15.0,22.0,46.0,30.224457
22.0,15.0,46.0,30.224457
15.0,22.0,47.0,-0.46528393
22.0,15.0,47.0,-0.46528393
15.0,22.0,48.0,16.928894
22.0,15.0,48.0,16.928894
15.0,22.0,49.0,15.782409
22.0,15.0,49.0,15.782409
15.0,22.0,50.0,14.256491
22.0,15.0,50.0,14.256491
15.0,22.0,51.0,2.5481374
22.0,15.0,51.0,2.5481374
15.0,22.0,52.0,2.992252
22.0,15.0,52.0,2.992252
15.0,22.0,53.0,20.521786
22.0,15.0,53.0,20.521786
15.0,22.0,54.0,8.386385
22.0,15.0,54.0,8.386385
15.0,22.0,55.0,1.3298619
22.0,15.0,55.0,1.3298619
15.0,22.0,56.0,-2.3299901
22.0,15.0,56.0,-2.3299901
15.0,22.0,57.0,38.43309
22.0,15.0,57.0,38.43309
15.0,22.0,58.0,10.465713
22.0,15.0,58.0,10.465713
15.0,22.0,59.0,-8.370021
22.0,15.0,59.0,-8.370021
15.0,22.0,60.0,24.551443
22.0,15.0,60.0,24.551443
15.0,22.0,61.0,2.0443873
22.0,15.0,61.0,2.0443873
15.0,22.0,62.0,4.4766607
22.0,15.0,62.0,4.4766607
15.0,22.0,63.0,-10.568836
22.0,15.0,63.0,-10.568836
15.0,22.0,64.0,12.416899
22.0,15.0,64.0,12.416899
15.0,22.0,65.0,21.000216
22.0,15.0,65.0,21.000216
15.0,22.0,66.0,19.945724
22.0,15.0,66.0,19.945724
15.0,22.0,67.0,13.098931
22.0,15.0,67.0,13.098931
15.0,22.0,68.0,8.974326
22.0,15.0,68.0,8.974326
15.0,22.0,69.0,7.6763277
22.0,15.0,69.0,7.6763277
21.0,5.0,38.0,-10.055621
5.0,21.0,38.0,-10.055621
21.0,5.0,39.0,-9.046543
5.0,21.0,39.0,-9.046543
21.0,5.0,40.0,2.081344
5.0,21.0,40.0,2.081344
21.0,5.0,41.0,-8.093065
5.0,21.0,41.0,-8.093065
21.0,5.0,42.0,-4.0935507
5.0,21.0,42.0,-4.0935507
21.0,5.0,43.0,-11.748122
5.0,21.0,43.0,-11.748122
21.0,5.0,44.0,-16.471252
5.0,21.0,44.0,-16.471252
21.0,5.0,45.0,-8.97455
5.0,21.0,45.0,-8.97455
21.0,5.0,46.0,-10.9044485
5.0,21.0,46.0,-10.9044485
21.0,5.0,47.0,-12.214971
5.0,21.0,47.0,-12.214971
21.0,5.0,48.0,19.265894
5.0,21.0,48.0,19.265894
21.0,5.0,49.0,-13.480233
5.0,21.0,49.0,-13.480233
21.0,5.0,50.0,-8.600325
5.0,21.0,50.0,-8.600325
21.0,5.0,51.0,-4.2806163
5.0,21.0,51.0,-4.2806163
21.0,5.0,52.0,-4.2863965
5.0,21.0,52.0,-4.2863965
21.0,5.0,53.0,-0.44402748
5.0,21.0,53.0,-0.44402748
21.0,5.0,54.0,-4.5503225
5.0,21.0,54.0,-4.5503225
21.0,5.0,55.0,-10.649085
5.0,21.0,55.0,-10.649085
21.0,5.0,56.0,-15.792316
5.0,21.0,56.0,-15.792316
21.0,5.0,57.0,-29.136208
5.0,21.0,57.0,-29.136208
21.0,5.0,58.0,-6.253832
5.0,21.0,58.0,-6.253832
21.0,5.0,59.0,-18.58065
5.0,21.0,59.0,-18.58065
21.0,5.0,60.0,-8.195791
5.0,21.0,60.0,-8.195791
21.0,5.0,61.0,-8.67681
5.0,21.0,61.0,-8.67681
21.0,5.0,62.0,-9.75786
5.0,21.0,62.0,-9.75786
21.0,5.0,63.0,0.16333659
5.0,21.0,63.0,0.16333659
21.0,5.0,64.0,-19.29037
5.0,21.0,64.0,-19.29037
21.0,5.0,65.0,-12.571291
5.0,21.0,65.0,-12.571291
21.0,5.0,66.0,-24.852428
5.0,21.0,66.0,-24.852428
21.0,5.0,67.0,-36.176212
5.0,21.0,67.0,-36.176212
21.0,5.0,68.0,-8.809811
5.0,21.0,68.0,-8.809811
21.0,5.0,69.0,5.7991905
5.0,21.0,69.0,5.7991905
21.0,14.0,38.0,24.399343
14.0,21.0,38.0,24.399343
21.0,14.0,39.0,10.642654
14.0,21.0,39.0,10.642654
21.0,14.0,40.0,15.871142
14.0,21.0,40.0,15.871142
21.0,14.0,41.0,0.3621224
14.0,21.0,41.0,0.3621224
21.0,14.0,42.0,1.8100287
14.0,21.0,42.0,1.8100287
21.0,14.0,43.0,12.023036
14.0,21.0,43.0,12.023036
21.0,14.0,44.0,1.0377803
14.0,21.0,44.0,1.0377803
21.0,14.0,45.0,0.9497199
14.0,21.0,45.0,0.9497199
21.0,14.0,46.0,10.149686
14.0,21.0,46.0,10.149686
21.0,14.0,47.0,2.935663
14.0,21.0,47.0,2.935663
21.0,14.0,48.0,26.252317
14.0,21.0,48.0,26.252317
21.0,14.0,49.0,1.4324007
14.0,21.0,49.0,1.4324007
21.0,14.0,50.0,10.29531
14.0,21.0,50.0,10.29531
21.0,14.0,51.0,8.756009
14.0,21.0,51.0,8.756009
21.0,14.0,52.0,0.7846369
14.0,21.0,52.0,0.7846369
21.0,14.0,53.0,-2.4117687
14.0,21.0,53.0,-2.4117687
21.0,14.0,54.0,2.7726727
14.0,21.0,54.0,2.7726727
21.0,14.0,55.0,13.005277
14.0,21.0,55.0,13.005277
21.0,14.0,56.0,20.257694
14.0,21.0,56.0,20.257694
21.0,14.0,57.0,-13.546922
14.0,21.0,57.0,-13.546922
21.0,14.0,58.0,71.55411
14.0,21.0,58.0,71.55411
21.0,14.0,59.0,-1.1742394
14.0,21.0,59.0,-1.1742394
21.0,14.0,60.0,-5.6948166
14.0,21.0,60.0,-5.6948166
21.0,14.0,61.0,13.10093
14.0,21.0,61.0,13.10093
21.0,14.0,62.0,27.813343
14.0,21.0,62.0,27.813343
21.0,14.0,63.0,-8.446303
14.0,21.0,63.0,-8.446303
21.0,14.0,64.0,3.511488
14.0,21.0,64.0,3.511488
21.0,14.0,65.0,-8.931741
14.0,21.0,65.0,-8.931741
21.0,14.0,66.0,-12.375644
14.0,21.0,66.0,-12.375644
21.0,14.0,67.0,-66.83201
14.0,21.0,67.0,-66.83201
21.0,14.0,68.0,-6.4904833
14.0,21.0,68.0,-6.4904833
21.0,14.0,69.0,13.894109
14.0,21.0,69.0,13.894109
21.0,16.0,38.0,-6.348047
16.0,21.0,38.0,-6.348047
21.0,16.0,39.0,4.8047667
16.0,21.0,39.0,4.8047667
21.0,16.0,40.0,24.544931
16.0,21.0,40.0,24.544931
21.0,16.0,41.0,2.5075886
16.0,21.0,41.0,2.5075886
21.0,16.0,42.0,4.889402
16.0,21.0,42.0,4.889402
21.0,16.0,43.0,2.7971027
16.0,21.0,43.0,2.7971027
21.0,16.0,44.0,1.6810097
16.0,21.0,44.0,1.6810097
21.0,16.0,45.0,9.697644
16.0,21.0,45.0,9.697644
21.0,16.0,46.0,12.041182
16.0,21.0,46.0,12.041182
21.0,16.0,47.0,-6.8047185
16.0,21.0,47.0,-6.8047185
21.0,16.0,48.0,-31.581703
16.0,21.0,48.0,-31.581703
21.0,16.0,49.0,-5.2863555
16.0,21.0,49.0,-5.2863555
21.0,16.0,50.0,-5.486009
16.0,21.0,50.0,-5.486009
21.0,16.0,51.0,-11.870423
16.0,21.0,51.0,-11.870423
21.0,16.0,52.0,10.799082
16.0,21.0,52.0,10.799082
21.0,16.0,53.0,3.593325
16.0,21.0,53.0,3.593325
21.0,16.0,54.0,13.983363
16.0,21.0,54.0,13.983363
21.0,16.0,55.0,9.919703
16.0,21.0,55.0,9.919703
21.0,16.0,56.0,0.37207857
16.0,21.0,56.0,0.37207857
21.0,16.0,57.0,-7.5790796
16.0,21.0,57.0,-7.5790796
21.0,16.0,58.0,-12.052726
16.0,21.0,58.0,-12.052726
21.0,16.0,59.0,3.924284
16.0,21.0,59.0,3.924284
21.0,16.0,60.0,12.183569
16.0,21.0,60.0,12.183569
21.0,16.0,61.0,2.7320197
16.0,21.0,61.0,2.7320197
21.0,16.0,62.0,10.504545
16.0,21.0,62.0,10.504545
21.0,16.0,63.0,18.976587
16.0,21.0,63.0,18.976587
21.0,16.0,64.0,8.277622
16.0,21.0,64.0,8.277622
21.0,16.0,65.0,-1.277212
16.0,21.0,65.0,-1.277212
21.0,16.0,66.0,1.5623723
16.0,21.0,66.0,1.5623723
21.0,16.0,67.0,-2.2903888
16.0,21.0,67.0,-2.2903888
21.0,16.0,68.0,1.2497411
16.0,21.0,68.0,1.2497411
21.0,16.0,69.0,4.954586
16.0,21.0,69.0,4.954586
16.0,5.0,38.0,-3.5451958
5.0,16.0,38.0,-3.5451958
16.0,5.0,39.0,-9.695298
5.0,16.0,39.0,-9.695298
16.0,5.0,40.0,1.5235325
5.0,16.0,40.0,1.5235325
16.0,5.0,41.0,2.635656
5.0,16.0,41.0,2.635656
16.0,5.0,42.0,-1.7381119
5.0,16.0,42.0,-1.7381119
16.0,5.0,43.0,-8.386775
5.0,16.0,43.0,-8.386775
16.0,5.0,44.0,2.924989
5.0,16.0,44.0,2.924989
16.0,5.0,45.0,-6.6707535
5.0,16.0,45.0,-6.6707535
16.0,5.0,46.0,-2.989874
5.0,16.0,46.0,-2.989874
16.0,5.0,47.0,-7.135308
5.0,16.0,47.0,-7.135308
16.0,5.0,48.0,-11.807662
5.0,16.0,48.0,-11.807662
16.0,5.0,49.0,-18.95008
5.0,16.0,49.0,-18.95008
16.0,5.0,50.0,-7.7399993
5.0,16.0,50.0,-7.7399993
16.0,5.0,51.0,-10.494833
5.0,16.0,51.0,-10.494833
16.0,5.0,52.0,-5.3433447
5.0,16.0,52.0,-5.3433447
16.0,5.0,53.0,-8.140357
5.0,16.0,53.0,-8.140357
16.0,5.0,54.0,-0.02005389
5.0,16.0,54.0,-0.02005389
16.0,5.0,55.0,-5.3096223
5.0,16.0,55.0,-5.3096223
16.0,5.0,56.0,-1.241379
5.0,16.0,56.0,-1.241379
16.0,5.0,57.0,-4.8978786
5.0,16.0,57.0,-4.8978786
16.0,5.0,58.0,-17.70993
5.0,16.0,58.0,-17.70993
16.0,5.0,59.0,-6.989946
5.0,16.0,59.0,-6.989946
16.0,5.0,60.0,2.382687
5.0,16.0,60.0,2.382687
16.0,5.0,61.0,-6.5067897
5.0,16.0,61.0,-6.5067897
16.0,5.0,62.0,-6.345847
5.0,16.0,62.0,-6.345847
16.0,5.0,63.0,-3.8643365
5.0,16.0,63.0,-3.8643365
16.0,5.0,64.0,-12.964707
5.0,16.0,64.0,-12.964707
16.0,5.0,65.0,-5.9163704
5.0,16.0,65.0,-5.9163704
16.0,5.0,66.0,-10.323279
5.0,16.0,66.0,-10.323279
16.0,5.0,67.0,-4.4221044
5.0,16.0,67.0,-4.4221044
16.0,5.0,68.0,-6.3217335
5.0,16.0,68.0,-6.3217335
16.0,5.0,69.0,-15.413333
5.0,16.0,69.0,-15.413333
16.0,14.0,38.0,9.98135
14.0,16.0,38.0,9.98135
16.0,14.0,39.0,5.7526217
14.0,16.0,39.0,5.7526217
16.0,14.0,40.0,17.850452
14.0,16.0,40.0,17.850452
16.0,14.0,41.0,18.403965
14.0,16.0,41.0,18.403965
16.0,14.0,42.0,2.01871
14.0,16.0,42.0,2.01871
16.0,14.0,43.0,-6.215265
14.0,16.0,43.0,-6.215265
16.0,14.0,44.0,-10.316058
14.0,16.0,44.0,-10.316058
16.0,14.0,45.0,10.649346
14.0,16.0,45.0,10.649346
16.0,14.0,46.0,6.612041
14.0,16.0,46.0,6.612041
16.0,14.0,47.0,2.6076472
14.0,16.0,47.0,2.6076472
16.0,14.0,48.0,0.6772555
14.0,16.0,48.0,0.6772555
16.0,14.0,49.0,-8.251372
14.0,16.0,49.0,-8.251372
16.0,14.0,50.0,-2.1647456
14.0,16.0,50.0,-2.1647456
16.0,14.0,51.0,-9.256454
14.0,16.0,51.0,-9.256454
16.0,14.0,52.0,10.331748
14.0,16.0,52.0,10.331748
16.0,14.0,53.0,-17.19224
14.0,16.0,53.0,-17.19224
16.0,14.0,54.0,-6.9110913
14.0,16.0,54.0,-6.9110913
16.0,14.0,55.0,15.67721
14.0,16.0,55.0,15.67721
16.0,14.0,56.0,5.5682874
14.0,16.0,56.0,5.5682874
16.0,14.0,57.0,0.5879089
14.0,16.0,57.0,0.5879089
16.0,14.0,58.0,-26.121027
14.0,16.0,58.0,-26.121027
16.0,14.0,59.0,15.994035
14.0,16.0,59.0,15.994035
16.0,14.0,60.0,-7.972424
14.0,16.0,60.0,-7.972424
16.0,14.0,61.0,-10.885237
14.0,16.0,61.0,-10.885237
16.0,14.0,62.0,-0.2902707
14.0,16.0,62.0,-0.2902707
16.0,14.0,63.0,-18.396576
14.0,16.0,63.0,-18.396576
16.0,14.0,64.0,-5.122463
14.0,16.0,64.0,-5.122463
16.0,14.0,65.0,9.473851
14.0,16.0,65.0,9.473851
16.0,14.0,66.0,-12.570222
14.0,16.0,66.0,-12.570222
16.0,14.0,67.0,10.5685625
14.0,16.0,67.0,10.5685625
16.0,14.0,68.0,5.9827347
14.0,16.0,68.0,5.9827347
16.0,14.0,69.0,-0.42576736
14.0,16.0,69.0,-0.42576736
17.0,0.0,38.0,11.557585
0.0,17.0,38.0,11.557585
17.0,0.0,39.0,11.449601
0.0,17.0,39.0,11.449601
17.0,0.0,40.0,11.523892
0.0,17.0,40.0,11.523892
17.0,0.0,41.0,12.068948
0.0,17.0,41.0,12.068948
17.0,0.0,42.0,9.7633
0.0,17.0,42.0,9.7633
17.0,0.0,43.0,14.730634
0.0,17.0,43.0,14.730634
17.0,0.0,44.0,6.3877087
0.0,17.0,44.0,6.3877087
17.0,0.0,45.0,14.574531
0.0,17.0,45.0,14.574531
17.0,0.0,46.0,1.1511631
0.0,17.0,46.0,1.1511631
17.0,0.0,47.0,11.584559
0.0,17.0,47.0,11.584559
17.0,0.0,48.0,-0.83741593
0.0,17.0,48.0,-0.83741593
17.0,0.0,49.0,3.7565331
0.0,17.0,49.0,3.7565331
17.0,0.0,50.0,6.623784
0.0,17.0,50.0,6.623784
17.0,0.0,51.0,6.2821317
0.0,17.0,51.0,6.2821317
17.0,0.0,52.0,3.4796078
0.0,17.0,52.0,3.4796078
17.0,0.0,53.0,7.5961113
0.0,17.0,53.0,7.5961113
17.0,0.0,54.0,3.52104
0.0,17.0,54.0,3.52104
17.0,0.0,55.0,9.99592
0.0,17.0,55.0,9.99592
17.0,0.0,56.0,11.834971
0.0,17.0,56.0,11.834971
17.0,0.0,57.0,2.4960697
0.0,17.0,57.0,2.4960697
17.0,0.0,58.0,5.0615063
0.0,17.0,58.0,5.0615063
17.0,0.0,59.0,13.102375
0.0,17.0,59.0,13.102375
17.0,0.0,60.0,6.196822
0.0,17.0,60.0,6.196822
17.0,0.0,61.0,4.8933377
0.0,17.0,61.0,4.8933377
17.0,0.0,62.0,6.3611875
0.0,17.0,62.0,6.3611875
17.0,0.0,63.0,10.209909
0.0,17.0,63.0,10.209909
17.0,0.0,64.0,10.451352
0.0,17.0,64.0,10.451352
17.0,0.0,65.0,6.302001
0.0,17.0,65.0,6.302001
17.0,0.0,66.0,0.33433476
0.0,17.0,66.0,0.33433476
17.0,0.0,67.0,21.820662
0.0,17.0,67.0,21.820662
17.0,0.0,68.0,13.784342
0.0,17.0,68.0,13.784342
17.0,0.0,69.0,13.402742
0.0,17.0,69.0,13.402742
17.0,1.0,38.0,-3.421859
1.0,17.0,38.0,-3.421859
17.0,1.0,39.0,-4.047939
1.0,17.0,39.0,-4.047939
17.0,1.0,40.0,5.5435605
1.0,17.0,40.0,5.5435605
17.0,1.0,41.0,-0.22071661
1.0,17.0,41.0,-0.22071661
17.0,1.0,42.0,-3.847039
1.0,17.0,42.0,-3.847039
17.0,1.0,43.0,-7.7960978
1.0,17.0,43.0,-7.7960978
17.0,1.0,44.0,4.42309
1.0,17.0,44.0,4.42309
17.0,1.0,45.0,0.3681454
1.0,17.0,45.0,0.3681454
17.0,1.0,46.0,1.9808218
1.0,17.0,46.0,1.9808218
17.0,1.0,47.0,-7.5967746
1.0,17.0,47.0,-7.5967746
17.0,1.0,48.0,-4.799061
1.0,17.0,48.0,-4.799061
17.0,1.0,49.0,-0.6264358
1.0,17.0,49.0,-0.6264358
17.0,1.0,50.0,2.5165508
1.0,17.0,50.0,2.5165508
17.0,1.0,51.0,-5.4952717
1.0,17.0,51.0,-5.4952717
17.0,1.0,52.0,-3.310087
1.0,17.0,52.0,-3.310087
17.0,1.0,53.0,-6.8901463
1.0,17.0,53.0,-6.8901463
17.0,1.0,54.0,-11.392524
1.0,17.0,54.0,-11.392524
17.0,1.0,55.0,4.076214
1.0,17.0,55.0,4.076214
17.0,1.0,56.0,0.040720176
1.0,17.0,56.0,0.040720176
17.0,1.0,57.0,0.07263728
1.0,17.0,57.0,0.07263728
17.0,1.0,58.0,1.0320051
1.0,17.0,58.0,1.0320051
17.0,1.0,59.0,-2.3465466
1.0,17.0,59.0,-2.3465466
17.0,1.0,60.0,-7.737023
1.0,17.0,60.0,-7.737023
17.0,1.0,61.0,0.8162103
1.0,17.0,61.0,0.8162103
17.0,1.0,62.0,-5.361676
1.0,17.0,62.0,-5.361676
17.0,1.0,63.0,-0.53952616
1.0,17.0,63.0,-0.53952616
17.0,1.0,64.0,2.9333103
1.0,17.0,64.0,2.9333103
17.0,1.0,65.0,-7.9406147
1.0,17.0,65.0,-7.9406147
17.0,1.0,66.0,-9.9642315
1.0,17.0,66.0,-9.9642315
17.0,1.0,67.0,9.318109
1.0,17.0,67.0,9.318109
17.0,1.0,68.0,6.4181976
1.0,17.0,68.0,6.4181976
17.0,1.0,69.0,-11.693089
1.0,17.0,69.0,-11.693089
17.0,2.0,38.0,24.660023
2.0,17.0,38.0,24.660023
17.0,2.0,39.0,15.638677
2.0,17.0,39.0,15.638677
17.0,2.0,40.0,16.534021
2.0,17.0,40.0,16.534021
17.0,2.0,41.0,31.477674
2.0,17.0,41.0,31.477674
17.0,2.0,42.0,17.474802
2.0,17.0,42.0,17.474802
17.0,2.0,43.0,11.721352
2.0,17.0,43.0,11.721352
17.0,2.0,44.0,16.40493
2.0,17.0,44.0,16.40493
17.0,2.0,45.0,31.615784
2.0,17.0,45.0,31.615784
17.0,2.0,46.0,13.728244
2.0,17.0,46.0,13.728244
17.0,2.0,47.0,29.83266
2.0,17.0,47.0,29.83266
17.0,2.0,48.0,53.16574
2.0,17.0,48.0,53.16574
17.0,2.0,49.0,13.911733
2.0,17.0,49.0,13.911733
17.0,2.0,50.0,21.194859
2.0,17.0,50.0,21.194859
17.0,2.0,51.0,2.7540553
2.0,17.0,51.0,2.7540553
17.0,2.0,52.0,17.68546
2.0,17.0,52.0,17.68546
17.0,2.0,53.0,24.651518
2.0,17.0,53.0,24.651518
17.0,2.0,54.0,10.800018
2.0,17.0,54.0,10.800018
17.0,2.0,55.0,13.356403
2.0,17.0,55.0,13.356403
17.0,2.0,56.0,6.7464166
2.0,17.0,56.0,6.7464166
17.0,2.0,57.0,20.526825
2.0,17.0,57.0,20.526825
17.0,2.0,58.0,16.68358
2.0,17.0,58.0,16.68358
17.0,2.0,59.0,10.993678
2.0,17.0,59.0,10.993678
17.0,2.0,60.0,15.753216
2.0,17.0,60.0,15.753216
17.0,2.0,61.0,13.406365
2.0,17.0,61.0,13.406365
17.0,2.0,62.0,16.77545
2.0,17.0,62.0,16.77545
17.0,2.0,63.0,20.923199
2.0,17.0,63.0,20.923199
17.0,2.0,64.0,13.879009
2.0,17.0,64.0,13.879009
17.0,2.0,65.0,14.007943
2.0,17.0,65.0,14.007943
17.0,2.0,66.0,18.053698
2.0,17.0,66.0,18.053698
17.0,2.0,67.0,72.2167
2.0,17.0,67.0,72.2167
17.0,2.0,68.0,20.032274
2.0,17.0,68.0,20.032274
17.0,2.0,69.0,32.791378
2.0,17.0,69.0,32.791378
17.0,3.0,38.0,-3.7892013
3.0,17.0,38.0,-3.7892013
17.0,3.0,39.0,-4.0739627
3.0,17.0,39.0,-4.0739627
17.0,3.0,40.0,-1.2884828
3.0,17.0,40.0,-1.2884828
17.0,3.0,41.0,-3.7043467
3.0,17.0,41.0,-3.7043467
17.0,3.0,42.0,-12.560035
3.0,17.0,42.0,-12.560035
17.0,3.0,43.0,-1.2828646
3.0,17.0,43.0,-1.2828646
17.0,3.0,44.0,-1.2462306
3.0,17.0,44.0,-1.2462306
17.0,3.0,45.0,-4.2615027
3.0,17.0,45.0,-4.2615027
17.0,3.0,46.0,-6.670205
3.0,17.0,46.0,-6.670205
17.0,3.0,47.0,-9.481369
3.0,17.0,47.0,-9.481369
17.0,3.0,48.0,-11.135072
3.0,17.0,48.0,-11.135072
17.0,3.0,49.0,0.4992391
3.0,17.0,49.0,0.4992391
17.0,3.0,50.0,-3.0563662
3.0,17.0,50.0,-3.0563662
17.0,3.0,51.0,24.158705
3.0,17.0,51.0,24.158705
17.0,3.0,52.0,-6.3351974
3.0,17.0,52.0,-6.3351974
17.0,3.0,53.0,5.4820166
3.0,17.0,53.0,5.4820166
17.0,3.0,54.0,-11.427149
3.0,17.0,54.0,-11.427149
17.0,3.0,55.0,-21.270424
3.0,17.0,55.0,-21.270424
17.0,3.0,56.0,6.1270604
3.0,17.0,56.0,6.1270604
17.0,3.0,57.0,0.2246516
3.0,17.0,57.0,0.2246516
17.0,3.0,58.0,-3.0021484
3.0,17.0,58.0,-3.0021484
17.0,3.0,59.0,-14.480601
3.0,17.0,59.0,-14.480601
17.0,3.0,60.0,-4.6757035
3.0,17.0,60.0,-4.6757035
17.0,3.0,61.0,-11.239598
3.0,17.0,61.0,-11.239598
17.0,3.0,62.0,-4.4300284
3.0,17.0,62.0,-4.4300284
17.0,3.0,63.0,-14.8666115
3.0,17.0,63.0,-14.8666115
17.0,3.0,64.0,-7.9657454
3.0,17.0,64.0,-7.9657454
17.0,3.0,65.0,-5.0677986
3.0,17.0,65.0,-5.0677986
17.0,3.0,66.0,-1.8343289
3.0,17.0,66.0,-1.8343289
17.0,3.0,67.0,1.4424102
3.0,17.0,67.0,1.4424102
17.0,3.0,68.0,-6.581743
3.0,17.0,68.0,-6.581743
17.0,3.0,69.0,5.477571
3.0,17.0,69.0,5.477571
17.0,4.0,38.0,41.58251
4.0,17.0,38.0,41.58251
17.0,4.0,39.0,40.043705
4.0,17.0,39.0,40.043705
17.0,4.0,40.0,33.82411
4.0,17.0,40.0,33.82411
17.0,4.0,41.0,30.75549
4.0,17.0,41.0,30.75549
17.0,4.0,42.0,16.217886
4.0,17.0,42.0,16.217886
17.0,4.0,43.0,12.198672
4.0,17.0,43.0,12.198672
17.0,4.0,44.0,24.692074
4.0,17.0,44.0,24.692074
17.0,4.0,45.0,38.938206
4.0,17.0,45.0,38.938206
17.0,4.0,46.0,-5.9422626
4.0,17.0,46.0,-5.9422626
17.0,4.0,47.0,41.168526
4.0,17.0,47.0,41.168526
17.0,4.0,48.0,7.1348753
4.0,17.0,48.0,7.1348753
17.0,4.0,49.0,23.547682
4.0,17.0,49.0,23.547682
17.0,4.0,50.0,24.707357
4.0,17.0,50.0,24.707357
17.0,4.0,51.0,28.385519
4.0,17.0,51.0,28.385519
17.0,4.0,52.0,26.830332
4.0,17.0,52.0,26.830332
17.0,4.0,53.0,1.1907033
4.0,17.0,53.0,1.1907033
17.0,4.0,54.0,28.326458
4.0,17.0,54.0,28.326458
17.0,4.0,55.0,31.999937
4.0,17.0,55.0,31.999937
17.0,4.0,56.0,7.9510574
4.0,17.0,56.0,7.9510574
17.0,4.0,57.0,4.488035
4.0,17.0,57.0,4.488035
17.0,4.0,58.0,33.77454
4.0,17.0,58.0,33.77454
17.0,4.0,59.0,25.83704
4.0,17.0,59.0,25.83704
17.0,4.0,60.0,34.356068
4.0,17.0,60.0,34.356068
17.0,4.0,61.0,7.438952
4.0,17.0,61.0,7.438952
17.0,4.0,62.0,1.5703335
4.0,17.0,62.0,1.5703335
17.0,4.0,63.0,7.136936
4.0,17.0,63.0,7.136936
17.0,4.0,64.0,13.607231
4.0,17.0,64.0,13.607231
17.0,4.0,65.0,35.40155
4.0,17.0,65.0,35.40155
17.0,4.0,66.0,23.089201
4.0,17.0,66.0,23.089201
17.0,4.0,67.0,9.440673
4.0,17.0,67.0,9.440673
17.0,4.0,68.0,26.175709
4.0,17.0,68.0,26.175709
17.0,4.0,69.0,26.54232
4.0,17.0,69.0,26.54232
17.0,5.0,38.0,5.655283
5.0,17.0,38.0,5.655283
17.0,5.0,39.0,0.9641261
5.0,17.0,39.0,0.9641261
17.0,5.0,40.0,6.5177617
5.0,17.0,40.0,6.5177617
17.0,5.0,41.0,2.1331303
5.0,17.0,41.0,2.1331303
17.0,5.0,42.0,11.027122
5.0,17.0,42.0,11.027122
17.0,5.0,43.0,9.928609
5.0,17.0,43.0,9.928609
17.0,5.0,44.0,11.093376
5.0,17.0,44.0,11.093376
17.0,5.0,45.0,-1.6217115
5.0,17.0,45.0,-1.6217115
17.0,5.0,46.0,8.981617
5.0,17.0,46.0,8.981617
17.0,5.0,47.0,6.8950853
5.0,17.0,47.0,6.8950853
17.0,5.0,48.0,-4.863175
5.0,17.0,48.0,-4.863175
17.0,5.0,49.0,0.72014153
5.0,17.0,49.0,0.72014153
17.0,5.0,50.0,4.913006
5.0,17.0,50.0,4.913006
17.0,5.0,51.0,-1.7992444
5.0,17.0,51.0,-1.7992444
17.0,5.0,52.0,6.0732584
5.0,17.0,52.0,6.0732584
17.0,5.0,53.0,7.8686438
5.0,17.0,53.0,7.8686438
17.0,5.0,54.0,4.7758884
5.0,17.0,54.0,4.7758884
17.0,5.0,55.0,-0.41011012
5.0,17.0,55.0,-0.41011012
17.0,5.0,56.0,4.7324924
5.0,17.0,56.0,4.7324924
17.0,5.0,57.0,2.7714489
5.0,17.0,57.0,2.7714489
17.0,5.0,58.0,12.699829
5.0,17.0,58.0,12.699829
17.0,5.0,59.0,-3.1704817
5.0,17.0,59.0,-3.1704817
17.0,5.0,60.0,1.3460412
5.0,17.0,60.0,1.3460412
17.0,5.0,61.0,2.4787211
5.0,17.0,61.0,2.4787211
17.0,5.0,62.0,1.7840292
5.0,17.0,62.0,1.7840292
17.0,5.0,63.0,-5.4296722
5.0,17.0,63.0,-5.4296722
17.0,5.0,64.0,-9.480913
5.0,17.0,64.0,-9.480913
17.0,5.0,65.0,-2.0826538
5.0,17.0,65.0,-2.0826538
17.0,5.0,66.0,-13.363838
5.0,17.0,66.0,-13.363838
17.0,5.0,67.0,9.246551
5.0,17.0,67.0,9.246551
17.0,5.0,68.0,15.10047
5.0,17.0,68.0,15.10047
17.0,5.0,69.0,21.01553
5.0,17.0,69.0,21.01553
17.0,6.0,38.0,14.101471
6.0,17.0,38.0,14.101471
17.0,6.0,39.0,10.117548
6.0,17.0,39.0,10.117548
17.0,6.0,40.0,18.502295
6.0,17.0,40.0,18.502295
17.0,6.0,41.0,9.346474
6.0,17.0,41.0,9.346474
17.0,6.0,42.0,8.815994
6.0,17.0,42.0,8.815994
17.0,6.0,43.0,9.752254
6.0,17.0,43.0,9.752254
17.0,6.0,44.0,14.960415
6.0,17.0,44.0,14.960415
17.0,6.0,45.0,11.5583935
6.0,17.0,45.0,11.5583935
17.0,6.0,46.0,6.292751
6.0,17.0,46.0,6.292751
17.0,6.0,47.0,14.96301
6.0,17.0,47.0,14.96301
17.0,6.0,48.0,-5.8371677
6.0,17.0,48.0,-5.8371677
17.0,6.0,49.0,16.805676
6.0,17.0,49.0,16.805676
17.0,6.0,50.0,8.608984
6.0,17.0,50.0,8.608984
17.0,6.0,51.0,-55.64843
6.0,17.0,51.0,-55.64843
17.0,6.0,52.0,19.751755
6.0,17.0,52.0,19.751755
17.0,6.0,53.0,21.394318
6.0,17.0,53.0,21.394318
17.0,6.0,54.0,6.8955083
6.0,17.0,54.0,6.8955083
17.0,6.0,55.0,14.987844
6.0,17.0,55.0,14.987844
17.0,6.0,56.0,12.118983
6.0,17.0,56.0,12.118983
17.0,6.0,57.0,10.174451
6.0,17.0,57.0,10.174451
17.0,6.0,58.0,24.007784
6.0,17.0,58.0,24.007784
17.0,6.0,59.0,7.9636273
6.0,17.0,59.0,7.9636273
17.0,6.0,60.0,9.894551
6.0,17.0,60.0,9.894551
17.0,6.0,61.0,2.3654945
6.0,17.0,61.0,2.3654945
17.0,6.0,62.0,12.3540125
6.0,17.0,62.0,12.3540125
17.0,6.0,63.0,22.526869
6.0,17.0,63.0,22.526869
17.0,6.0,64.0,18.289505
6.0,17.0,64.0,18.289505
17.0,6.0,65.0,2.0306697
6.0,17.0,65.0,2.0306697
17.0,6.0,66.0,12.823149
6.0,17.0,66.0,12.823149
17.0,6.0,67.0,24.140617
6.0,17.0,67.0,24.140617
17.0,6.0,68.0,21.730234
6.0,17.0,68.0,21.730234
17.0,6.0,69.0,19.283186
6.0,17.0,69.0,19.283186
17.0,7.0,38.0,7.895644
7.0,17.0,38.0,7.895644
17.0,7.0,39.0,2.3693564
7.0,17.0,39.0,2.3693564
17.0,7.0,40.0,19.79244
7.0,17.0,40.0,19.79244
17.0,7.0,41.0,5.2933793
7.0,17.0,41.0,5.2933793
17.0,7.0,42.0,13.392507
7.0,17.0,42.0,13.392507
17.0,7.0,43.0,4.704106
7.0,17.0,43.0,4.704106
17.0,7.0,44.0,5.618599
7.0,17.0,44.0,5.618599
17.0,7.0,45.0,23.73239
7.0,17.0,45.0,23.73239
17.0,7.0,46.0,3.0390937
7.0,17.0,46.0,3.0390937
17.0,7.0,47.0,0.891617
7.0,17.0,47.0,0.891617
17.0,7.0,48.0,4.6250677
7.0,17.0,48.0,4.6250677
17.0,7.0,49.0,6.8346267
7.0,17.0,49.0,6.8346267
17.0,7.0,50.0,9.677886
7.0,17.0,50.0,9.677886
17.0,7.0,51.0,10.182866
7.0,17.0,51.0,10.182866
17.0,7.0,52.0,8.2407055
7.0,17.0,52.0,8.2407055
17.0,7.0,53.0,-0.29355964
7.0,17.0,53.0,-0.29355964
17.0,7.0,54.0,-6.556925
7.0,17.0,54.0,-6.556925
17.0,7.0,55.0,-2.5292668
7.0,17.0,55.0,-2.5292668
17.0,7.0,56.0,10.620631
7.0,17.0,56.0,10.620631
17.0,7.0,57.0,-4.5104246
7.0,17.0,57.0,-4.5104246
17.0,7.0,58.0,8.531161
7.0,17.0,58.0,8.531161
17.0,7.0,59.0,17.614733
7.0,17.0,59.0,17.614733
17.0,7.0,60.0,2.0511487
7.0,17.0,60.0,2.0511487
17.0,7.0,61.0,-4.932646
7.0,17.0,61.0,-4.932646
17.0,7.0,62.0,2.9229603
7.0,17.0,62.0,2.9229603
17.0,7.0,63.0,6.2279854
7.0,17.0,63.0,6.2279854
17.0,7.0,64.0,0.9337807
7.0,17.0,64.0,0.9337807
17.0,7.0,65.0,-3.4347005
7.0,17.0,65.0,-3.4347005
17.0,7.0,66.0,-5.6131563
7.0,17.0,66.0,-5.6131563
17.0,7.0,67.0,24.209051
7.0,17.0,67.0,24.209051
17.0,7.0,68.0,21.844656
7.0,17.0,68.0,21.844656
17.0,7.0,69.0,14.339917
7.0,17.0,69.0,14.339917
17.0,9.0,38.0,32.91888
9.0,17.0,38.0,32.91888
17.0,9.0,39.0,17.79272
9.0,17.0,39.0,17.79272
17.0,9.0,40.0,20.504227
9.0,17.0,40.0,20.504227
17.0,9.0,41.0,8.990579
9.0,17.0,41.0,8.990579
17.0,9.0,42.0,7.8855433
9.0,17.0,42.0,7.8855433
17.0,9.0,43.0,22.74418
9.0,17.0,43.0,22.74418
17.0,9.0,44.0,12.992145
9.0,17.0,44.0,12.992145
17.0,9.0,45.0,21.41985
9.0,17.0,45.0,21.41985
17.0,9.0,46.0,22.648697
9.0,17.0,46.0,22.648697
17.0,9.0,47.0,15.297237
9.0,17.0,47.0,15.297237
17.0,9.0,48.0,-17.743023
9.0,17.0,48.0,-17.743023
17.0,9.0,49.0,22.244503
9.0,17.0,49.0,22.244503
17.0,9.0,50.0,6.608893
9.0,17.0,50.0,6.608893
17.0,9.0,51.0,8.894807
9.0,17.0,51.0,8.894807
17.0,9.0,52.0,26.405796
9.0,17.0,52.0,26.405796
17.0,9.0,53.0,26.215303
9.0,17.0,53.0,26.215303
17.0,9.0,54.0,1.4423769
9.0,17.0,54.0,1.4423769
17.0,9.0,55.0,14.83638
9.0,17.0,55.0,14.83638
17.0,9.0,56.0,25.788174
9.0,17.0,56.0,25.788174
17.0,9.0,57.0,1.971181
9.0,17.0,57.0,1.971181
17.0,9.0,58.0,27.948545
9.0,17.0,58.0,27.948545
17.0,9.0,59.0,24.873083
9.0,17.0,59.0,24.873083
17.0,9.0,60.0,7.2885838
9.0,17.0,60.0,7.2885838
17.0,9.0,61.0,9.700247
9.0,17.0,61.0,9.700247
17.0,9.0,62.0,21.167366
9.0,17.0,62.0,21.167366
17.0,9.0,63.0,20.305899
9.0,17.0,63.0,20.305899
17.0,9.0,64.0,31.15298
9.0,17.0,64.0,31.15298
17.0,9.0,65.0,5.151966
9.0,17.0,65.0,5.151966
17.0,9.0,66.0,22.797186
9.0,17.0,66.0,22.797186
17.0,9.0,67.0,15.235086
9.0,17.0,67.0,15.235086
17.0,9.0,68.0,27.853472
9.0,17.0,68.0,27.853472
17.0,9.0,69.0,24.343023
9.0,17.0,69.0,24.343023
17.0,10.0,38.0,45.50889
10.0,17.0,38.0,45.50889
17.0,10.0,38.0,39.05543
10.0,17.0,38.0,39.05543
17.0,10.0,39.0,22.492502
10.0,17.0,39.0,22.492502
17.0,10.0,40.0,22.7852
10.0,17.0,40.0,22.7852
17.0,10.0,40.0,3.1321604
10.0,17.0,40.0,3.1321604
17.0,10.0,41.0,17.99405
10.0,17.0,41.0,17.99405
17.0,10.0,41.0,13.140824
10.0,17.0,41.0,13.140824
17.0,10.0,42.0,22.73791
10.0,17.0,42.0,22.73791
17.0,10.0,42.0,7.428532
10.0,17.0,42.0,7.428532
17.0,10.0,43.0,-3.1149774
10.0,17.0,43.0,-3.1149774
17.0,10.0,43.0,6.2979684
10.0,17.0,43.0,6.2979684
17.0,10.0,44.0,24.924551
10.0,17.0,44.0,24.924551
17.0,10.0,44.0,-0.9685155
10.0,17.0,44.0,-0.9685155
17.0,10.0,45.0,35.361713
10.0,17.0,45.0,35.361713
17.0,10.0,45.0,21.75502
10.0,17.0,45.0,21.75502
17.0,10.0,46.0,23.43196
10.0,17.0,46.0,23.43196
17.0,10.0,47.0,37.29483
10.0,17.0,47.0,37.29483
17.0,10.0,47.0,33.690117
10.0,17.0,47.0,33.690117
17.0,10.0,48.0,6.0119324
10.0,17.0,48.0,6.0119324
17.0,10.0,49.0,23.81218
10.0,17.0,49.0,23.81218
17.0,10.0,49.0,24.922064
10.0,17.0,49.0,24.922064
17.0,10.0,50.0,14.469322
10.0,17.0,50.0,14.469322
17.0,10.0,51.0,-6.0350275
10.0,17.0,51.0,-6.0350275
17.0,10.0,52.0,23.488895
10.0,17.0,52.0,23.488895
17.0,10.0,52.0,18.583416
10.0,17.0,52.0,18.583416
17.0,10.0,53.0,22.659552
10.0,17.0,53.0,22.659552
17.0,10.0,53.0,6.6780944
10.0,17.0,53.0,6.6780944
17.0,10.0,54.0,11.312778
10.0,17.0,54.0,11.312778
17.0,10.0,54.0,1.4839531
10.0,17.0,54.0,1.4839531
17.0,10.0,55.0,15.838985
10.0,17.0,55.0,15.838985
17.0,10.0,56.0,-3.2934585
10.0,17.0,56.0,-3.2934585
17.0,10.0,57.0,8.147917
10.0,17.0,57.0,8.147917
17.0,10.0,58.0,12.992682
10.0,17.0,58.0,12.992682
17.0,10.0,59.0,55.356976
10.0,17.0,59.0,55.356976
17.0,10.0,59.0,24.186792
10.0,17.0,59.0,24.186792
17.0,10.0,60.0,15.794645
10.0,17.0,60.0,15.794645
17.0,10.0,61.0,10.281245
10.0,17.0,61.0,10.281245
17.0,10.0,62.0,26.344406
10.0,17.0,62.0,26.344406
17.0,10.0,63.0,24.439827
10.0,17.0,63.0,24.439827
17.0,10.0,64.0,31.18891
10.0,17.0,64.0,31.18891
17.0,10.0,65.0,15.589684
10.0,17.0,65.0,15.589684
17.0,10.0,65.0,18.356739
10.0,17.0,65.0,18.356739
17.0,10.0,66.0,12.9008255
10.0,17.0,66.0,12.9008255
17.0,10.0,67.0,14.30917
10.0,17.0,67.0,14.30917
17.0,10.0,68.0,34.74326
10.0,17.0,68.0,34.74326
17.0,10.0,69.0,21.156761
10.0,17.0,69.0,21.156761
17.0,11.0,38.0,-4.387179
11.0,17.0,38.0,-4.387179
17.0,11.0,39.0,-0.9952085
11.0,17.0,39.0,-0.9952085
17.0,11.0,40.0,6.1202655
11.0,17.0,40.0,6.1202655
17.0,11.0,41.0,6.8614726
11.0,17.0,41.0,6.8614726
17.0,11.0,42.0,6.505405
11.0,17.0,42.0,6.505405
17.0,11.0,43.0,0.9591453
11.0,17.0,43.0,0.9591453
17.0,11.0,44.0,-0.5964486
11.0,17.0,44.0,-0.5964486
17.0,11.0,45.0,1.8823384
11.0,17.0,45.0,1.8823384
17.0,11.0,46.0,-0.10733779
11.0,17.0,46.0,-0.10733779
17.0,11.0,47.0,9.13517
11.0,17.0,47.0,9.13517
17.0,11.0,48.0,-18.954863
11.0,17.0,48.0,-18.954863
17.0,11.0,49.0,5.029133
11.0,17.0,49.0,5.029133
17.0,11.0,50.0,0.50322455
11.0,17.0,50.0,0.50322455
17.0,11.0,51.0,-7.90167
11.0,17.0,51.0,-7.90167
17.0,11.0,52.0,-0.8240954
11.0,17.0,52.0,-0.8240954
17.0,11.0,53.0,10.769804
11.0,17.0,53.0,10.769804
17.0,11.0,54.0,-4.2577977
11.0,17.0,54.0,-4.2577977
17.0,11.0,55.0,3.2067938
11.0,17.0,55.0,3.2067938
17.0,11.0,56.0,9.272121
11.0,17.0,56.0,9.272121
17.0,11.0,57.0,-1.9971985
11.0,17.0,57.0,-1.9971985
17.0,11.0,58.0,13.573998
11.0,17.0,58.0,13.573998
17.0,11.0,59.0,-14.197568
11.0,17.0,59.0,-14.197568
17.0,11.0,60.0,-2.643643
11.0,17.0,60.0,-2.643643
17.0,11.0,61.0,-13.221587
11.0,17.0,61.0,-13.221587
17.0,11.0,62.0,0.651013
11.0,17.0,62.0,0.651013
17.0,11.0,63.0,-0.38344744
11.0,17.0,63.0,-0.38344744
17.0,11.0,64.0,6.1602464
11.0,17.0,64.0,6.1602464
17.0,11.0,65.0,5.569253
11.0,17.0,65.0,5.569253
17.0,11.0,66.0,-8.318538
11.0,17.0,66.0,-8.318538
17.0,11.0,67.0,17.594576
11.0,17.0,67.0,17.594576
17.0,11.0,68.0,6.2589445
11.0,17.0,68.0,6.2589445
17.0,11.0,69.0,7.668908
11.0,17.0,69.0,7.668908
17.0,12.0,38.0,-6.0717545
12.0,17.0,38.0,-6.0717545
17.0,12.0,39.0,0.6170724
12.0,17.0,39.0,0.6170724
17.0,12.0,40.0,12.00672
12.0,17.0,40.0,12.00672
17.0,12.0,41.0,6.192806
12.0,17.0,41.0,6.192806
17.0,12.0,42.0,6.5064144
12.0,17.0,42.0,6.5064144
17.0,12.0,43.0,-6.14896
12.0,17.0,43.0,-6.14896
17.0,12.0,44.0,3.4471323
12.0,17.0,44.0,3.4471323
17.0,12.0,45.0,11.43412
12.0,17.0,45.0,11.43412
17.0,12.0,46.0,-0.9895723
12.0,17.0,46.0,-0.9895723
17.0,12.0,47.0,7.778488
12.0,17.0,47.0,7.778488
17.0,12.0,48.0,-24.463144
12.0,17.0,48.0,-24.463144
17.0,12.0,49.0,1.2719159
12.0,17.0,49.0,1.2719159
17.0,12.0,50.0,0.7370066
12.0,17.0,50.0,0.7370066
17.0,12.0,51.0,2.629482
12.0,17.0,51.0,2.629482
17.0,12.0,52.0,-1.0162529
12.0,17.0,52.0,-1.0162529
17.0,12.0,53.0,-2.1565895
12.0,17.0,53.0,-2.1565895
17.0,12.0,54.0,-7.5210247
12.0,17.0,54.0,-7.5210247
17.0,12.0,55.0,-2.20813
12.0,17.0,55.0,-2.20813
17.0,12.0,56.0,-11.378354
12.0,17.0,56.0,-11.378354
17.0,12.0,57.0,4.767551
12.0,17.0,57.0,4.767551
17.0,12.0,58.0,1.4579005
12.0,17.0,58.0,1.4579005
17.0,12.0,59.0,4.714245
12.0,17.0,59.0,4.714245
17.0,12.0,60.0,4.8555775
12.0,17.0,60.0,4.8555775
17.0,12.0,61.0,-14.124514
12.0,17.0,61.0,-14.124514
17.0,12.0,62.0,2.9130423
12.0,17.0,62.0,2.9130423
17.0,12.0,63.0,-6.9955096
12.0,17.0,63.0,-6.9955096
17.0,12.0,64.0,4.7354193
12.0,17.0,64.0,4.7354193
17.0,12.0,65.0,12.268586
12.0,17.0,65.0,12.268586
17.0,12.0,66.0,-5.099103
12.0,17.0,66.0,-5.099103
17.0,12.0,67.0,5.5089808
12.0,17.0,67.0,5.5089808
17.0,12.0,68.0,4.90632
12.0,17.0,68.0,4.90632
17.0,12.0,69.0,-2.3368957
12.0,17.0,69.0,-2.3368957
17.0,13.0,38.0,39.694653
13.0,17.0,38.0,39.694653
17.0,13.0,39.0,20.37347
13.0,17.0,39.0,20.37347
17.0,13.0,40.0,30.140623
13.0,17.0,40.0,30.140623
17.0,13.0,41.0,24.122332
13.0,17.0,41.0,24.122332
17.0,13.0,42.0,18.508123
13.0,17.0,42.0,18.508123
17.0,13.0,43.0,21.234632
13.0,17.0,43.0,21.234632
17.0,13.0,44.0,35.486057
13.0,17.0,44.0,35.486057
17.0,13.0,45.0,21.904385
13.0,17.0,45.0,21.904385
17.0,13.0,46.0,35.0826
13.0,17.0,46.0,35.0826
17.0,13.0,47.0,27.900312
13.0,17.0,47.0,27.900312
17.0,13.0,48.0,11.211115
13.0,17.0,48.0,11.211115
17.0,13.0,49.0,21.185131
13.0,17.0,49.0,21.185131
17.0,13.0,50.0,16.763695
13.0,17.0,50.0,16.763695
17.0,13.0,51.0,15.381368
13.0,17.0,51.0,15.381368
17.0,13.0,52.0,22.689121
13.0,17.0,52.0,22.689121
17.0,13.0,53.0,31.07779
13.0,17.0,53.0,31.07779
17.0,13.0,54.0,30.991707
13.0,17.0,54.0,30.991707
17.0,13.0,55.0,19.16955
13.0,17.0,55.0,19.16955
17.0,13.0,56.0,15.956806
13.0,17.0,56.0,15.956806
17.0,13.0,57.0,24.221914
13.0,17.0,57.0,24.221914
17.0,13.0,58.0,27.824081
13.0,17.0,58.0,27.824081
17.0,13.0,59.0,29.031378
13.0,17.0,59.0,29.031378
17.0,13.0,60.0,19.37374
13.0,17.0,60.0,19.37374
17.0,13.0,61.0,20.177105
13.0,17.0,61.0,20.177105
17.0,13.0,62.0,27.138187
13.0,17.0,62.0,27.138187
17.0,13.0,63.0,22.256021
13.0,17.0,63.0,22.256021
17.0,13.0,64.0,37.921185
13.0,17.0,64.0,37.921185
17.0,13.0,65.0,18.072506
13.0,17.0,65.0,18.072506
17.0,13.0,66.0,7.029567
13.0,17.0,66.0,7.029567
17.0,13.0,67.0,35.210407
13.0,17.0,67.0,35.210407
17.0,13.0,68.0,37.777386
13.0,17.0,68.0,37.777386
17.0,13.0,69.0,18.123983
13.0,17.0,69.0,18.123983
17.0,14.0,38.0,26.422539
14.0,17.0,38.0,26.422539
17.0,14.0,39.0,14.481628
14.0,17.0,39.0,14.481628
17.0,14.0,40.0,29.508245
14.0,17.0,40.0,29.508245
17.0,14.0,41.0,17.509092
14.0,17.0,41.0,17.509092
17.0,14.0,42.0,10.321708
14.0,17.0,42.0,10.321708
17.0,14.0,43.0,0.8295136
14.0,17.0,43.0,0.8295136
17.0,14.0,44.0,5.7716265
14.0,17.0,44.0,5.7716265
17.0,14.0,45.0,19.274227
14.0,17.0,45.0,19.274227
17.0,14.0,46.0,8.404933
14.0,17.0,46.0,8.404933
17.0,14.0,47.0,14.518287
14.0,17.0,47.0,14.518287
17.0,14.0,48.0,-8.476897
14.0,17.0,48.0,-8.476897
17.0,14.0,49.0,3.4116993
14.0,17.0,49.0,3.4116993
17.0,14.0,50.0,7.1491914
14.0,17.0,50.0,7.1491914
17.0,14.0,51.0,-10.824868
14.0,17.0,51.0,-10.824868
17.0,14.0,52.0,1.5169455
14.0,17.0,52.0,1.5169455
17.0,14.0,53.0,-14.965048
14.0,17.0,53.0,-14.965048
17.0,14.0,54.0,-7.600825
14.0,17.0,54.0,-7.600825
17.0,14.0,55.0,8.746995
14.0,17.0,55.0,8.746995
17.0,14.0,56.0,8.410701
14.0,17.0,56.0,8.410701
17.0,14.0,57.0,0.9329094
14.0,17.0,57.0,0.9329094
17.0,14.0,58.0,4.993103
14.0,17.0,58.0,4.993103
17.0,14.0,59.0,18.859615
14.0,17.0,59.0,18.859615
17.0,14.0,60.0,0.26799518
14.0,17.0,60.0,0.26799518
17.0,14.0,61.0,-16.667519
14.0,17.0,61.0,-16.667519
17.0,14.0,62.0,10.248024
14.0,17.0,62.0,10.248024
17.0,14.0,63.0,-12.171373
14.0,17.0,63.0,-12.171373
17.0,14.0,64.0,-7.402816
14.0,17.0,64.0,-7.402816
17.0,14.0,65.0,10.50612
14.0,17.0,65.0,10.50612
17.0,14.0,66.0,-4.9687524
14.0,17.0,66.0,-4.9687524
17.0,14.0,67.0,13.085714
14.0,17.0,67.0,13.085714
17.0,14.0,68.0,18.842203
14.0,17.0,68.0,18.842203
17.0,14.0,69.0,12.005981
14.0,17.0,69.0,12.005981
17.0,20.0,38.0,-4.4276085
20.0,17.0,38.0,-4.4276085
17.0,20.0,39.0,-2.9918485
20.0,17.0,39.0,-2.9918485
17.0,20.0,40.0,-5.7538857
20.0,17.0,40.0,-5.7538857
17.0,20.0,41.0,0.16435526
20.0,17.0,41.0,0.16435526
17.0,20.0,42.0,3.190198
20.0,17.0,42.0,3.190198
17.0,20.0,43.0,-9.780902
20.0,17.0,43.0,-9.780902
17.0,20.0,44.0,-10.704247
20.0,17.0,44.0,-10.704247
17.0,20.0,45.0,-2.7614346
20.0,17.0,45.0,-2.7614346
17.0,20.0,46.0,-9.520073
20.0,17.0,46.0,-9.520073
17.0,20.0,47.0,-2.3814487
20.0,17.0,47.0,-2.3814487
17.0,20.0,48.0,-9.242942
20.0,17.0,48.0,-9.242942
17.0,20.0,49.0,-3.2214878
20.0,17.0,49.0,-3.2214878
17.0,20.0,50.0,-11.767185
20.0,17.0,50.0,-11.767185
17.0,20.0,51.0,-10.577278
20.0,17.0,51.0,-10.577278
17.0,20.0,52.0,-6.2087913
20.0,17.0,52.0,-6.2087913
17.0,20.0,53.0,-7.2594123
20.0,17.0,53.0,-7.2594123
17.0,20.0,54.0,-18.349104
20.0,17.0,54.0,-18.349104
17.0,20.0,55.0,-8.118597
20.0,17.0,55.0,-8.118597
17.0,20.0,56.0,1.8240651
20.0,17.0,56.0,1.8240651
17.0,20.0,57.0,-9.504167
20.0,17.0,57.0,-9.504167
17.0,20.0,58.0,-4.338032
20.0,17.0,58.0,-4.338032
17.0,20.0,59.0,-14.660352
20.0,17.0,59.0,-14.660352
17.0,20.0,60.0,-11.62245
20.0,17.0,60.0,-11.62245
17.0,20.0,61.0,-30.952368
20.0,17.0,61.0,-30.952368
17.0,20.0,62.0,-7.4456096
20.0,17.0,62.0,-7.4456096
17.0,20.0,63.0,-1.3074098
20.0,17.0,63.0,-1.3074098
17.0,20.0,64.0,4.639311
20.0,17.0,64.0,4.639311
17.0,20.0,65.0,-5.1122775
20.0,17.0,65.0,-5.1122775
17.0,20.0,66.0,-9.789146
20.0,17.0,66.0,-9.789146
17.0,20.0,67.0,4.8768053
20.0,17.0,67.0,4.8768053
17.0,20.0,68.0,-8.757807
20.0,17.0,68.0,-8.757807
17.0,20.0,69.0,-4.581336
20.0,17.0,69.0,-4.581336
17.0,15.0,38.0,16.766935
15.0,17.0,38.0,16.766935
17.0,15.0,39.0,26.975424
15.0,17.0,39.0,26.975424
17.0,15.0,40.0,22.885458
15.0,17.0,40.0,22.885458
17.0,15.0,41.0,20.145447
15.0,17.0,41.0,20.145447
17.0,15.0,42.0,11.351057
15.0,17.0,42.0,11.351057
17.0,15.0,43.0,17.238642
15.0,17.0,43.0,17.238642
17.0,15.0,44.0,29.246742
15.0,17.0,44.0,29.246742
17.0,15.0,45.0,33.46939
15.0,17.0,45.0,33.46939
17.0,15.0,46.0,5.8820386
15.0,17.0,46.0,5.8820386
17.0,15.0,47.0,14.014962
15.0,17.0,47.0,14.014962
17.0,15.0,48.0,-3.569954
15.0,17.0,48.0,-3.569954
17.0,15.0,49.0,7.441131
15.0,17.0,49.0,7.441131
17.0,15.0,50.0,13.624898
15.0,17.0,50.0,13.624898
17.0,15.0,51.0,14.451345
15.0,17.0,51.0,14.451345
17.0,15.0,52.0,1.0819567
15.0,17.0,52.0,1.0819567
17.0,15.0,53.0,15.4831915
15.0,17.0,53.0,15.4831915
17.0,15.0,54.0,11.671335
15.0,17.0,54.0,11.671335
17.0,15.0,55.0,10.333636
15.0,17.0,55.0,10.333636
17.0,15.0,56.0,18.314943
15.0,17.0,56.0,18.314943
17.0,15.0,57.0,1.7641952
15.0,17.0,57.0,1.7641952
17.0,15.0,58.0,16.120144
15.0,17.0,58.0,16.120144
17.0,15.0,59.0,20.413208
15.0,17.0,59.0,20.413208
17.0,15.0,60.0,27.813625
15.0,17.0,60.0,27.813625
17.0,15.0,61.0,-4.1697197
15.0,17.0,61.0,-4.1697197
17.0,15.0,62.0,11.767637
15.0,17.0,62.0,11.767637
17.0,15.0,63.0,12.587556
15.0,17.0,63.0,12.587556
17.0,15.0,64.0,18.651188
15.0,17.0,64.0,18.651188
17.0,15.0,65.0,7.1699967
15.0,17.0,65.0,7.1699967
17.0,15.0,66.0,4.380557
15.0,17.0,66.0,4.380557
17.0,15.0,67.0,22.51886
15.0,17.0,67.0,22.51886
17.0,15.0,68.0,4.886562
15.0,17.0,68.0,4.886562
17.0,15.0,69.0,18.996716
15.0,17.0,69.0,18.996716
17.0,21.0,38.0,-5.5737185
21.0,17.0,38.0,-5.5737185
17.0,21.0,39.0,4.850148
21.0,17.0,39.0,4.850148
17.0,21.0,40.0,15.067426
21.0,17.0,40.0,15.067426
17.0,21.0,41.0,-0.4973874
21.0,17.0,41.0,-0.4973874
17.0,21.0,42.0,11.0122
21.0,17.0,42.0,11.0122
17.0,21.0,43.0,13.864015
21.0,17.0,43.0,13.864015
17.0,21.0,44.0,10.179744
21.0,17.0,44.0,10.179744
17.0,21.0,45.0,7.0956573
21.0,17.0,45.0,7.0956573
17.0,21.0,46.0,8.511313
21.0,17.0,46.0,8.511313
17.0,21.0,47.0,-2.130164
21.0,17.0,47.0,-2.130164
17.0,21.0,48.0,-1.6662948
21.0,17.0,48.0,-1.6662948
17.0,21.0,49.0,2.2560472
21.0,17.0,49.0,2.2560472
17.0,21.0,50.0,0.2120827
21.0,17.0,50.0,0.2120827
17.0,21.0,51.0,5.746204
21.0,17.0,51.0,5.746204
17.0,21.0,52.0,16.090366
21.0,17.0,52.0,16.090366
17.0,21.0,53.0,3.8301296
21.0,17.0,53.0,3.8301296
17.0,21.0,54.0,7.3444624
21.0,17.0,54.0,7.3444624
17.0,21.0,55.0,2.3000407
21.0,17.0,55.0,2.3000407
17.0,21.0,56.0,5.866392
21.0,17.0,56.0,5.866392
17.0,21.0,57.0,-6.557606
21.0,17.0,57.0,-6.557606
17.0,21.0,58.0,6.467182
21.0,17.0,58.0,6.467182
17.0,21.0,59.0,-3.0377705
21.0,17.0,59.0,-3.0377705
17.0,21.0,60.0,6.4682813
21.0,17.0,60.0,6.4682813
17.0,21.0,61.0,11.682573
21.0,17.0,61.0,11.682573
17.0,21.0,62.0,2.968063
21.0,17.0,62.0,2.968063
17.0,21.0,63.0,18.584932
21.0,17.0,63.0,18.584932
17.0,21.0,64.0,1.9470295
21.0,17.0,64.0,1.9470295
17.0,21.0,65.0,-1.1749068
21.0,17.0,65.0,-1.1749068
17.0,21.0,66.0,1.1955463
21.0,17.0,66.0,1.1955463
17.0,21.0,67.0,10.604334
21.0,17.0,67.0,10.604334
17.0,21.0,68.0,9.308699
21.0,17.0,68.0,9.308699
17.0,21.0,69.0,18.633207
21.0,17.0,69.0,18.633207
17.0,16.0,38.0,-4.86111
16.0,17.0,38.0,-4.86111
17.0,16.0,39.0,-3.445953
16.0,17.0,39.0,-3.445953
17.0,16.0,40.0,4.204573
16.0,17.0,40.0,4.204573
17.0,16.0,41.0,3.5856848
16.0,17.0,41.0,3.5856848
17.0,16.0,42.0,-0.511372
16.0,17.0,42.0,-0.511372
17.0,16.0,43.0,-3.5741096
16.0,17.0,43.0,-3.5741096
17.0,16.0,44.0,2.983737
16.0,17.0,44.0,2.983737
17.0,16.0,45.0,2.1588404
16.0,17.0,45.0,2.1588404
17.0,16.0,46.0,1.8658946
16.0,17.0,46.0,1.8658946
17.0,16.0,47.0,-3.3937075
16.0,17.0,47.0,-3.3937075
17.0,16.0,48.0,-15.969974
16.0,17.0,48.0,-15.969974
17.0,16.0,49.0,-5.6816874
16.0,17.0,49.0,-5.6816874
17.0,16.0,50.0,-7.5071044
16.0,17.0,50.0,-7.5071044
17.0,16.0,51.0,-20.869873
16.0,17.0,51.0,-20.869873
17.0,16.0,52.0,-1.2026649
16.0,17.0,52.0,-1.2026649
17.0,16.0,53.0,-4.0136385
16.0,17.0,53.0,-4.0136385
17.0,16.0,54.0,-3.9497159
16.0,17.0,54.0,-3.9497159
17.0,16.0,55.0,-1.8121172
16.0,17.0,55.0,-1.8121172
17.0,16.0,56.0,0.6560864
16.0,17.0,56.0,0.6560864
17.0,16.0,57.0,1.1623024
16.0,17.0,57.0,1.1623024
17.0,16.0,58.0,-11.872876
16.0,17.0,58.0,-11.872876
17.0,16.0,59.0,-4.8206005
16.0,17.0,59.0,-4.8206005
17.0,16.0,60.0,-3.7888901
16.0,17.0,60.0,-3.7888901
17.0,16.0,61.0,-11.483959
16.0,17.0,61.0,-11.483959
17.0,16.0,62.0,5.523144
16.0,17.0,62.0,5.523144
17.0,16.0,63.0,-9.970091
16.0,17.0,63.0,-9.970091
17.0,16.0,64.0,-6.1106334
16.0,17.0,64.0,-6.1106334
17.0,16.0,65.0,-2.035418
16.0,17.0,65.0,-2.035418
17.0,16.0,66.0,-8.032003
16.0,17.0,66.0,-8.032003
17.0,16.0,67.0,6.1544447
16.0,17.0,67.0,6.1544447
17.0,16.0,68.0,3.8546116
16.0,17.0,68.0,3.8546116
17.0,16.0,69.0,-5.3333254
16.0,17.0,69.0,-5.3333254
17.0,18.0,38.0,3.0209212
18.0,17.0,38.0,3.0209212
17.0,18.0,39.0,15.381754
18.0,17.0,39.0,15.381754
17.0,18.0,40.0,7.894592
18.0,17.0,40.0,7.894592
17.0,18.0,41.0,26.703726
18.0,17.0,41.0,26.703726
17.0,18.0,42.0,15.941906
18.0,17.0,42.0,15.941906
17.0,18.0,43.0,-5.509028
18.0,17.0,43.0,-5.509028
17.0,18.0,44.0,-1.1732168
18.0,17.0,44.0,-1.1732168
17.0,18.0,45.0,18.160717
18.0,17.0,45.0,18.160717
17.0,18.0,46.0,-6.557316
18.0,17.0,46.0,-6.557316
17.0,18.0,47.0,10.318757
18.0,17.0,47.0,10.318757
17.0,18.0,48.0,-4.4269953
18.0,17.0,48.0,-4.4269953
17.0,18.0,49.0,7.4325747
18.0,17.0,49.0,7.4325747
17.0,18.0,50.0,6.612728
18.0,17.0,50.0,6.612728
17.0,18.0,51.0,12.728945
18.0,17.0,51.0,12.728945
17.0,18.0,52.0,-2.1867628
18.0,17.0,52.0,-2.1867628
17.0,18.0,53.0,4.6999726
18.0,17.0,53.0,4.6999726
17.0,18.0,54.0,-4.136448
18.0,17.0,54.0,-4.136448
17.0,18.0,55.0,12.8511305
18.0,17.0,55.0,12.8511305
17.0,18.0,56.0,-4.1649404
18.0,17.0,56.0,-4.1649404
17.0,18.0,57.0,0.024275916
18.0,17.0,57.0,0.024275916
17.0,18.0,58.0,6.128914
18.0,17.0,58.0,6.128914
17.0,18.0,59.0,10.0613985
18.0,17.0,59.0,10.0613985
17.0,18.0,60.0,5.912206
18.0,17.0,60.0,5.912206
17.0,18.0,61.0,-15.692542
18.0,17.0,61.0,-15.692542
17.0,18.0,62.0,18.788383
18.0,17.0,62.0,18.788383
17.0,18.0,63.0,20.647747
18.0,17.0,63.0,20.647747
17.0,18.0,64.0,11.199786
18.0,17.0,64.0,11.199786
17.0,18.0,65.0,16.45156
18.0,17.0,65.0,16.45156
17.0,18.0,66.0,-9.052458
18.0,17.0,66.0,-9.052458
17.0,18.0,67.0,0.43269056
18.0,17.0,67.0,0.43269056
17.0,18.0,68.0,11.308561
18.0,17.0,68.0,11.308561
17.0,18.0,69.0,18.068983
18.0,17.0,69.0,18.068983
17.0,22.0,38.0,-7.878076
22.0,17.0,38.0,-7.878076
17.0,22.0,39.0,2.1208673
22.0,17.0,39.0,2.1208673
17.0,22.0,40.0,-9.162108
22.0,17.0,40.0,-9.162108
17.0,22.0,41.0,12.741123
22.0,17.0,41.0,12.741123
17.0,22.0,42.0,5.9487305
22.0,17.0,42.0,5.9487305
17.0,22.0,43.0,2.1947021
22.0,17.0,43.0,2.1947021
17.0,22.0,44.0,-9.187216
22.0,17.0,44.0,-9.187216
17.0,22.0,45.0,-1.0899355
22.0,17.0,45.0,-1.0899355
17.0,22.0,46.0,-6.779263
22.0,17.0,46.0,-6.779263
17.0,22.0,47.0,-17.94488
22.0,17.0,47.0,-17.94488
17.0,22.0,48.0,-15.169561
22.0,17.0,48.0,-15.169561
17.0,22.0,49.0,-2.9779365
22.0,17.0,49.0,-2.9779365
17.0,22.0,50.0,-6.7700405
22.0,17.0,50.0,-6.7700405
17.0,22.0,51.0,-6.358478
22.0,17.0,51.0,-6.358478
17.0,22.0,52.0,9.334124
22.0,17.0,52.0,9.334124
17.0,22.0,53.0,1.2839082
22.0,17.0,53.0,1.2839082
17.0,22.0,54.0,-12.064798
22.0,17.0,54.0,-12.064798
17.0,22.0,55.0,-0.9329094
22.0,17.0,55.0,-0.9329094
17.0,22.0,56.0,-4.501417
22.0,17.0,56.0,-4.501417
17.0,22.0,57.0,-14.402642
22.0,17.0,57.0,-14.402642
17.0,22.0,58.0,-33.06806
22.0,17.0,58.0,-33.06806
17.0,22.0,59.0,-6.6201544
22.0,17.0,59.0,-6.6201544
17.0,22.0,60.0,-2.2474499
22.0,17.0,60.0,-2.2474499
17.0,22.0,61.0,-6.2367024
22.0,17.0,61.0,-6.2367024
17.0,22.0,62.0,6.92283
22.0,17.0,62.0,6.92283
17.0,22.0,63.0,-5.0059114
22.0,17.0,63.0,-5.0059114
17.0,22.0,64.0,-11.468618
22.0,17.0,64.0,-11.468618
17.0,22.0,65.0,5.236479
22.0,17.0,65.0,5.236479
17.0,22.0,66.0,-5.6805916
22.0,17.0,66.0,-5.6805916
17.0,22.0,67.0,-23.30032
22.0,17.0,67.0,-23.30032
17.0,22.0,68.0,-4.9681625
22.0,17.0,68.0,-4.9681625
17.0,22.0,69.0,6.6385374
22.0,17.0,69.0,6.6385374
18.0,0.0,38.0,41.18812
0.0,18.0,38.0,41.18812
18.0,0.0,39.0,54.41816
0.0,18.0,39.0,54.41816
18.0,0.0,40.0,30.29916
0.0,18.0,40.0,30.29916
18.0,0.0,41.0,29.947794
0.0,18.0,41.0,29.947794
18.0,0.0,42.0,7.781057
0.0,18.0,42.0,7.781057
18.0,0.0,43.0,7.7575502
0.0,18.0,43.0,7.7575502
18.0,0.0,44.0,9.360722
0.0,18.0,44.0,9.360722
18.0,0.0,45.0,17.000982
0.0,18.0,45.0,17.000982
18.0,0.0,46.0,-1.5151808
0.0,18.0,46.0,-1.5151808
18.0,0.0,47.0,5.968211
0.0,18.0,47.0,5.968211
18.0,0.0,48.0,37.166904
0.0,18.0,48.0,37.166904
18.0,0.0,49.0,1.1154003
0.0,18.0,49.0,1.1154003
18.0,0.0,50.0,42.310997
0.0,18.0,50.0,42.310997
18.0,0.0,51.0,52.392944
0.0,18.0,51.0,52.392944
18.0,0.0,52.0,-31.113457
0.0,18.0,52.0,-31.113457
18.0,0.0,53.0,8.742129
0.0,18.0,53.0,8.742129
18.0,0.0,54.0,11.953356
0.0,18.0,54.0,11.953356
18.0,0.0,55.0,18.981052
0.0,18.0,55.0,18.981052
18.0,0.0,56.0,64.50571
0.0,18.0,56.0,64.50571
18.0,0.0,57.0,5.564639
0.0,18.0,57.0,5.564639
18.0,0.0,58.0,31.180183
0.0,18.0,58.0,31.180183
18.0,0.0,59.0,43.063522
0.0,18.0,59.0,43.063522
18.0,0.0,60.0,-17.732365
0.0,18.0,60.0,-17.732365
18.0,0.0,61.0,10.423408
0.0,18.0,61.0,10.423408
18.0,0.0,62.0,20.660587
0.0,18.0,62.0,20.660587
18.0,0.0,63.0,22.894154
0.0,18.0,63.0,22.894154
18.0,0.0,64.0,-8.654045
0.0,18.0,64.0,-8.654045
18.0,0.0,65.0,19.779652
0.0,18.0,65.0,19.779652
18.0,0.0,66.0,-12.751016
0.0,18.0,66.0,-12.751016
18.0,0.0,67.0,1.8752233
0.0,18.0,67.0,1.8752233
18.0,0.0,68.0,16.779337
0.0,18.0,68.0,16.779337
18.0,0.0,69.0,-32.87918
0.0,18.0,69.0,-32.87918
18.0,1.0,38.0,38.797016
1.0,18.0,38.0,38.797016
18.0,1.0,39.0,14.642
1.0,18.0,39.0,14.642
18.0,1.0,40.0,14.656407
1.0,18.0,40.0,14.656407
18.0,1.0,41.0,49.380108
1.0,18.0,41.0,49.380108
18.0,1.0,42.0,19.97322
1.0,18.0,42.0,19.97322
18.0,1.0,43.0,-29.467943
1.0,18.0,43.0,-29.467943
18.0,1.0,44.0,-0.10612131
1.0,18.0,44.0,-0.10612131
18.0,1.0,45.0,2.0532098
1.0,18.0,45.0,2.0532098
18.0,1.0,46.0,4.7725196
1.0,18.0,46.0,4.7725196
18.0,1.0,47.0,15.223003
1.0,18.0,47.0,15.223003
18.0,1.0,48.0,-3.7608674
1.0,18.0,48.0,-3.7608674
18.0,1.0,49.0,2.423488
1.0,18.0,49.0,2.423488
18.0,1.0,50.0,19.510796
1.0,18.0,50.0,19.510796
18.0,1.0,51.0,30.445086
1.0,18.0,51.0,30.445086
18.0,1.0,52.0,12.947514
1.0,18.0,52.0,12.947514
18.0,1.0,53.0,3.1221926
1.0,18.0,53.0,3.1221926
18.0,1.0,54.0,0.79524475
1.0,18.0,54.0,0.79524475
18.0,1.0,55.0,7.3427734
1.0,18.0,55.0,7.3427734
18.0,1.0,56.0,21.993113
1.0,18.0,56.0,21.993113
18.0,1.0,57.0,4.4122114
1.0,18.0,57.0,4.4122114
18.0,1.0,58.0,19.602348
1.0,18.0,58.0,19.602348
18.0,1.0,59.0,11.894452
1.0,18.0,59.0,11.894452
18.0,1.0,60.0,6.761725
1.0,18.0,60.0,6.761725
18.0,1.0,61.0,27.887453
1.0,18.0,61.0,27.887453
18.0,1.0,62.0,36.70677
1.0,18.0,62.0,36.70677
18.0,1.0,63.0,30.418009
1.0,18.0,63.0,30.418009
18.0,1.0,64.0,21.582125
1.0,18.0,64.0,21.582125
18.0,1.0,65.0,18.647425
1.0,18.0,65.0,18.647425
18.0,1.0,66.0,7.5730762
1.0,18.0,66.0,7.5730762
18.0,1.0,67.0,-25.593988
1.0,18.0,67.0,-25.593988
18.0,1.0,68.0,15.406393
1.0,18.0,68.0,15.406393
18.0,1.0,69.0,24.634214
1.0,18.0,69.0,24.634214
18.0,2.0,38.0,19.67096
2.0,18.0,38.0,19.67096
18.0,2.0,39.0,27.797832
2.0,18.0,39.0,27.797832
18.0,2.0,40.0,24.825418
2.0,18.0,40.0,24.825418
18.0,2.0,41.0,51.58449
2.0,18.0,41.0,51.58449
18.0,2.0,42.0,34.754993
2.0,18.0,42.0,34.754993
18.0,2.0,43.0,13.044859
2.0,18.0,43.0,13.044859
18.0,2.0,44.0,32.65065
2.0,18.0,44.0,32.65065
18.0,2.0,45.0,16.346533
2.0,18.0,45.0,16.346533
18.0,2.0,46.0,11.338195
2.0,18.0,46.0,11.338195
18.0,2.0,47.0,20.71306
2.0,18.0,47.0,20.71306
18.0,2.0,48.0,97.13551
2.0,18.0,48.0,97.13551
18.0,2.0,49.0,22.244722
2.0,18.0,49.0,22.244722
18.0,2.0,50.0,23.514347
2.0,18.0,50.0,23.514347
18.0,2.0,51.0,45.029247
2.0,18.0,51.0,45.029247
18.0,2.0,52.0,8.09948
2.0,18.0,52.0,8.09948
18.0,2.0,53.0,6.738622
2.0,18.0,53.0,6.738622
18.0,2.0,54.0,1.0913848
2.0,18.0,54.0,1.0913848
18.0,2.0,55.0,20.702593
2.0,18.0,55.0,20.702593
18.0,2.0,56.0,26.145712
2.0,18.0,56.0,26.145712
18.0,2.0,57.0,24.87437
2.0,18.0,57.0,24.87437
18.0,2.0,58.0,18.881533
2.0,18.0,58.0,18.881533
18.0,2.0,59.0,23.701265
2.0,18.0,59.0,23.701265
18.0,2.0,60.0,-11.942205
2.0,18.0,60.0,-11.942205
18.0,2.0,61.0,25.295382
2.0,18.0,61.0,25.295382
18.0,2.0,62.0,44.49786
2.0,18.0,62.0,44.49786
18.0,2.0,63.0,45.57472
2.0,18.0,63.0,45.57472
18.0,2.0,64.0,4.8002763
2.0,18.0,64.0,4.8002763
18.0,2.0,65.0,8.952268
2.0,18.0,65.0,8.952268
18.0,2.0,66.0,21.380638
2.0,18.0,66.0,21.380638
18.0,2.0,67.0,125.53312
2.0,18.0,67.0,125.53312
18.0,2.0,68.0,29.67509
2.0,18.0,68.0,29.67509
18.0,2.0,69.0,11.791064
2.0,18.0,69.0,11.791064
18.0,3.0,38.0,13.545306
3.0,18.0,38.0,13.545306
18.0,3.0,39.0,-10.801641
3.0,18.0,39.0,-10.801641
18.0,3.0,40.0,15.134234
3.0,18.0,40.0,15.134234
18.0,3.0,41.0,-6.870473
3.0,18.0,41.0,-6.870473
18.0,3.0,42.0,-7.3578343
3.0,18.0,42.0,-7.3578343
18.0,3.0,43.0,-30.193027
3.0,18.0,43.0,-30.193027
18.0,3.0,44.0,-20.095203
3.0,18.0,44.0,-20.095203
18.0,3.0,45.0,0.19000287
3.0,18.0,45.0,0.19000287
18.0,3.0,46.0,-22.514284
3.0,18.0,46.0,-22.514284
18.0,3.0,47.0,-22.551392
3.0,18.0,47.0,-22.551392
18.0,3.0,48.0,-1.7289364
3.0,18.0,48.0,-1.7289364
18.0,3.0,49.0,0.23813382
3.0,18.0,49.0,0.23813382
18.0,3.0,50.0,-2.6875532
3.0,18.0,50.0,-2.6875532
18.0,3.0,51.0,64.226265
3.0,18.0,51.0,64.226265
18.0,3.0,52.0,-30.057108
3.0,18.0,52.0,-30.057108
18.0,3.0,53.0,-16.675774
3.0,18.0,53.0,-16.675774
18.0,3.0,54.0,-26.38355
3.0,18.0,54.0,-26.38355
18.0,3.0,55.0,-22.672142
3.0,18.0,55.0,-22.672142
18.0,3.0,56.0,-5.068277
3.0,18.0,56.0,-5.068277
18.0,3.0,57.0,-6.853056
3.0,18.0,57.0,-6.853056
18.0,3.0,58.0,-18.88944
3.0,18.0,58.0,-18.88944
18.0,3.0,59.0,-9.682148
3.0,18.0,59.0,-9.682148
18.0,3.0,60.0,-26.609104
3.0,18.0,60.0,-26.609104
18.0,3.0,61.0,-5.6053815
3.0,18.0,61.0,-5.6053815
18.0,3.0,62.0,-0.9508855
3.0,18.0,62.0,-0.9508855
18.0,3.0,63.0,-9.256435
3.0,18.0,63.0,-9.256435
18.0,3.0,64.0,-16.058762
3.0,18.0,64.0,-16.058762
18.0,3.0,65.0,-2.1414149
3.0,18.0,65.0,-2.1414149
18.0,3.0,66.0,-15.052179
3.0,18.0,66.0,-15.052179
18.0,3.0,67.0,-20.796938
3.0,18.0,67.0,-20.796938
18.0,3.0,68.0,-18.677391
3.0,18.0,68.0,-18.677391
18.0,3.0,69.0,-12.543816
3.0,18.0,69.0,-12.543816
18.0,4.0,38.0,35.831337
4.0,18.0,38.0,35.831337
18.0,4.0,39.0,43.36532
4.0,18.0,39.0,43.36532
18.0,4.0,40.0,-1.9176165
4.0,18.0,40.0,-1.9176165
18.0,4.0,41.0,75.39054
4.0,18.0,41.0,75.39054
18.0,4.0,42.0,-8.112309
4.0,18.0,42.0,-8.112309
18.0,4.0,43.0,1.742197
4.0,18.0,43.0,1.742197
18.0,4.0,44.0,-0.09583129
4.0,18.0,44.0,-0.09583129
18.0,4.0,45.0,-38.055042
4.0,18.0,45.0,-38.055042
18.0,4.0,46.0,-70.06276
4.0,18.0,46.0,-70.06276
18.0,4.0,47.0,-19.486774
4.0,18.0,47.0,-19.486774
18.0,4.0,48.0,11.656693
4.0,18.0,48.0,11.656693
18.0,4.0,49.0,12.567385
4.0,18.0,49.0,12.567385
18.0,4.0,50.0,-5.329564
4.0,18.0,50.0,-5.329564
18.0,4.0,51.0,98.75639
4.0,18.0,51.0,98.75639
18.0,4.0,52.0,5.897546
4.0,18.0,52.0,5.897546
18.0,4.0,53.0,-93.75463
4.0,18.0,53.0,-93.75463
18.0,4.0,54.0,-9.342896
4.0,18.0,54.0,-9.342896
18.0,4.0,55.0,21.996134
4.0,18.0,55.0,21.996134
18.0,4.0,56.0,-12.535637
4.0,18.0,56.0,-12.535637
18.0,4.0,57.0,9.866463
4.0,18.0,57.0,9.866463
18.0,4.0,58.0,45.879173
4.0,18.0,58.0,45.879173
18.0,4.0,59.0,24.512524
4.0,18.0,59.0,24.512524
18.0,4.0,60.0,-31.061419
4.0,18.0,60.0,-31.061419
18.0,4.0,61.0,30.900648
4.0,18.0,61.0,30.900648
18.0,4.0,62.0,-19.648027
4.0,18.0,62.0,-19.648027
18.0,4.0,63.0,-3.7163208
4.0,18.0,63.0,-3.7163208
18.0,4.0,64.0,-9.783202
4.0,18.0,64.0,-9.783202
18.0,4.0,65.0,42.1415
4.0,18.0,65.0,42.1415
18.0,4.0,66.0,-3.781051
4.0,18.0,66.0,-3.781051
18.0,4.0,67.0,-48.832825
4.0,18.0,67.0,-48.832825
18.0,4.0,68.0,-10.452377
4.0,18.0,68.0,-10.452377
18.0,4.0,69.0,-51.49425
4.0,18.0,69.0,-51.49425
18.0,5.0,38.0,8.238832
5.0,18.0,38.0,8.238832
18.0,5.0,39.0,3.8426216
5.0,18.0,39.0,3.8426216
18.0,5.0,40.0,-4.0301247
5.0,18.0,40.0,-4.0301247
18.0,5.0,41.0,14.517947
5.0,18.0,41.0,14.517947
18.0,5.0,42.0,4.8025393
5.0,18.0,42.0,4.8025393
18.0,5.0,43.0,-3.3610392
5.0,18.0,43.0,-3.3610392
18.0,5.0,44.0,3.151101
5.0,18.0,44.0,3.151101
18.0,5.0,45.0,-6.3729568
5.0,18.0,45.0,-6.3729568
18.0,5.0,46.0,-112.89856
5.0,18.0,46.0,-112.89856
18.0,5.0,47.0,-8.582762
5.0,18.0,47.0,-8.582762
18.0,5.0,48.0,-47.84757
5.0,18.0,48.0,-47.84757
18.0,5.0,49.0,-11.896391
5.0,18.0,49.0,-11.896391
18.0,5.0,50.0,1.317822
5.0,18.0,50.0,1.317822
18.0,5.0,51.0,-43.693504
5.0,18.0,51.0,-43.693504
18.0,5.0,52.0,-5.229591
5.0,18.0,52.0,-5.229591
18.0,5.0,53.0,-2.2663355
5.0,18.0,53.0,-2.2663355
18.0,5.0,54.0,-6.1663446
5.0,18.0,54.0,-6.1663446
18.0,5.0,55.0,-8.632649
5.0,18.0,55.0,-8.632649
18.0,5.0,56.0,6.408993
5.0,18.0,56.0,6.408993
18.0,5.0,57.0,-3.638675
5.0,18.0,57.0,-3.638675
18.0,5.0,58.0,6.0998073
5.0,18.0,58.0,6.0998073
18.0,5.0,59.0,-8.611729
5.0,18.0,59.0,-8.611729
18.0,5.0,60.0,3.7222252
5.0,18.0,60.0,3.7222252
18.0,5.0,61.0,12.708179
5.0,18.0,61.0,12.708179
18.0,5.0,62.0,0.08443406
5.0,18.0,62.0,0.08443406
18.0,5.0,63.0,7.8202205
5.0,18.0,63.0,7.8202205
18.0,5.0,64.0,-8.715546
5.0,18.0,64.0,-8.715546
18.0,5.0,65.0,5.3820224
5.0,18.0,65.0,5.3820224
18.0,5.0,66.0,-85.39888
5.0,18.0,66.0,-85.39888
18.0,5.0,67.0,-21.73465
5.0,18.0,67.0,-21.73465
18.0,5.0,68.0,15.267615
5.0,18.0,68.0,15.267615
18.0,5.0,69.0,2.0768783
5.0,18.0,69.0,2.0768783
18.0,6.0,38.0,23.169191
6.0,18.0,38.0,23.169191
18.0,6.0,39.0,30.849222
6.0,18.0,39.0,30.849222
18.0,6.0,40.0,14.650739
6.0,18.0,40.0,14.650739
18.0,6.0,41.0,33.22564
6.0,18.0,41.0,33.22564
18.0,6.0,42.0,33.56337
6.0,18.0,42.0,33.56337
18.0,6.0,43.0,-18.333406
6.0,18.0,43.0,-18.333406
18.0,6.0,44.0,0.8937962
6.0,18.0,44.0,0.8937962
18.0,6.0,45.0,22.53207
6.0,18.0,45.0,22.53207
18.0,6.0,46.0,-5.285456
6.0,18.0,46.0,-5.285456
18.0,6.0,47.0,-0.9260173
6.0,18.0,47.0,-0.9260173
18.0,6.0,48.0,0.6609217
6.0,18.0,48.0,0.6609217
18.0,6.0,49.0,-9.579303
6.0,18.0,49.0,-9.579303
18.0,6.0,50.0,-3.4836388
6.0,18.0,50.0,-3.4836388
18.0,6.0,51.0,-49.235184
6.0,18.0,51.0,-49.235184
18.0,6.0,52.0,-31.232513
6.0,18.0,52.0,-31.232513
18.0,6.0,53.0,9.307343
6.0,18.0,53.0,9.307343
18.0,6.0,54.0,-8.728889
6.0,18.0,54.0,-8.728889
18.0,6.0,55.0,19.517347
6.0,18.0,55.0,19.517347
18.0,6.0,56.0,-25.874802
6.0,18.0,56.0,-25.874802
18.0,6.0,57.0,-0.24880947
6.0,18.0,57.0,-0.24880947
18.0,6.0,58.0,-26.016226
6.0,18.0,58.0,-26.016226
18.0,6.0,59.0,-2.9118247
6.0,18.0,59.0,-2.9118247
18.0,6.0,60.0,-14.281991
6.0,18.0,60.0,-14.281991
18.0,6.0,61.0,16.005644
6.0,18.0,61.0,16.005644
18.0,6.0,62.0,17.080055
6.0,18.0,62.0,17.080055
18.0,6.0,63.0,11.36111
6.0,18.0,63.0,11.36111
18.0,6.0,64.0,-6.8656487
6.0,18.0,64.0,-6.8656487
18.0,6.0,65.0,15.717648
6.0,18.0,65.0,15.717648
18.0,6.0,66.0,15.179348
6.0,18.0,66.0,15.179348
18.0,6.0,67.0,-25.7561
6.0,18.0,67.0,-25.7561
18.0,6.0,68.0,28.791151
6.0,18.0,68.0,28.791151
18.0,6.0,69.0,10.904205
6.0,18.0,69.0,10.904205
18.0,7.0,38.0,42.11185
7.0,18.0,38.0,42.11185
18.0,7.0,39.0,-9.405366
7.0,18.0,39.0,-9.405366
18.0,7.0,40.0,-6.3277035
7.0,18.0,40.0,-6.3277035
18.0,7.0,41.0,34.086693
7.0,18.0,41.0,34.086693
18.0,7.0,42.0,-2.4481034
7.0,18.0,42.0,-2.4481034
18.0,7.0,43.0,-14.36055
7.0,18.0,43.0,-14.36055
18.0,7.0,44.0,-3.0408814
7.0,18.0,44.0,-3.0408814
18.0,7.0,45.0,0.4449939
7.0,18.0,45.0,0.4449939
18.0,7.0,46.0,-16.766073
7.0,18.0,46.0,-16.766073
18.0,7.0,47.0,-9.803306
7.0,18.0,47.0,-9.803306
18.0,7.0,48.0,16.02397
7.0,18.0,48.0,16.02397
18.0,7.0,49.0,-3.9867232
7.0,18.0,49.0,-3.9867232
18.0,7.0,50.0,8.606305
7.0,18.0,50.0,8.606305
18.0,7.0,51.0,-16.086405
7.0,18.0,51.0,-16.086405
18.0,7.0,52.0,-32.422607
7.0,18.0,52.0,-32.422607
18.0,7.0,53.0,-16.661106
7.0,18.0,53.0,-16.661106
18.0,7.0,54.0,-25.692003
7.0,18.0,54.0,-25.692003
18.0,7.0,55.0,-10.286061
7.0,18.0,55.0,-10.286061
18.0,7.0,56.0,-13.889539
7.0,18.0,56.0,-13.889539
18.0,7.0,57.0,-8.208757
7.0,18.0,57.0,-8.208757
18.0,7.0,58.0,-9.428126
7.0,18.0,58.0,-9.428126
18.0,7.0,59.0,-9.850579
7.0,18.0,59.0,-9.850579
18.0,7.0,60.0,-32.852127
7.0,18.0,60.0,-32.852127
18.0,7.0,61.0,-7.4032
7.0,18.0,61.0,-7.4032
18.0,7.0,62.0,23.257755
7.0,18.0,62.0,23.257755
18.0,7.0,63.0,0.42289886
7.0,18.0,63.0,0.42289886
18.0,7.0,64.0,-28.685854
7.0,18.0,64.0,-28.685854
18.0,7.0,65.0,-2.3209462
7.0,18.0,65.0,-2.3209462
18.0,7.0,66.0,-26.198244
7.0,18.0,66.0,-26.198244
18.0,7.0,67.0,-35.904716
7.0,18.0,67.0,-35.904716
18.0,7.0,68.0,-18.904228
7.0,18.0,68.0,-18.904228
18.0,7.0,69.0,-40.598072
7.0,18.0,69.0,-40.598072
18.0,9.0,38.0,20.26453
9.0,18.0,38.0,20.26453
18.0,9.0,39.0,22.478735
9.0,18.0,39.0,22.478735
18.0,9.0,40.0,19.16439
9.0,18.0,40.0,19.16439
18.0,9.0,41.0,-4.0055227
9.0,18.0,41.0,-4.0055227
18.0,9.0,42.0,1.5866276
9.0,18.0,42.0,1.5866276
18.0,9.0,43.0,-2.354514
9.0,18.0,43.0,-2.354514
18.0,9.0,44.0,-3.5408006
9.0,18.0,44.0,-3.5408006
18.0,9.0,45.0,8.169451
9.0,18.0,45.0,8.169451
18.0,9.0,46.0,4.3191094
9.0,18.0,46.0,4.3191094
18.0,9.0,47.0,12.93044
9.0,18.0,47.0,12.93044
18.0,9.0,48.0,2.7447364
9.0,18.0,48.0,2.7447364
18.0,9.0,49.0,6.005304
9.0,18.0,49.0,6.005304
18.0,9.0,50.0,19.911896
9.0,18.0,50.0,19.911896
18.0,9.0,51.0,14.65632
9.0,18.0,51.0,14.65632
18.0,9.0,52.0,-25.780107
9.0,18.0,52.0,-25.780107
18.0,9.0,53.0,7.7986326
9.0,18.0,53.0,7.7986326
18.0,9.0,54.0,2.1770525
9.0,18.0,54.0,2.1770525
18.0,9.0,55.0,2.9877408
9.0,18.0,55.0,2.9877408
18.0,9.0,56.0,-11.949456
9.0,18.0,56.0,-11.949456
18.0,9.0,57.0,0.8131926
9.0,18.0,57.0,0.8131926
18.0,9.0,58.0,22.734121
9.0,18.0,58.0,22.734121
18.0,9.0,59.0,23.716444
9.0,18.0,59.0,23.716444
18.0,9.0,60.0,-7.3664
9.0,18.0,60.0,-7.3664
18.0,9.0,61.0,7.649946
9.0,18.0,61.0,7.649946
18.0,9.0,62.0,23.518545
9.0,18.0,62.0,23.518545
18.0,9.0,63.0,5.551944
9.0,18.0,63.0,5.551944
18.0,9.0,64.0,-12.141078
9.0,18.0,64.0,-12.141078
18.0,9.0,65.0,9.657581
9.0,18.0,65.0,9.657581
18.0,9.0,66.0,-3.7794592
9.0,18.0,66.0,-3.7794592
18.0,9.0,67.0,-87.21504
9.0,18.0,67.0,-87.21504
18.0,9.0,68.0,27.12345
9.0,18.0,68.0,27.12345
18.0,9.0,69.0,-6.4009476
9.0,18.0,69.0,-6.4009476
18.0,10.0,38.0,14.255263
10.0,18.0,38.0,14.255263
18.0,10.0,39.0,13.732343
10.0,18.0,39.0,13.732343
18.0,10.0,40.0,8.589107
10.0,18.0,40.0,8.589107
18.0,10.0,41.0,30.453524
10.0,18.0,41.0,30.453524
18.0,10.0,42.0,23.894411
10.0,18.0,42.0,23.894411
18.0,10.0,43.0,-17.151577
10.0,18.0,43.0,-17.151577
18.0,10.0,44.0,-6.6857724
10.0,18.0,44.0,-6.6857724
18.0,10.0,45.0,-1.5884792
10.0,18.0,45.0,-1.5884792
18.0,10.0,46.0,0.2474742
10.0,18.0,46.0,0.2474742
18.0,10.0,47.0,2.3122778
10.0,18.0,47.0,2.3122778
18.0,10.0,48.0,4.9129324
10.0,18.0,48.0,4.9129324
18.0,10.0,49.0,0.121417634
10.0,18.0,49.0,0.121417634
18.0,10.0,50.0,18.019974
10.0,18.0,50.0,18.019974
18.0,10.0,51.0,31.073633
10.0,18.0,51.0,31.073633
18.0,10.0,52.0,-34.48293
10.0,18.0,52.0,-34.48293
18.0,10.0,53.0,-5.931558
10.0,18.0,53.0,-5.931558
18.0,10.0,54.0,-9.301233
10.0,18.0,54.0,-9.301233
18.0,10.0,55.0,-3.1840656
10.0,18.0,55.0,-3.1840656
18.0,10.0,56.0,-14.008242
10.0,18.0,56.0,-14.008242
18.0,10.0,57.0,19.195562
10.0,18.0,57.0,19.195562
18.0,10.0,58.0,-14.383262
10.0,18.0,58.0,-14.383262
18.0,10.0,59.0,11.518811
10.0,18.0,59.0,11.518811
18.0,10.0,60.0,18.63403
10.0,18.0,60.0,18.63403
18.0,10.0,61.0,24.971172
10.0,18.0,61.0,24.971172
18.0,10.0,62.0,29.6722
10.0,18.0,62.0,29.6722
18.0,10.0,63.0,22.093124
10.0,18.0,63.0,22.093124
18.0,10.0,64.0,1.2775813
10.0,18.0,64.0,1.2775813
18.0,10.0,65.0,13.54297
10.0,18.0,65.0,13.54297
18.0,10.0,66.0,-5.9485807
10.0,18.0,66.0,-5.9485807
18.0,10.0,67.0,-31.493477
10.0,18.0,67.0,-31.493477
18.0,10.0,68.0,22.968359
10.0,18.0,68.0,22.968359
18.0,10.0,69.0,-10.893546
10.0,18.0,69.0,-10.893546
18.0,11.0,38.0,36.947155
11.0,18.0,38.0,36.947155
18.0,11.0,38.0,47.536015
11.0,18.0,38.0,47.536015
18.0,11.0,39.0,71.43443
11.0,18.0,39.0,71.43443
18.0,11.0,40.0,88.06453
11.0,18.0,40.0,88.06453
18.0,11.0,40.0,74.109055
11.0,18.0,40.0,74.109055
18.0,11.0,41.0,28.320272
11.0,18.0,41.0,28.320272
18.0,11.0,41.0,62.844612
11.0,18.0,41.0,62.844612
18.0,11.0,42.0,12.794362
11.0,18.0,42.0,12.794362
18.0,11.0,42.0,9.775511
11.0,18.0,42.0,9.775511
18.0,11.0,43.0,92.41925
11.0,18.0,43.0,92.41925
18.0,11.0,43.0,134.604
11.0,18.0,43.0,134.604
18.0,11.0,44.0,28.026524
11.0,18.0,44.0,28.026524
18.0,11.0,44.0,29.091667
11.0,18.0,44.0,29.091667
18.0,11.0,45.0,58.52389
11.0,18.0,45.0,58.52389
18.0,11.0,45.0,60.76141
11.0,18.0,45.0,60.76141
18.0,11.0,46.0,23.308792
11.0,18.0,46.0,23.308792
18.0,11.0,47.0,59.223583
11.0,18.0,47.0,59.223583
18.0,11.0,47.0,56.669014
11.0,18.0,47.0,56.669014
18.0,11.0,48.0,35.825275
11.0,18.0,48.0,35.825275
18.0,11.0,49.0,50.415432
11.0,18.0,49.0,50.415432
18.0,11.0,49.0,69.53825
11.0,18.0,49.0,69.53825
18.0,11.0,50.0,51.069386
11.0,18.0,50.0,51.069386
18.0,11.0,51.0,81.29175
11.0,18.0,51.0,81.29175
18.0,11.0,52.0,22.87569
11.0,18.0,52.0,22.87569
18.0,11.0,52.0,46.347244
11.0,18.0,52.0,46.347244
18.0,11.0,53.0,38.61536
11.0,18.0,53.0,38.61536
18.0,11.0,53.0,46.9566
11.0,18.0,53.0,46.9566
18.0,11.0,54.0,33.94381
11.0,18.0,54.0,33.94381
18.0,11.0,54.0,32.54341
11.0,18.0,54.0,32.54341
18.0,11.0,55.0,36.823307
11.0,18.0,55.0,36.823307
18.0,11.0,56.0,95.46834
11.0,18.0,56.0,95.46834
18.0,11.0,57.0,61.59443
11.0,18.0,57.0,61.59443
18.0,11.0,58.0,18.508041
11.0,18.0,58.0,18.508041
18.0,11.0,59.0,94.83148
11.0,18.0,59.0,94.83148
18.0,11.0,59.0,87.812706
11.0,18.0,59.0,87.812706
18.0,11.0,60.0,53.11336
11.0,18.0,60.0,53.11336
18.0,11.0,61.0,53.043938
11.0,18.0,61.0,53.043938
18.0,11.0,62.0,36.252457
11.0,18.0,62.0,36.252457
18.0,11.0,63.0,74.272964
11.0,18.0,63.0,74.272964
18.0,11.0,64.0,58.351776
11.0,18.0,64.0,58.351776
18.0,11.0,65.0,26.360268
11.0,18.0,65.0,26.360268
18.0,11.0,65.0,35.43452
11.0,18.0,65.0,35.43452
18.0,11.0,66.0,18.675928
11.0,18.0,66.0,18.675928
18.0,11.0,67.0,44.993156
11.0,18.0,67.0,44.993156
18.0,11.0,68.0,46.858215
11.0,18.0,68.0,46.858215
18.0,11.0,69.0,57.97915
11.0,18.0,69.0,57.97915
18.0,12.0,38.0,-7.4400845
12.0,18.0,38.0,-7.4400845
18.0,12.0,39.0,-2.5001583
12.0,18.0,39.0,-2.5001583
18.0,12.0,40.0,0.06441228
12.0,18.0,40.0,0.06441228
18.0,12.0,41.0,30.887201
12.0,18.0,41.0,30.887201
18.0,12.0,42.0,-51.81872
12.0,18.0,42.0,-51.81872
18.0,12.0,43.0,-17.153458
12.0,18.0,43.0,-17.153458
18.0,12.0,44.0,-10.277208
12.0,18.0,44.0,-10.277208
18.0,12.0,45.0,1.9044324
12.0,18.0,45.0,1.9044324
18.0,12.0,46.0,-9.094888
12.0,18.0,46.0,-9.094888
18.0,12.0,47.0,5.74867
12.0,18.0,47.0,5.74867
18.0,12.0,48.0,-77.0883
12.0,18.0,48.0,-77.0883
18.0,12.0,49.0,2.1800263
12.0,18.0,49.0,2.1800263
18.0,12.0,50.0,4.550614
12.0,18.0,50.0,4.550614
18.0,12.0,51.0,-11.186819
12.0,18.0,51.0,-11.186819
18.0,12.0,52.0,-12.613775
12.0,18.0,52.0,-12.613775
18.0,12.0,53.0,-9.133041
12.0,18.0,53.0,-9.133041
18.0,12.0,54.0,5.574387
12.0,18.0,54.0,5.574387
18.0,12.0,55.0,-14.937982
12.0,18.0,55.0,-14.937982
18.0,12.0,56.0,6.2200446
12.0,18.0,56.0,6.2200446
18.0,12.0,57.0,-2.1350517
12.0,18.0,57.0,-2.1350517
18.0,12.0,58.0,-10.2960205
12.0,18.0,58.0,-10.2960205
18.0,12.0,59.0,4.731059
12.0,18.0,59.0,4.731059
18.0,12.0,60.0,7.0201316
12.0,18.0,60.0,7.0201316
18.0,12.0,61.0,7.296735
12.0,18.0,61.0,7.296735
18.0,12.0,62.0,5.353211
12.0,18.0,62.0,5.353211
18.0,12.0,63.0,-4.2632246
12.0,18.0,63.0,-4.2632246
18.0,12.0,64.0,8.770565
12.0,18.0,64.0,8.770565
18.0,12.0,65.0,7.8028936
12.0,18.0,65.0,7.8028936
18.0,12.0,66.0,13.167922
12.0,18.0,66.0,13.167922
18.0,12.0,67.0,-12.129963
12.0,18.0,67.0,-12.129963
18.0,12.0,68.0,-2.892395
12.0,18.0,68.0,-2.892395
18.0,12.0,69.0,-8.770771
12.0,18.0,69.0,-8.770771
18.0,13.0,38.0,19.949825
13.0,18.0,38.0,19.949825
18.0,13.0,39.0,38.24072
13.0,18.0,39.0,38.24072
18.0,13.0,40.0,25.023966
13.0,18.0,40.0,25.023966
18.0,13.0,41.0,38.899853
13.0,18.0,41.0,38.899853
18.0,13.0,42.0,1.8812169
13.0,18.0,42.0,1.8812169
18.0,13.0,43.0,59.33113
13.0,18.0,43.0,59.33113
18.0,13.0,44.0,34.244667
13.0,18.0,44.0,34.244667
18.0,13.0,45.0,17.15562
13.0,18.0,45.0,17.15562
18.0,13.0,46.0,-1.2824126
13.0,18.0,46.0,-1.2824126
18.0,13.0,47.0,9.208463
13.0,18.0,47.0,9.208463
18.0,13.0,48.0,33.003334
13.0,18.0,48.0,33.003334
18.0,13.0,49.0,13.322606
13.0,18.0,49.0,13.322606
18.0,13.0,50.0,9.908852
13.0,18.0,50.0,9.908852
18.0,13.0,51.0,67.69333
13.0,18.0,51.0,67.69333
18.0,13.0,52.0,-7.1160345
13.0,18.0,52.0,-7.1160345
18.0,13.0,53.0,21.558867
13.0,18.0,53.0,21.558867
18.0,13.0,54.0,-0.7090989
13.0,18.0,54.0,-0.7090989
18.0,13.0,55.0,17.224888
13.0,18.0,55.0,17.224888
18.0,13.0,56.0,39.218864
13.0,18.0,56.0,39.218864
18.0,13.0,57.0,19.842422
13.0,18.0,57.0,19.842422
18.0,13.0,58.0,19.154121
13.0,18.0,58.0,19.154121
18.0,13.0,59.0,15.315347
13.0,18.0,59.0,15.315347
18.0,13.0,60.0,31.389147
13.0,18.0,60.0,31.389147
18.0,13.0,61.0,35.843697
13.0,18.0,61.0,35.843697
18.0,13.0,62.0,50.210663
13.0,18.0,62.0,50.210663
18.0,13.0,63.0,41.625343
13.0,18.0,63.0,41.625343
18.0,13.0,64.0,12.135918
13.0,18.0,64.0,12.135918
18.0,13.0,65.0,12.040955
13.0,18.0,65.0,12.040955
18.0,13.0,66.0,-15.197559
13.0,18.0,66.0,-15.197559
18.0,13.0,67.0,0.22420894
13.0,18.0,67.0,0.22420894
18.0,13.0,68.0,28.00743
13.0,18.0,68.0,28.00743
18.0,13.0,69.0,5.557311
13.0,18.0,69.0,5.557311
18.0,14.0,38.0,135.28844
14.0,18.0,38.0,135.28844
18.0,14.0,38.0,121.35498
14.0,18.0,38.0,121.35498
18.0,14.0,39.0,2.4106126
14.0,18.0,39.0,2.4106126
18.0,14.0,40.0,29.989159
14.0,18.0,40.0,29.989159
18.0,14.0,40.0,7.610774
14.0,18.0,40.0,7.610774
18.0,14.0,41.0,88.19954
14.0,18.0,41.0,88.19954
18.0,14.0,41.0,93.92209
14.0,18.0,41.0,93.92209
18.0,14.0,42.0,47.971573
14.0,18.0,42.0,47.971573
18.0,14.0,42.0,53.481327
14.0,18.0,42.0,53.481327
18.0,14.0,43.0,-2.6147964
14.0,18.0,43.0,-2.6147964
18.0,14.0,43.0,21.278107
14.0,18.0,43.0,21.278107
18.0,14.0,44.0,25.393894
14.0,18.0,44.0,25.393894
18.0,14.0,44.0,-7.133399
14.0,18.0,44.0,-7.133399
18.0,14.0,45.0,-0.25582537
14.0,18.0,45.0,-0.25582537
18.0,14.0,45.0,-2.567331
14.0,18.0,45.0,-2.567331
18.0,14.0,46.0,0.5641769
14.0,18.0,46.0,0.5641769
18.0,14.0,47.0,-6.106198
14.0,18.0,47.0,-6.106198
18.0,14.0,47.0,-12.611124
14.0,18.0,47.0,-12.611124
18.0,14.0,48.0,18.620317
14.0,18.0,48.0,18.620317
18.0,14.0,49.0,5.7742715
14.0,18.0,49.0,5.7742715
18.0,14.0,49.0,11.60406
14.0,18.0,49.0,11.60406
18.0,14.0,50.0,14.707665
14.0,18.0,50.0,14.707665
18.0,14.0,51.0,8.3184395
14.0,18.0,51.0,8.3184395
18.0,14.0,52.0,-12.688257
14.0,18.0,52.0,-12.688257
18.0,14.0,52.0,0.14502953
14.0,18.0,52.0,0.14502953
18.0,14.0,53.0,-23.80633
14.0,18.0,53.0,-23.80633
18.0,14.0,53.0,-15.522835
14.0,18.0,53.0,-15.522835
18.0,14.0,54.0,-144.2357
14.0,18.0,54.0,-144.2357
18.0,14.0,54.0,-13.545559
14.0,18.0,54.0,-13.545559
18.0,14.0,55.0,4.6316533
14.0,18.0,55.0,4.6316533
18.0,14.0,56.0,16.104809
14.0,18.0,56.0,16.104809
18.0,14.0,57.0,17.651724
14.0,18.0,57.0,17.651724
18.0,14.0,58.0,3.6551833
14.0,18.0,58.0,3.6551833
18.0,14.0,59.0,10.107389
14.0,18.0,59.0,10.107389
18.0,14.0,59.0,3.6780884
14.0,18.0,59.0,3.6780884
18.0,14.0,60.0,4.905891
14.0,18.0,60.0,4.905891
18.0,14.0,61.0,21.967915
14.0,18.0,61.0,21.967915
18.0,14.0,62.0,64.66499
14.0,18.0,62.0,64.66499
18.0,14.0,63.0,-4.3029256
14.0,18.0,63.0,-4.3029256
18.0,14.0,64.0,24.180532
14.0,18.0,64.0,24.180532
18.0,14.0,65.0,31.390999
14.0,18.0,65.0,31.390999
18.0,14.0,65.0,41.899635
14.0,18.0,65.0,41.899635
18.0,14.0,66.0,-35.304825
14.0,18.0,66.0,-35.304825
18.0,14.0,67.0,-35.273586
14.0,18.0,67.0,-35.273586
18.0,14.0,68.0,7.286754
14.0,18.0,68.0,7.286754
18.0,14.0,69.0,9.438605
14.0,18.0,69.0,9.438605
18.0,20.0,38.0,-0.07470249
20.0,18.0,38.0,-0.07470249
18.0,20.0,39.0,-22.91618
20.0,18.0,39.0,-22.91618
18.0,20.0,40.0,-3.5766785
20.0,18.0,40.0,-3.5766785
18.0,20.0,41.0,-0.5931115
20.0,18.0,41.0,-0.5931115
18.0,20.0,42.0,12.259045
20.0,18.0,42.0,12.259045
18.0,20.0,43.0,-10.279811
20.0,18.0,43.0,-10.279811
18.0,20.0,44.0,-10.303975
20.0,18.0,44.0,-10.303975
18.0,20.0,45.0,5.6998453
20.0,18.0,45.0,5.6998453
18.0,20.0,46.0,-24.34969
20.0,18.0,46.0,-24.34969
18.0,20.0,47.0,-17.089293
20.0,18.0,47.0,-17.089293
18.0,20.0,48.0,-14.069472
20.0,18.0,48.0,-14.069472
18.0,20.0,49.0,-34.219704
20.0,18.0,49.0,-34.219704
18.0,20.0,50.0,-20.749771
20.0,18.0,50.0,-20.749771
18.0,20.0,51.0,-35.636986
20.0,18.0,51.0,-35.636986
18.0,20.0,52.0,-27.56026
20.0,18.0,52.0,-27.56026
18.0,20.0,53.0,-4.8403287
20.0,18.0,53.0,-4.8403287
18.0,20.0,54.0,-37.330574
20.0,18.0,54.0,-37.330574
18.0,20.0,55.0,-8.75563
20.0,18.0,55.0,-8.75563
18.0,20.0,56.0,21.762875
20.0,18.0,56.0,21.762875
18.0,20.0,57.0,-11.453249
20.0,18.0,57.0,-11.453249
18.0,20.0,58.0,-25.591627
20.0,18.0,58.0,-25.591627
18.0,20.0,59.0,-27.244652
20.0,18.0,59.0,-27.244652
18.0,20.0,60.0,25.18055
20.0,18.0,60.0,25.18055
18.0,20.0,61.0,-15.24253
20.0,18.0,61.0,-15.24253
18.0,20.0,62.0,13.46588
20.0,18.0,62.0,13.46588
18.0,20.0,63.0,-6.6136546
20.0,18.0,63.0,-6.6136546
18.0,20.0,64.0,-22.406078
20.0,18.0,64.0,-22.406078
18.0,20.0,65.0,-0.6251476
20.0,18.0,65.0,-0.6251476
18.0,20.0,66.0,-23.150639
20.0,18.0,66.0,-23.150639
18.0,20.0,67.0,17.883734
20.0,18.0,67.0,17.883734
18.0,20.0,68.0,-15.606193
20.0,18.0,68.0,-15.606193
18.0,20.0,69.0,-23.166565
20.0,18.0,69.0,-23.166565
18.0,15.0,38.0,37.107822
15.0,18.0,38.0,37.107822
18.0,15.0,39.0,11.527671
15.0,18.0,39.0,11.527671
18.0,15.0,40.0,-0.47755232
15.0,18.0,40.0,-0.47755232
18.0,15.0,41.0,43.19257
15.0,18.0,41.0,43.19257
18.0,15.0,42.0,-2.9858556
15.0,18.0,42.0,-2.9858556
18.0,15.0,43.0,-45.7788
15.0,18.0,43.0,-45.7788
18.0,15.0,44.0,46.51056
15.0,18.0,44.0,46.51056
18.0,15.0,45.0,-12.891049
15.0,18.0,45.0,-12.891049
18.0,15.0,46.0,-2.3017664
15.0,18.0,46.0,-2.3017664
18.0,15.0,47.0,-11.548132
15.0,18.0,47.0,-11.548132
18.0,15.0,48.0,-5.516176
15.0,18.0,48.0,-5.516176
18.0,15.0,49.0,-6.7715025
15.0,18.0,49.0,-6.7715025
18.0,15.0,50.0,4.9702525
15.0,18.0,50.0,4.9702525
18.0,15.0,51.0,-3.0007288
15.0,18.0,51.0,-3.0007288
18.0,15.0,52.0,-23.918743
15.0,18.0,52.0,-23.918743
18.0,15.0,53.0,-1.6037638
15.0,18.0,53.0,-1.6037638
18.0,15.0,54.0,-19.215242
15.0,18.0,54.0,-19.215242
18.0,15.0,55.0,2.3654068
15.0,18.0,55.0,2.3654068
18.0,15.0,56.0,5.033872
15.0,18.0,56.0,5.033872
18.0,15.0,57.0,3.3112674
15.0,18.0,57.0,3.3112674
18.0,15.0,58.0,18.30312
15.0,18.0,58.0,18.30312
18.0,15.0,59.0,8.908353
15.0,18.0,59.0,8.908353
18.0,15.0,60.0,1.3593864
15.0,18.0,60.0,1.3593864
18.0,15.0,61.0,21.904484
15.0,18.0,61.0,21.904484
18.0,15.0,62.0,2.4383636
15.0,18.0,62.0,2.4383636
18.0,15.0,63.0,-15.064376
15.0,18.0,63.0,-15.064376
18.0,15.0,64.0,-18.881248
15.0,18.0,64.0,-18.881248
18.0,15.0,65.0,14.7667885
15.0,18.0,65.0,14.7667885
18.0,15.0,66.0,-5.995695
15.0,18.0,66.0,-5.995695
18.0,15.0,67.0,-13.598396
15.0,18.0,67.0,-13.598396
18.0,15.0,68.0,-10.37818
15.0,18.0,68.0,-10.37818
18.0,15.0,69.0,-31.435926
15.0,18.0,69.0,-31.435926
18.0,21.0,38.0,8.482931
21.0,18.0,38.0,8.482931
18.0,21.0,39.0,3.4134862
21.0,18.0,39.0,3.4134862
18.0,21.0,40.0,-5.0019937
21.0,18.0,40.0,-5.0019937
18.0,21.0,41.0,6.0725446
21.0,18.0,41.0,6.0725446
18.0,21.0,42.0,0.11346996
21.0,18.0,42.0,0.11346996
18.0,21.0,43.0,-36.393024
21.0,18.0,43.0,-36.393024
18.0,21.0,44.0,2.7690356
21.0,18.0,44.0,2.7690356
18.0,21.0,45.0,-9.556941
21.0,18.0,45.0,-9.556941
18.0,21.0,46.0,-35.944977
21.0,18.0,46.0,-35.944977
18.0,21.0,47.0,-7.8884234
21.0,18.0,47.0,-7.8884234
18.0,21.0,48.0,3.932686
21.0,18.0,48.0,3.932686
18.0,21.0,49.0,-29.848242
21.0,18.0,49.0,-29.848242
18.0,21.0,50.0,-2.5720134
21.0,18.0,50.0,-2.5720134
18.0,21.0,51.0,-2.3177652
21.0,18.0,51.0,-2.3177652
18.0,21.0,52.0,-33.433857
21.0,18.0,52.0,-33.433857
18.0,21.0,53.0,-13.726315
21.0,18.0,53.0,-13.726315
18.0,21.0,54.0,-19.767044
21.0,18.0,54.0,-19.767044
18.0,21.0,55.0,-8.991423
21.0,18.0,55.0,-8.991423
18.0,21.0,56.0,-8.244926
21.0,18.0,56.0,-8.244926
18.0,21.0,57.0,-19.006836
21.0,18.0,57.0,-19.006836
18.0,21.0,58.0,4.753122
21.0,18.0,58.0,4.753122
18.0,21.0,59.0,3.373878
21.0,18.0,59.0,3.373878
18.0,21.0,60.0,-12.047797
21.0,18.0,60.0,-12.047797
18.0,21.0,61.0,-4.0276604
21.0,18.0,61.0,-4.0276604
18.0,21.0,62.0,8.452621
21.0,18.0,62.0,8.452621
18.0,21.0,63.0,4.8049855
21.0,18.0,63.0,4.8049855
18.0,21.0,64.0,-22.210484
21.0,18.0,64.0,-22.210484
18.0,21.0,65.0,8.969656
21.0,18.0,65.0,8.969656
18.0,21.0,66.0,-37.071045
21.0,18.0,66.0,-37.071045
18.0,21.0,67.0,-81.09317
21.0,18.0,67.0,-81.09317
18.0,21.0,68.0,-5.2356663
21.0,18.0,68.0,-5.2356663
18.0,21.0,69.0,-12.433797
21.0,18.0,69.0,-12.433797
18.0,16.0,38.0,-1.0195737
16.0,18.0,38.0,-1.0195737
18.0,16.0,39.0,4.7034736
16.0,18.0,39.0,4.7034736
18.0,16.0,40.0,11.602838
16.0,18.0,40.0,11.602838
18.0,16.0,41.0,22.680685
16.0,18.0,41.0,22.680685
18.0,16.0,42.0,10.780416
16.0,18.0,42.0,10.780416
18.0,16.0,43.0,-4.214873
16.0,18.0,43.0,-4.214873
18.0,16.0,44.0,3.1861026
16.0,18.0,44.0,3.1861026
18.0,16.0,45.0,10.897445
16.0,18.0,45.0,10.897445
18.0,16.0,46.0,3.502095
16.0,18.0,46.0,3.502095
18.0,16.0,47.0,-3.1063573
16.0,18.0,47.0,-3.1063573
18.0,16.0,48.0,-11.442259
16.0,18.0,48.0,-11.442259
18.0,16.0,49.0,-7.3613796
16.0,18.0,49.0,-7.3613796
18.0,16.0,50.0,6.7604027
16.0,18.0,50.0,6.7604027
18.0,16.0,51.0,-11.091128
16.0,18.0,51.0,-11.091128
18.0,16.0,52.0,-5.475248
16.0,18.0,52.0,-5.475248
18.0,16.0,53.0,-2.4390745
16.0,18.0,53.0,-2.4390745
18.0,16.0,54.0,-0.34479553
16.0,18.0,54.0,-0.34479553
18.0,16.0,55.0,13.8221035
16.0,18.0,55.0,13.8221035
18.0,16.0,56.0,8.520548
16.0,18.0,56.0,8.520548
18.0,16.0,57.0,11.898616
16.0,18.0,57.0,11.898616
18.0,16.0,58.0,-11.49237
16.0,18.0,58.0,-11.49237
18.0,16.0,59.0,13.322031
16.0,18.0,59.0,13.322031
18.0,16.0,60.0,16.909761
16.0,18.0,60.0,16.909761
18.0,16.0,61.0,-2.7250512
16.0,18.0,61.0,-2.7250512
18.0,16.0,62.0,7.0418644
16.0,18.0,62.0,7.0418644
18.0,16.0,63.0,24.597713
16.0,18.0,63.0,24.597713
18.0,16.0,64.0,11.9883995
16.0,18.0,64.0,11.9883995
18.0,16.0,65.0,5.6110644
16.0,18.0,65.0,5.6110644
18.0,16.0,66.0,4.5764933
16.0,18.0,66.0,4.5764933
18.0,16.0,67.0,13.220036
16.0,18.0,67.0,13.220036
18.0,16.0,68.0,12.232401
16.0,18.0,68.0,12.232401
18.0,16.0,69.0,12.240344
16.0,18.0,69.0,12.240344
18.0,22.0,38.0,10.1833105
22.0,18.0,38.0,10.1833105
18.0,22.0,39.0,10.518047
22.0,18.0,39.0,10.518047
18.0,22.0,40.0,6.1916246
22.0,18.0,40.0,6.1916246
18.0,22.0,41.0,10.897262
22.0,18.0,41.0,10.897262
18.0,22.0,42.0,2.4474406
22.0,18.0,42.0,2.4474406
18.0,22.0,43.0,1.398052
22.0,18.0,43.0,1.398052
18.0,22.0,44.0,10.202586
22.0,18.0,44.0,10.202586
18.0,22.0,45.0,7.755546
22.0,18.0,45.0,7.755546
18.0,22.0,46.0,0.8071908
22.0,18.0,46.0,0.8071908
18.0,22.0,47.0,13.504026
22.0,18.0,47.0,13.504026
18.0,22.0,48.0,-130.83209
22.0,18.0,48.0,-130.83209
18.0,22.0,49.0,-7.742677
22.0,18.0,49.0,-7.742677
18.0,22.0,50.0,4.2688866
22.0,18.0,50.0,4.2688866
18.0,22.0,51.0,11.807602
22.0,18.0,51.0,11.807602
18.0,22.0,52.0,-7.104534
22.0,18.0,52.0,-7.104534
18.0,22.0,53.0,5.0422654
22.0,18.0,53.0,5.0422654
18.0,22.0,54.0,3.0326438
22.0,18.0,54.0,3.0326438
18.0,22.0,55.0,5.659526
22.0,18.0,55.0,5.659526
18.0,22.0,56.0,-6.2891645
22.0,18.0,56.0,-6.2891645
18.0,22.0,57.0,8.395761
22.0,18.0,57.0,8.395761
18.0,22.0,58.0,6.941709
22.0,18.0,58.0,6.941709
18.0,22.0,59.0,-3.608267
22.0,18.0,59.0,-3.608267
18.0,22.0,60.0,5.016994
22.0,18.0,60.0,5.016994
18.0,22.0,61.0,6.245932
22.0,18.0,61.0,6.245932
18.0,22.0,62.0,20.651506
22.0,18.0,62.0,20.651506
18.0,22.0,63.0,22.166618
22.0,18.0,63.0,22.166618
18.0,22.0,64.0,-14.207816
22.0,18.0,64.0,-14.207816
18.0,22.0,65.0,12.675257
22.0,18.0,65.0,12.675257
18.0,22.0,66.0,-12.063936
22.0,18.0,66.0,-12.063936
18.0,22.0,67.0,8.44208
22.0,18.0,67.0,8.44208
18.0,22.0,68.0,11.700369
22.0,18.0,68.0,11.700369
18.0,22.0,69.0,8.426894
22.0,18.0,69.0,8.426894
22.0,2.0,38.0,5.4005823
2.0,22.0,38.0,5.4005823
22.0,2.0,39.0,8.382456
2.0,22.0,39.0,8.382456
22.0,2.0,40.0,24.104235
2.0,22.0,40.0,24.104235
22.0,2.0,41.0,37.864647
2.0,22.0,41.0,37.864647
22.0,2.0,42.0,31.229174
2.0,22.0,42.0,31.229174
22.0,2.0,43.0,2.726891
2.0,22.0,43.0,2.726891
22.0,2.0,44.0,16.310125
2.0,22.0,44.0,16.310125
22.0,2.0,45.0,21.175568
2.0,22.0,45.0,21.175568
22.0,2.0,46.0,48.756298
2.0,22.0,46.0,48.756298
22.0,2.0,47.0,21.725752
2.0,22.0,47.0,21.725752
22.0,2.0,48.0,68.800606
2.0,22.0,48.0,68.800606
22.0,2.0,49.0,14.126891
2.0,22.0,49.0,14.126891
22.0,2.0,50.0,25.398981
2.0,22.0,50.0,25.398981
22.0,2.0,51.0,15.744035
2.0,22.0,51.0,15.744035
22.0,2.0,52.0,21.365574
2.0,22.0,52.0,21.365574
22.0,2.0,53.0,18.340279
2.0,22.0,53.0,18.340279
22.0,2.0,54.0,1.7932752
2.0,22.0,54.0,1.7932752
22.0,2.0,55.0,22.19981
2.0,22.0,55.0,22.19981
22.0,2.0,56.0,-1.4602357
2.0,22.0,56.0,-1.4602357
22.0,2.0,57.0,8.174701
2.0,22.0,57.0,8.174701
22.0,2.0,58.0,11.511989
2.0,22.0,58.0,11.511989
22.0,2.0,59.0,-9.723735
2.0,22.0,59.0,-9.723735
22.0,2.0,60.0,26.36018
2.0,22.0,60.0,26.36018
22.0,2.0,61.0,-2.543142
2.0,22.0,61.0,-2.543142
22.0,2.0,62.0,23.469152
2.0,22.0,62.0,23.469152
22.0,2.0,63.0,17.979734
2.0,22.0,63.0,17.979734
22.0,2.0,64.0,7.251584
2.0,22.0,64.0,7.251584
22.0,2.0,65.0,17.199827
2.0,22.0,65.0,17.199827
22.0,2.0,66.0,25.182863
2.0,22.0,66.0,25.182863
22.0,2.0,67.0,57.2436
2.0,22.0,67.0,57.2436
22.0,2.0,68.0,24.413101
2.0,22.0,68.0,24.413101
22.0,2.0,69.0,21.16222
2.0,22.0,69.0,21.16222
22.0,5.0,38.0,-8.472478
5.0,22.0,38.0,-8.472478
22.0,5.0,39.0,-0.6644499
5.0,22.0,39.0,-0.6644499
22.0,5.0,40.0,-6.715053
5.0,22.0,40.0,-6.715053
22.0,5.0,41.0,5.330381
5.0,22.0,41.0,5.330381
22.0,5.0,42.0,-3.5424216
5.0,22.0,42.0,-3.5424216
22.0,5.0,43.0,-4.5979233
5.0,22.0,43.0,-4.5979233
22.0,5.0,44.0,-6.9852943
5.0,22.0,44.0,-6.9852943
22.0,5.0,45.0,3.2706103
5.0,22.0,45.0,3.2706103
22.0,5.0,46.0,9.842055
5.0,22.0,46.0,9.842055
22.0,5.0,47.0,-17.070166
5.0,22.0,47.0,-17.070166
22.0,5.0,48.0,-163.09685
5.0,22.0,48.0,-163.09685
22.0,5.0,49.0,-2.2404351
5.0,22.0,49.0,-2.2404351
22.0,5.0,50.0,0.4169935
5.0,22.0,50.0,0.4169935
22.0,5.0,51.0,1.1487052
5.0,22.0,51.0,1.1487052
22.0,5.0,52.0,-29.453697
5.0,22.0,52.0,-29.453697
22.0,5.0,53.0,6.112842
5.0,22.0,53.0,6.112842
22.0,5.0,54.0,-16.750452
5.0,22.0,54.0,-16.750452
22.0,5.0,55.0,2.432978
5.0,22.0,55.0,2.432978
22.0,5.0,56.0,-10.027567
5.0,22.0,56.0,-10.027567
22.0,5.0,57.0,-0.074441105
5.0,22.0,57.0,-0.074441105
22.0,5.0,58.0,-13.899181
5.0,22.0,58.0,-13.899181
22.0,5.0,59.0,-8.434209
5.0,22.0,59.0,-8.434209
22.0,5.0,60.0,0.3211472
5.0,22.0,60.0,0.3211472
22.0,5.0,61.0,-8.175293
5.0,22.0,61.0,-8.175293
22.0,5.0,62.0,0.29467747
5.0,22.0,62.0,0.29467747
22.0,5.0,63.0,-14.2633705
5.0,22.0,63.0,-14.2633705
22.0,5.0,64.0,-21.792742
5.0,22.0,64.0,-21.792742
22.0,5.0,65.0,-1.9840115
5.0,22.0,65.0,-1.9840115
22.0,5.0,66.0,-15.89759
5.0,22.0,66.0,-15.89759
22.0,5.0,67.0,-9.764205
5.0,22.0,67.0,-9.764205
22.0,5.0,68.0,10.999818
5.0,22.0,68.0,10.999818
22.0,5.0,69.0,-4.5314035
5.0,22.0,69.0,-4.5314035
22.0,14.0,38.0,41.563847
14.0,22.0,38.0,41.563847
22.0,14.0,39.0,4.650937
14.0,22.0,39.0,4.650937
22.0,14.0,40.0,7.26943
14.0,22.0,40.0,7.26943
22.0,14.0,41.0,28.9551
14.0,22.0,41.0,28.9551
22.0,14.0,42.0,17.751715
14.0,22.0,42.0,17.751715
22.0,14.0,43.0,9.28613
14.0,22.0,43.0,9.28613
22.0,14.0,44.0,-6.186444
14.0,22.0,44.0,-6.186444
22.0,14.0,45.0,12.218768
14.0,22.0,45.0,12.218768
22.0,14.0,46.0,28.500084
14.0,22.0,46.0,28.500084
22.0,14.0,47.0,24.077063
14.0,22.0,47.0,24.077063
22.0,14.0,48.0,-138.9529
14.0,22.0,48.0,-138.9529
22.0,14.0,49.0,2.991377
14.0,22.0,49.0,2.991377
22.0,14.0,50.0,12.007738
14.0,22.0,50.0,12.007738
22.0,14.0,51.0,-6.433456
14.0,22.0,51.0,-6.433456
22.0,14.0,52.0,6.9403973
14.0,22.0,52.0,6.9403973
22.0,14.0,53.0,0.032771233
14.0,22.0,53.0,0.032771233
22.0,14.0,54.0,15.3195
14.0,22.0,54.0,15.3195
22.0,14.0,55.0,25.247084
14.0,22.0,55.0,25.247084
22.0,14.0,56.0,11.673
14.0,22.0,56.0,11.673
22.0,14.0,57.0,-7.2270875
14.0,22.0,57.0,-7.2270875
22.0,14.0,58.0,64.52654
14.0,22.0,58.0,64.52654
22.0,14.0,59.0,-15.915804
14.0,22.0,59.0,-15.915804
22.0,14.0,60.0,7.3701935
14.0,22.0,60.0,7.3701935
22.0,14.0,61.0,-3.2573054
14.0,22.0,61.0,-3.2573054
22.0,14.0,62.0,61.591774
14.0,22.0,62.0,61.591774
22.0,14.0,63.0,-17.098164
14.0,22.0,63.0,-17.098164
22.0,14.0,64.0,1.0624405
14.0,22.0,64.0,1.0624405
22.0,14.0,65.0,23.706352
14.0,22.0,65.0,23.706352
22.0,14.0,66.0,13.100908
14.0,22.0,66.0,13.100908
22.0,14.0,67.0,-49.758873
14.0,22.0,67.0,-49.758873
22.0,14.0,68.0,-8.774902
14.0,22.0,68.0,-8.774902
22.0,14.0,69.0,34.95452
14.0,22.0,69.0,34.95452
22.0,16.0,38.0,-1.5648727
16.0,22.0,38.0,-1.5648727
22.0,16.0,39.0,2.5265021
16.0,22.0,39.0,2.5265021
22.0,16.0,40.0,0.77879006
16.0,22.0,40.0,0.77879006
22.0,16.0,41.0,7.69155
16.0,22.0,41.0,7.69155
22.0,16.0,42.0,4.7657166
16.0,22.0,42.0,4.7657166
22.0,16.0,43.0,-4.322939
16.0,22.0,43.0,-4.322939
22.0,16.0,44.0,-1.6030236
16.0,22.0,44.0,-1.6030236
22.0,16.0,45.0,0.38081136
16.0,22.0,45.0,0.38081136
22.0,16.0,46.0,5.4811397
16.0,22.0,46.0,5.4811397
22.0,16.0,47.0,-12.212212
16.0,22.0,47.0,-12.212212
22.0,16.0,48.0,-6.847502
16.0,22.0,48.0,-6.847502
22.0,16.0,49.0,-4.8132124
16.0,22.0,49.0,-4.8132124
22.0,16.0,50.0,-4.8753004
16.0,22.0,50.0,-4.8753004
22.0,16.0,51.0,-18.117472
16.0,22.0,51.0,-18.117472
22.0,16.0,52.0,-0.10058798
16.0,22.0,52.0,-0.10058798
22.0,16.0,53.0,0.32077506
16.0,22.0,53.0,0.32077506
22.0,16.0,54.0,-2.986273
16.0,22.0,54.0,-2.986273
22.0,16.0,55.0,13.548859
16.0,22.0,55.0,13.548859
22.0,16.0,56.0,-12.210121
16.0,22.0,56.0,-12.210121
22.0,16.0,57.0,0.2598976
16.0,22.0,57.0,0.2598976
22.0,16.0,58.0,-30.499
16.0,22.0,58.0,-30.499
22.0,16.0,59.0,-1.11658
16.0,22.0,59.0,-1.11658
22.0,16.0,60.0,2.0832505
16.0,22.0,60.0,2.0832505
22.0,16.0,61.0,-0.13659139
16.0,22.0,61.0,-0.13659139
22.0,16.0,62.0,3.4103165
16.0,22.0,62.0,3.4103165
22.0,16.0,63.0,9.2006035
16.0,22.0,63.0,9.2006035
22.0,16.0,64.0,-8.143919
16.0,22.0,64.0,-8.143919
22.0,16.0,65.0,1.6768531
16.0,22.0,65.0,1.6768531
22.0,16.0,66.0,-7.7301087
16.0,22.0,66.0,-7.7301087
22.0,16.0,67.0,-12.753637
16.0,22.0,67.0,-12.753637
22.0,16.0,68.0,6.95303
16.0,22.0,68.0,6.95303
22.0,16.0,69.0,-5.749697
16.0,22.0,69.0,-5.749697
36.0,0.0,38.0,-6.260306
0.0,36.0,38.0,-6.260306
36.0,0.0,39.0,-33.01039
0.0,36.0,39.0,-33.01039
36.0,0.0,40.0,-33.66188
0.0,36.0,40.0,-33.66188
36.0,0.0,41.0,-32.17034
0.0,36.0,41.0,-32.17034
36.0,0.0,42.0,-3.8338552
0.0,36.0,42.0,-3.8338552
36.0,0.0,43.0,-7.3227453
0.0,36.0,43.0,-7.3227453
36.0,0.0,44.0,-12.721495
0.0,36.0,44.0,-12.721495
36.0,0.0,45.0,-16.555956
0.0,36.0,45.0,-16.555956
36.0,0.0,46.0,-31.952034
0.0,36.0,46.0,-31.952034
36.0,0.0,47.0,-44.09793
0.0,36.0,47.0,-44.09793
36.0,0.0,48.0,-45.331345
0.0,36.0,48.0,-45.331345
36.0,0.0,49.0,-31.815363
0.0,36.0,49.0,-31.815363
36.0,0.0,50.0,-21.322523
0.0,36.0,50.0,-21.322523
36.0,0.0,51.0,-6.995458
0.0,36.0,51.0,-6.995458
36.0,0.0,52.0,-29.008389
0.0,36.0,52.0,-29.008389
36.0,0.0,53.0,-21.167774
0.0,36.0,53.0,-21.167774
36.0,0.0,54.0,-34.892967
0.0,36.0,54.0,-34.892967
36.0,0.0,55.0,-13.3486395
0.0,36.0,55.0,-13.3486395
36.0,0.0,56.0,-23.544098
0.0,36.0,56.0,-23.544098
36.0,0.0,57.0,-19.155945
0.0,36.0,57.0,-19.155945
36.0,0.0,58.0,-59.466507
0.0,36.0,58.0,-59.466507
36.0,0.0,59.0,-43.36614
0.0,36.0,59.0,-43.36614
36.0,0.0,60.0,-5.5414677
0.0,36.0,60.0,-5.5414677
36.0,0.0,61.0,-37.344788
0.0,36.0,61.0,-37.344788
36.0,0.0,62.0,-16.167353
0.0,36.0,62.0,-16.167353
36.0,0.0,63.0,-0.48567438
0.0,36.0,63.0,-0.48567438
36.0,0.0,64.0,-5.21087
0.0,36.0,64.0,-5.21087
36.0,0.0,65.0,-5.7127967
0.0,36.0,65.0,-5.7127967
36.0,0.0,66.0,-30.41987
0.0,36.0,66.0,-30.41987
36.0,0.0,67.0,-19.723448
0.0,36.0,67.0,-19.723448
36.0,0.0,68.0,-28.2178
0.0,36.0,68.0,-28.2178
36.0,0.0,69.0,-14.558314
0.0,36.0,69.0,-14.558314
36.0,1.0,38.0,6.791935
1.0,36.0,38.0,6.791935
36.0,1.0,39.0,1.4218371
1.0,36.0,39.0,1.4218371
36.0,1.0,40.0,-5.492115
1.0,36.0,40.0,-5.492115
36.0,1.0,41.0,-13.286901
1.0,36.0,41.0,-13.286901
36.0,1.0,42.0,3.4786952
1.0,36.0,42.0,3.4786952
36.0,1.0,43.0,-10.069642
1.0,36.0,43.0,-10.069642
36.0,1.0,44.0,21.077335
1.0,36.0,44.0,21.077335
36.0,1.0,45.0,2.7153165
1.0,36.0,45.0,2.7153165
36.0,1.0,46.0,11.826191
1.0,36.0,46.0,11.826191
36.0,1.0,47.0,-6.5383444
1.0,36.0,47.0,-6.5383444
36.0,1.0,48.0,-4.077703
1.0,36.0,48.0,-4.077703
36.0,1.0,49.0,-0.7150243
1.0,36.0,49.0,-0.7150243
36.0,1.0,50.0,0.11788902
1.0,36.0,50.0,0.11788902
36.0,1.0,51.0,-16.173302
1.0,36.0,51.0,-16.173302
36.0,1.0,52.0,11.355769
1.0,36.0,52.0,11.355769
36.0,1.0,53.0,-23.03505
1.0,36.0,53.0,-23.03505
36.0,1.0,54.0,-20.932632
1.0,36.0,54.0,-20.932632
36.0,1.0,55.0,9.779676
1.0,36.0,55.0,9.779676
36.0,1.0,56.0,22.203087
1.0,36.0,56.0,22.203087
36.0,1.0,57.0,-16.283232
1.0,36.0,57.0,-16.283232
36.0,1.0,58.0,-0.42179194
1.0,36.0,58.0,-0.42179194
36.0,1.0,59.0,-2.2385519
1.0,36.0,59.0,-2.2385519
36.0,1.0,60.0,8.375034
1.0,36.0,60.0,8.375034
36.0,1.0,61.0,-6.459397
1.0,36.0,61.0,-6.459397
36.0,1.0,62.0,-19.452435
1.0,36.0,62.0,-19.452435
36.0,1.0,63.0,-11.096687
1.0,36.0,63.0,-11.096687
36.0,1.0,64.0,25.801825
1.0,36.0,64.0,25.801825
36.0,1.0,65.0,20.371523
1.0,36.0,65.0,20.371523
36.0,1.0,66.0,-2.7023294
1.0,36.0,66.0,-2.7023294
36.0,1.0,67.0,-23.228527
1.0,36.0,67.0,-23.228527
36.0,1.0,68.0,16.563108
1.0,36.0,68.0,16.563108
36.0,1.0,69.0,-10.554496
1.0,36.0,69.0,-10.554496
36.0,2.0,38.0,15.836627
2.0,36.0,38.0,15.836627
36.0,2.0,39.0,14.783236
2.0,36.0,39.0,14.783236
36.0,2.0,40.0,33.637722
2.0,36.0,40.0,33.637722
36.0,2.0,41.0,12.29336
2.0,36.0,41.0,12.29336
36.0,2.0,42.0,25.968214
2.0,36.0,42.0,25.968214
36.0,2.0,43.0,13.943611
2.0,36.0,43.0,13.943611
36.0,2.0,44.0,54.797836
2.0,36.0,44.0,54.797836
36.0,2.0,45.0,22.013416
2.0,36.0,45.0,22.013416
36.0,2.0,46.0,37.597515
2.0,36.0,46.0,37.597515
36.0,2.0,47.0,12.4623165
2.0,36.0,47.0,12.4623165
36.0,2.0,48.0,11.929272
2.0,36.0,48.0,11.929272
36.0,2.0,49.0,21.062786
2.0,36.0,49.0,21.062786
36.0,2.0,50.0,15.66185
2.0,36.0,50.0,15.66185
36.0,2.0,51.0,-15.404339
2.0,36.0,51.0,-15.404339
36.0,2.0,52.0,22.783285
2.0,36.0,52.0,22.783285
36.0,2.0,53.0,-21.717348
2.0,36.0,53.0,-21.717348
36.0,2.0,54.0,-2.3786676
2.0,36.0,54.0,-2.3786676
36.0,2.0,55.0,14.099535
2.0,36.0,55.0,14.099535
36.0,2.0,56.0,23.944162
2.0,36.0,56.0,23.944162
36.0,2.0,57.0,22.687073
2.0,36.0,57.0,22.687073
36.0,2.0,58.0,11.41488
2.0,36.0,58.0,11.41488
36.0,2.0,59.0,3.6051795
2.0,36.0,59.0,3.6051795
36.0,2.0,60.0,25.657862
2.0,36.0,60.0,25.657862
36.0,2.0,61.0,3.1927953
2.0,36.0,61.0,3.1927953
36.0,2.0,62.0,19.434008
2.0,36.0,62.0,19.434008
36.0,2.0,63.0,17.406166
2.0,36.0,63.0,17.406166
36.0,2.0,64.0,27.839457
2.0,36.0,64.0,27.839457
36.0,2.0,65.0,48.62428
2.0,36.0,65.0,48.62428
36.0,2.0,66.0,25.064991
2.0,36.0,66.0,25.064991
36.0,2.0,67.0,54.504253
2.0,36.0,67.0,54.504253
36.0,2.0,68.0,23.35085
2.0,36.0,68.0,23.35085
36.0,2.0,69.0,19.259464
2.0,36.0,69.0,19.259464
36.0,3.0,38.0,-10.554192
3.0,36.0,38.0,-10.554192
36.0,3.0,39.0,-37.133347
3.0,36.0,39.0,-37.133347
36.0,3.0,40.0,-10.8968315
3.0,36.0,40.0,-10.8968315
36.0,3.0,41.0,-12.911505
3.0,36.0,41.0,-12.911505
36.0,3.0,42.0,-8.994673
3.0,36.0,42.0,-8.994673
36.0,3.0,43.0,-28.556736
3.0,36.0,43.0,-28.556736
36.0,3.0,44.0,16.970428
3.0,36.0,44.0,16.970428
36.0,3.0,45.0,-13.982223
3.0,36.0,45.0,-13.982223
36.0,3.0,46.0,-17.859577
3.0,36.0,46.0,-17.859577
36.0,3.0,47.0,-27.192404
3.0,36.0,47.0,-27.192404
36.0,3.0,48.0,-199.25797
3.0,36.0,48.0,-199.25797
36.0,3.0,49.0,4.5119796
3.0,36.0,49.0,4.5119796
36.0,3.0,50.0,-11.253328
3.0,36.0,50.0,-11.253328
36.0,3.0,51.0,-24.782738
3.0,36.0,51.0,-24.782738
36.0,3.0,52.0,-40.096233
3.0,36.0,52.0,-40.096233
36.0,3.0,53.0,-38.16215
3.0,36.0,53.0,-38.16215
36.0,3.0,54.0,-30.330706
3.0,36.0,54.0,-30.330706
36.0,3.0,55.0,-35.640427
3.0,36.0,55.0,-35.640427
36.0,3.0,56.0,7.4013224
3.0,36.0,56.0,7.4013224
36.0,3.0,57.0,-17.530336
3.0,36.0,57.0,-17.530336
36.0,3.0,58.0,-20.316374
3.0,36.0,58.0,-20.316374
36.0,3.0,59.0,-30.214798
3.0,36.0,59.0,-30.214798
36.0,3.0,60.0,-10.568214
3.0,36.0,60.0,-10.568214
36.0,3.0,61.0,-21.525988
3.0,36.0,61.0,-21.525988
36.0,3.0,62.0,-15.899767
3.0,36.0,62.0,-15.899767
36.0,3.0,63.0,-34.12471
3.0,36.0,63.0,-34.12471
36.0,3.0,64.0,-1.7328849
3.0,36.0,64.0,-1.7328849
36.0,3.0,65.0,15.126918
3.0,36.0,65.0,15.126918
36.0,3.0,66.0,-9.301709
3.0,36.0,66.0,-9.301709
36.0,3.0,67.0,-32.241837
3.0,36.0,67.0,-32.241837
36.0,3.0,68.0,-29.450415
3.0,36.0,68.0,-29.450415
36.0,3.0,69.0,-14.051613
3.0,36.0,69.0,-14.051613
36.0,4.0,38.0,41.66508
4.0,36.0,38.0,41.66508
36.0,4.0,39.0,39.185364
4.0,36.0,39.0,39.185364
36.0,4.0,40.0,-6.2272973
4.0,36.0,40.0,-6.2272973
36.0,4.0,41.0,15.637836
4.0,36.0,41.0,15.637836
36.0,4.0,42.0,-12.056153
4.0,36.0,42.0,-12.056153
36.0,4.0,43.0,27.443918
4.0,36.0,43.0,27.443918
36.0,4.0,44.0,11.184162
4.0,36.0,44.0,11.184162
36.0,4.0,45.0,-44.903572
4.0,36.0,45.0,-44.903572
36.0,4.0,46.0,-39.597134
4.0,36.0,46.0,-39.597134
36.0,4.0,47.0,-10.93278
4.0,36.0,47.0,-10.93278
36.0,4.0,48.0,-32.690308
4.0,36.0,48.0,-32.690308
36.0,4.0,49.0,42.18424
4.0,36.0,49.0,42.18424
36.0,4.0,50.0,-3.3498194
4.0,36.0,50.0,-3.3498194
36.0,4.0,51.0,93.432556
4.0,36.0,51.0,93.432556
36.0,4.0,52.0,33.55402
4.0,36.0,52.0,33.55402
36.0,4.0,53.0,-99.66705
4.0,36.0,53.0,-99.66705
36.0,4.0,54.0,-6.921767
4.0,36.0,54.0,-6.921767
36.0,4.0,55.0,39.41311
4.0,36.0,55.0,39.41311
36.0,4.0,56.0,1.1115915
4.0,36.0,56.0,1.1115915
36.0,4.0,57.0,-0.43425354
4.0,36.0,57.0,-0.43425354
36.0,4.0,58.0,49.17769
4.0,36.0,58.0,49.17769
36.0,4.0,59.0,7.657799
4.0,36.0,59.0,7.657799
36.0,4.0,60.0,-4.5582724
4.0,36.0,60.0,-4.5582724
36.0,4.0,61.0,8.222084
4.0,36.0,61.0,8.222084
36.0,4.0,62.0,-34.93814
4.0,36.0,62.0,-34.93814
36.0,4.0,63.0,-9.658092
4.0,36.0,63.0,-9.658092
36.0,4.0,64.0,9.262139
4.0,36.0,64.0,9.262139
36.0,4.0,65.0,22.378403
4.0,36.0,65.0,22.378403
36.0,4.0,66.0,20.638834
4.0,36.0,66.0,20.638834
36.0,4.0,67.0,-40.10616
4.0,36.0,67.0,-40.10616
36.0,4.0,68.0,0.44270825
4.0,36.0,68.0,0.44270825
36.0,4.0,69.0,10.672494
4.0,36.0,69.0,10.672494
36.0,5.0,38.0,-17.082453
5.0,36.0,38.0,-17.082453
36.0,5.0,39.0,-20.213194
5.0,36.0,39.0,-20.213194
36.0,5.0,40.0,-3.7906687
5.0,36.0,40.0,-3.7906687
36.0,5.0,41.0,-16.628754
5.0,36.0,41.0,-16.628754
36.0,5.0,42.0,0.73078126
5.0,36.0,42.0,0.73078126
36.0,5.0,43.0,-8.267184
5.0,36.0,43.0,-8.267184
36.0,5.0,44.0,11.801261
5.0,36.0,44.0,11.801261
36.0,5.0,45.0,-27.320152
5.0,36.0,45.0,-27.320152
36.0,5.0,46.0,-13.641746
5.0,36.0,46.0,-13.641746
36.0,5.0,47.0,-23.808914
5.0,36.0,47.0,-23.808914
36.0,5.0,48.0,5.4849014
5.0,36.0,48.0,5.4849014
36.0,5.0,49.0,-20.29284
5.0,36.0,49.0,-20.29284
36.0,5.0,50.0,-21.74416
5.0,36.0,50.0,-21.74416
36.0,5.0,51.0,-13.028532
5.0,36.0,51.0,-13.028532
36.0,5.0,52.0,-21.200392
5.0,36.0,52.0,-21.200392
36.0,5.0,53.0,-37.84606
5.0,36.0,53.0,-37.84606
36.0,5.0,54.0,-31.19458
5.0,36.0,54.0,-31.19458
36.0,5.0,55.0,-31.630867
5.0,36.0,55.0,-31.630867
36.0,5.0,56.0,-8.470904
5.0,36.0,56.0,-8.470904
36.0,5.0,57.0,-26.259647
5.0,36.0,57.0,-26.259647
36.0,5.0,58.0,-18.55567
5.0,36.0,58.0,-18.55567
36.0,5.0,59.0,-26.785412
5.0,36.0,59.0,-26.785412
36.0,5.0,60.0,-0.017717894
5.0,36.0,60.0,-0.017717894
36.0,5.0,61.0,-11.129077
5.0,36.0,61.0,-11.129077
36.0,5.0,62.0,-9.587567
5.0,36.0,62.0,-9.587567
36.0,5.0,63.0,-27.53006
5.0,36.0,63.0,-27.53006
36.0,5.0,64.0,-21.124197
5.0,36.0,64.0,-21.124197
36.0,5.0,65.0,12.692248
5.0,36.0,65.0,12.692248
36.0,5.0,66.0,-19.218348
5.0,36.0,66.0,-19.218348
36.0,5.0,67.0,-59.974655
5.0,36.0,67.0,-59.974655
36.0,5.0,68.0,-2.471798
5.0,36.0,68.0,-2.471798
36.0,5.0,69.0,-16.980162
5.0,36.0,69.0,-16.980162
36.0,6.0,38.0,85.57939
6.0,36.0,38.0,85.57939
36.0,6.0,39.0,9.926649
6.0,36.0,39.0,9.926649
36.0,6.0,40.0,45.221577
6.0,36.0,40.0,45.221577
36.0,6.0,41.0,26.870592
6.0,36.0,41.0,26.870592
36.0,6.0,42.0,15.191695
6.0,36.0,42.0,15.191695
36.0,6.0,43.0,44.585476
6.0,36.0,43.0,44.585476
36.0,6.0,44.0,58.79505
6.0,36.0,44.0,58.79505
36.0,6.0,45.0,71.50881
6.0,36.0,45.0,71.50881
36.0,6.0,46.0,33.698833
6.0,36.0,46.0,33.698833
36.0,6.0,47.0,49.688477
6.0,36.0,47.0,49.688477
36.0,6.0,48.0,17.048325
6.0,36.0,48.0,17.048325
36.0,6.0,49.0,42.35797
6.0,36.0,49.0,42.35797
36.0,6.0,50.0,15.691974
6.0,36.0,50.0,15.691974
36.0,6.0,51.0,19.187908
6.0,36.0,51.0,19.187908
36.0,6.0,52.0,9.610372
6.0,36.0,52.0,9.610372
36.0,6.0,53.0,39.339756
6.0,36.0,53.0,39.339756
36.0,6.0,54.0,14.0236435
6.0,36.0,54.0,14.0236435
36.0,6.0,55.0,39.943462
6.0,36.0,55.0,39.943462
36.0,6.0,56.0,83.1952
6.0,36.0,56.0,83.1952
36.0,6.0,57.0,19.705982
6.0,36.0,57.0,19.705982
36.0,6.0,58.0,16.383518
6.0,36.0,58.0,16.383518
36.0,6.0,59.0,10.7037
6.0,36.0,59.0,10.7037
36.0,6.0,60.0,64.8523
6.0,36.0,60.0,64.8523
36.0,6.0,61.0,19.394659
6.0,36.0,61.0,19.394659
36.0,6.0,62.0,43.333103
6.0,36.0,62.0,43.333103
36.0,6.0,63.0,28.624706
6.0,36.0,63.0,28.624706
36.0,6.0,64.0,41.01111
6.0,36.0,64.0,41.01111
36.0,6.0,65.0,59.562065
6.0,36.0,65.0,59.562065
36.0,6.0,66.0,54.256886
6.0,36.0,66.0,54.256886
36.0,6.0,67.0,-14.052616
6.0,36.0,67.0,-14.052616
36.0,6.0,68.0,32.314827
6.0,36.0,68.0,32.314827
36.0,6.0,69.0,114.64573
6.0,36.0,69.0,114.64573
36.0,7.0,38.0,-12.872294
7.0,36.0,38.0,-12.872294
36.0,7.0,39.0,-18.223991
7.0,36.0,39.0,-18.223991
36.0,7.0,40.0,14.629977
7.0,36.0,40.0,14.629977
36.0,7.0,41.0,-12.007389
7.0,36.0,41.0,-12.007389
36.0,7.0,42.0,-4.5528717
7.0,36.0,42.0,-4.5528717
36.0,7.0,43.0,-31.9717
7.0,36.0,43.0,-31.9717
36.0,7.0,44.0,0.4197675
7.0,36.0,44.0,0.4197675
36.0,7.0,45.0,-16.399057
7.0,36.0,45.0,-16.399057
36.0,7.0,46.0,-17.924284
7.0,36.0,46.0,-17.924284
36.0,7.0,47.0,-35.705276
7.0,36.0,47.0,-35.705276
36.0,7.0,48.0,-148.24158
7.0,36.0,48.0,-148.24158
36.0,7.0,49.0,-28.624315
7.0,36.0,49.0,-28.624315
36.0,7.0,50.0,-3.6730092
7.0,36.0,50.0,-3.6730092
36.0,7.0,51.0,-57.272053
7.0,36.0,51.0,-57.272053
36.0,7.0,52.0,-26.433182
7.0,36.0,52.0,-26.433182
36.0,7.0,53.0,-41.986595
7.0,36.0,53.0,-41.986595
36.0,7.0,54.0,-24.910582
7.0,36.0,54.0,-24.910582
36.0,7.0,55.0,-21.147146
7.0,36.0,55.0,-21.147146
36.0,7.0,56.0,-9.132808
7.0,36.0,56.0,-9.132808
36.0,7.0,57.0,-24.726803
7.0,36.0,57.0,-24.726803
36.0,7.0,58.0,-32.52503
7.0,36.0,58.0,-32.52503
36.0,7.0,59.0,-22.262648
7.0,36.0,59.0,-22.262648
36.0,7.0,60.0,-7.0019555
7.0,36.0,60.0,-7.0019555
36.0,7.0,61.0,-11.90253
7.0,36.0,61.0,-11.90253
36.0,7.0,62.0,-18.156002
7.0,36.0,62.0,-18.156002
36.0,7.0,63.0,-23.275
7.0,36.0,63.0,-23.275
36.0,7.0,64.0,-8.065646
7.0,36.0,64.0,-8.065646
36.0,7.0,65.0,-3.809025
7.0,36.0,65.0,-3.809025
36.0,7.0,66.0,-30.91373
7.0,36.0,66.0,-30.91373
36.0,7.0,67.0,-16.304098
7.0,36.0,67.0,-16.304098
36.0,7.0,68.0,-77.82986
7.0,36.0,68.0,-77.82986
36.0,7.0,69.0,-5.9761033
7.0,36.0,69.0,-5.9761033
36.0,8.0,38.0,82.516655
8.0,36.0,38.0,82.516655
36.0,8.0,39.0,9.855808
8.0,36.0,39.0,9.855808
36.0,8.0,40.0,34.228992
8.0,36.0,40.0,34.228992
36.0,8.0,41.0,46.067665
8.0,36.0,41.0,46.067665
36.0,8.0,42.0,15.360338
8.0,36.0,42.0,15.360338
36.0,8.0,43.0,31.141426
8.0,36.0,43.0,31.141426
36.0,8.0,44.0,42.756397
8.0,36.0,44.0,42.756397
36.0,8.0,45.0,29.992723
8.0,36.0,45.0,29.992723
36.0,8.0,46.0,28.357273
8.0,36.0,46.0,28.357273
36.0,8.0,47.0,29.801023
8.0,36.0,47.0,29.801023
36.0,8.0,48.0,-85.75874
8.0,36.0,48.0,-85.75874
36.0,8.0,49.0,13.084062
8.0,36.0,49.0,13.084062
36.0,8.0,50.0,23.10617
8.0,36.0,50.0,23.10617
36.0,8.0,51.0,-5.8101835
8.0,36.0,51.0,-5.8101835
36.0,8.0,52.0,30.842184
8.0,36.0,52.0,30.842184
36.0,8.0,53.0,14.736003
8.0,36.0,53.0,14.736003
36.0,8.0,54.0,22.605354
8.0,36.0,54.0,22.605354
36.0,8.0,55.0,15.54152
8.0,36.0,55.0,15.54152
36.0,8.0,56.0,53.37446
8.0,36.0,56.0,53.37446
36.0,8.0,57.0,37.346725
8.0,36.0,57.0,37.346725
36.0,8.0,58.0,15.436899
8.0,36.0,58.0,15.436899
36.0,8.0,59.0,18.761642
8.0,36.0,59.0,18.761642
36.0,8.0,60.0,42.866993
8.0,36.0,60.0,42.866993
36.0,8.0,61.0,22.574682
8.0,36.0,61.0,22.574682
36.0,8.0,62.0,20.98314
8.0,36.0,62.0,20.98314
36.0,8.0,63.0,23.199158
8.0,36.0,63.0,23.199158
36.0,8.0,64.0,33.795193
8.0,36.0,64.0,33.795193
36.0,8.0,65.0,54.055832
8.0,36.0,65.0,54.055832
36.0,8.0,66.0,44.26822
8.0,36.0,66.0,44.26822
36.0,8.0,67.0,20.39818
8.0,36.0,67.0,20.39818
36.0,8.0,68.0,21.252945
8.0,36.0,68.0,21.252945
36.0,8.0,69.0,53.110943
8.0,36.0,69.0,53.110943
36.0,9.0,38.0,28.722046
9.0,36.0,38.0,28.722046
36.0,9.0,39.0,-5.0611444
9.0,36.0,39.0,-5.0611444
36.0,9.0,40.0,22.836586
9.0,36.0,40.0,22.836586
36.0,9.0,41.0,-34.893738
9.0,36.0,41.0,-34.893738
36.0,9.0,42.0,6.4182057
9.0,36.0,42.0,6.4182057
36.0,9.0,43.0,2.8296444
9.0,36.0,43.0,2.8296444
36.0,9.0,44.0,18.92139
9.0,36.0,44.0,18.92139
36.0,9.0,45.0,4.381359
9.0,36.0,45.0,4.381359
36.0,9.0,46.0,6.7241435
9.0,36.0,46.0,6.7241435
36.0,9.0,47.0,-10.921199
9.0,36.0,47.0,-10.921199
36.0,9.0,48.0,-29.051163
9.0,36.0,48.0,-29.051163
36.0,9.0,49.0,33.089855
9.0,36.0,49.0,33.089855
36.0,9.0,50.0,-15.418132
9.0,36.0,50.0,-15.418132
36.0,9.0,51.0,6.379169
9.0,36.0,51.0,6.379169
36.0,9.0,52.0,-7.894081
9.0,36.0,52.0,-7.894081
36.0,9.0,53.0,-24.98688
9.0,36.0,53.0,-24.98688
36.0,9.0,54.0,-10.54281
9.0,36.0,54.0,-10.54281
36.0,9.0,55.0,-2.5797257
9.0,36.0,55.0,-2.5797257
36.0,9.0,56.0,-3.6222441
9.0,36.0,56.0,-3.6222441
36.0,9.0,57.0,-18.182394
9.0,36.0,57.0,-18.182394
36.0,9.0,58.0,-5.8917136
9.0,36.0,58.0,-5.8917136
36.0,9.0,59.0,-3.5130208
9.0,36.0,59.0,-3.5130208
36.0,9.0,60.0,-14.772333
9.0,36.0,60.0,-14.772333
36.0,9.0,61.0,-9.670425
9.0,36.0,61.0,-9.670425
36.0,9.0,62.0,-10.251605
9.0,36.0,62.0,-10.251605
36.0,9.0,63.0,5.4810414
9.0,36.0,63.0,5.4810414
36.0,9.0,64.0,17.309618
9.0,36.0,64.0,17.309618
36.0,9.0,65.0,5.966315
9.0,36.0,65.0,5.966315
36.0,9.0,66.0,33.396393
9.0,36.0,66.0,33.396393
36.0,9.0,67.0,-33.91977
9.0,36.0,67.0,-33.91977
36.0,9.0,68.0,-0.7677466
9.0,36.0,68.0,-0.7677466
36.0,9.0,69.0,15.204862
9.0,36.0,69.0,15.204862
36.0,10.0,38.0,2.4971287
10.0,36.0,38.0,2.4971287
36.0,10.0,39.0,9.761477
10.0,36.0,39.0,9.761477
36.0,10.0,40.0,20.501863
10.0,36.0,40.0,20.501863
36.0,10.0,41.0,-31.094473
10.0,36.0,41.0,-31.094473
36.0,10.0,42.0,3.207681
10.0,36.0,42.0,3.207681
36.0,10.0,43.0,-17.237309
10.0,36.0,43.0,-17.237309
36.0,10.0,44.0,2.6163883
10.0,36.0,44.0,2.6163883
36.0,10.0,45.0,-19.916046
10.0,36.0,45.0,-19.916046
36.0,10.0,46.0,24.677511
10.0,36.0,46.0,24.677511
36.0,10.0,47.0,-4.761722
10.0,36.0,47.0,-4.761722
36.0,10.0,48.0,-8.85363
10.0,36.0,48.0,-8.85363
36.0,10.0,49.0,10.282405
10.0,36.0,49.0,10.282405
36.0,10.0,50.0,-13.8462105
10.0,36.0,50.0,-13.8462105
36.0,10.0,51.0,46.765694
10.0,36.0,51.0,46.765694
36.0,10.0,52.0,6.3773026
10.0,36.0,52.0,6.3773026
36.0,10.0,53.0,-34.797493
10.0,36.0,53.0,-34.797493
36.0,10.0,54.0,-7.1847615
10.0,36.0,54.0,-7.1847615
36.0,10.0,55.0,13.16812
10.0,36.0,55.0,13.16812
36.0,10.0,56.0,-6.88839
10.0,36.0,56.0,-6.88839
36.0,10.0,57.0,3.7431026
10.0,36.0,57.0,3.7431026
36.0,10.0,58.0,-9.713491
10.0,36.0,58.0,-9.713491
36.0,10.0,59.0,-4.3267894
10.0,36.0,59.0,-4.3267894
36.0,10.0,60.0,3.3776228
10.0,36.0,60.0,3.3776228
36.0,10.0,61.0,2.4549074
10.0,36.0,61.0,2.4549074
36.0,10.0,62.0,-5.9176917
10.0,36.0,62.0,-5.9176917
36.0,10.0,63.0,1.3487356
10.0,36.0,63.0,1.3487356
36.0,10.0,64.0,11.344426
10.0,36.0,64.0,11.344426
36.0,10.0,65.0,6.2176023
10.0,36.0,65.0,6.2176023
36.0,10.0,66.0,-7.286617
10.0,36.0,66.0,-7.286617
36.0,10.0,67.0,2.2971003
10.0,36.0,67.0,2.2971003
36.0,10.0,68.0,28.970724
10.0,36.0,68.0,28.970724
36.0,10.0,69.0,-9.689371
10.0,36.0,69.0,-9.689371
36.0,11.0,38.0,-13.387923
11.0,36.0,38.0,-13.387923
36.0,11.0,39.0,-11.401342
11.0,36.0,39.0,-11.401342
36.0,11.0,40.0,-18.963884
11.0,36.0,40.0,-18.963884
36.0,11.0,41.0,-12.063445
11.0,36.0,41.0,-12.063445
36.0,11.0,42.0,11.724103
11.0,36.0,42.0,11.724103
36.0,11.0,43.0,15.530453
11.0,36.0,43.0,15.530453
36.0,11.0,44.0,11.757054
11.0,36.0,44.0,11.757054
36.0,11.0,45.0,-9.14816
11.0,36.0,45.0,-9.14816
36.0,11.0,46.0,-2.4443808
11.0,36.0,46.0,-2.4443808
36.0,11.0,47.0,-10.085074
11.0,36.0,47.0,-10.085074
36.0,11.0,48.0,-46.647194
11.0,36.0,48.0,-46.647194
36.0,11.0,49.0,-2.8830934
11.0,36.0,49.0,-2.8830934
36.0,11.0,50.0,-1.8277236
11.0,36.0,50.0,-1.8277236
36.0,11.0,51.0,0.22874165
11.0,36.0,51.0,0.22874165
36.0,11.0,52.0,7.703187
11.0,36.0,52.0,7.703187
36.0,11.0,53.0,17.938406
11.0,36.0,53.0,17.938406
36.0,11.0,54.0,-26.156347
11.0,36.0,54.0,-26.156347
36.0,11.0,55.0,-18.660227
11.0,36.0,55.0,-18.660227
36.0,11.0,56.0,28.034164
11.0,36.0,56.0,28.034164
36.0,11.0,57.0,-15.820929
11.0,36.0,57.0,-15.820929
36.0,11.0,58.0,-16.87304
11.0,36.0,58.0,-16.87304
36.0,11.0,59.0,-16.343044
11.0,36.0,59.0,-16.343044
36.0,11.0,60.0,0.44281703
11.0,36.0,60.0,0.44281703
36.0,11.0,61.0,-5.581327
11.0,36.0,61.0,-5.581327
36.0,11.0,62.0,-3.448913
11.0,36.0,62.0,-3.448913
36.0,11.0,63.0,-7.512393
11.0,36.0,63.0,-7.512393
36.0,11.0,64.0,21.071442
11.0,36.0,64.0,21.071442
36.0,11.0,65.0,30.931845
11.0,36.0,65.0,30.931845
36.0,11.0,66.0,-21.718008
11.0,36.0,66.0,-21.718008
36.0,11.0,67.0,-48.76345
11.0,36.0,67.0,-48.76345
36.0,11.0,68.0,-1.6253839
11.0,36.0,68.0,-1.6253839
36.0,11.0,69.0,16.417538
11.0,36.0,69.0,16.417538
36.0,12.0,38.0,23.695372
12.0,36.0,38.0,23.695372
36.0,12.0,39.0,5.954612
12.0,36.0,39.0,5.954612
36.0,12.0,40.0,5.9623027
12.0,36.0,40.0,5.9623027
36.0,12.0,41.0,0.01478206
12.0,36.0,41.0,0.01478206
36.0,12.0,42.0,8.504167
12.0,36.0,42.0,8.504167
36.0,12.0,43.0,16.513712
12.0,36.0,43.0,16.513712
36.0,12.0,44.0,18.477402
12.0,36.0,44.0,18.477402
36.0,12.0,45.0,21.843956
12.0,36.0,45.0,21.843956
36.0,12.0,46.0,13.581008
12.0,36.0,46.0,13.581008
36.0,12.0,47.0,41.019073
12.0,36.0,47.0,41.019073
36.0,12.0,48.0,3.1929967
12.0,36.0,48.0,3.1929967
36.0,12.0,49.0,6.481837
12.0,36.0,49.0,6.481837
36.0,12.0,50.0,19.738352
12.0,36.0,50.0,19.738352
36.0,12.0,51.0,29.37038
12.0,36.0,51.0,29.37038
36.0,12.0,52.0,20.873861
12.0,36.0,52.0,20.873861
36.0,12.0,53.0,-7.507888
12.0,36.0,53.0,-7.507888
36.0,12.0,54.0,1.7503335
12.0,36.0,54.0,1.7503335
36.0,12.0,55.0,6.158436
12.0,36.0,55.0,6.158436
36.0,12.0,56.0,23.760715
12.0,36.0,56.0,23.760715
36.0,12.0,57.0,16.38575
12.0,36.0,57.0,16.38575
36.0,12.0,58.0,9.124773
12.0,36.0,58.0,9.124773
36.0,12.0,59.0,-11.768632
12.0,36.0,59.0,-11.768632
36.0,12.0,60.0,41.336197
12.0,36.0,60.0,41.336197
36.0,12.0,61.0,-3.534606
12.0,36.0,61.0,-3.534606
36.0,12.0,62.0,28.609028
12.0,36.0,62.0,28.609028
36.0,12.0,63.0,10.014792
12.0,36.0,63.0,10.014792
36.0,12.0,64.0,25.39738
12.0,36.0,64.0,25.39738
36.0,12.0,65.0,37.52097
12.0,36.0,65.0,37.52097
36.0,12.0,66.0,36.253998
12.0,36.0,66.0,36.253998
36.0,12.0,67.0,9.609145
12.0,36.0,67.0,9.609145
36.0,12.0,68.0,14.77807
12.0,36.0,68.0,14.77807
36.0,12.0,69.0,39.356865
12.0,36.0,69.0,39.356865
36.0,13.0,38.0,50.48579
13.0,36.0,38.0,50.48579
36.0,13.0,39.0,7.8804154
13.0,36.0,39.0,7.8804154
36.0,13.0,40.0,6.253747
13.0,36.0,40.0,6.253747
36.0,13.0,41.0,-5.569242
13.0,36.0,41.0,-5.569242
36.0,13.0,42.0,-1.2748282
13.0,36.0,42.0,-1.2748282
36.0,13.0,43.0,49.929676
13.0,36.0,43.0,49.929676
36.0,13.0,44.0,23.621422
13.0,36.0,44.0,23.621422
36.0,13.0,45.0,-19.226345
13.0,36.0,45.0,-19.226345
36.0,13.0,46.0,23.298594
13.0,36.0,46.0,23.298594
36.0,13.0,47.0,0.3825316
13.0,36.0,47.0,0.3825316
36.0,13.0,48.0,16.574732
13.0,36.0,48.0,16.574732
36.0,13.0,49.0,32.699245
13.0,36.0,49.0,32.699245
36.0,13.0,50.0,-3.4380896
13.0,36.0,50.0,-3.4380896
36.0,13.0,51.0,69.31645
13.0,36.0,51.0,69.31645
36.0,13.0,52.0,13.694326
13.0,36.0,52.0,13.694326
36.0,13.0,53.0,-8.911282
13.0,36.0,53.0,-8.911282
36.0,13.0,54.0,-5.477611
13.0,36.0,54.0,-5.477611
36.0,13.0,55.0,-2.809992
13.0,36.0,55.0,-2.809992
36.0,13.0,56.0,24.1476
13.0,36.0,56.0,24.1476
36.0,13.0,57.0,17.83988
13.0,36.0,57.0,17.83988
36.0,13.0,58.0,1.2446246
13.0,36.0,58.0,1.2446246
36.0,13.0,59.0,-6.4283223
13.0,36.0,59.0,-6.4283223
36.0,13.0,60.0,16.906984
13.0,36.0,60.0,16.906984
36.0,13.0,61.0,20.07
13.0,36.0,61.0,20.07
36.0,13.0,62.0,30.079807
13.0,36.0,62.0,30.079807
36.0,13.0,63.0,20.111975
13.0,36.0,63.0,20.111975
36.0,13.0,64.0,40.58722
13.0,36.0,64.0,40.58722
36.0,13.0,65.0,22.749525
13.0,36.0,65.0,22.749525
36.0,13.0,66.0,2.2877853
13.0,36.0,66.0,2.2877853
36.0,13.0,67.0,32.45523
13.0,36.0,67.0,32.45523
36.0,13.0,68.0,29.642292
13.0,36.0,68.0,29.642292
36.0,13.0,69.0,31.854897
13.0,36.0,69.0,31.854897
36.0,14.0,38.0,13.54954
14.0,36.0,38.0,13.54954
36.0,14.0,39.0,-13.298204
14.0,36.0,39.0,-13.298204
36.0,14.0,40.0,10.89782
14.0,36.0,40.0,10.89782
36.0,14.0,41.0,-22.150269
14.0,36.0,41.0,-22.150269
36.0,14.0,42.0,3.503386
14.0,36.0,42.0,3.503386
36.0,14.0,43.0,3.125669
14.0,36.0,43.0,3.125669
36.0,14.0,44.0,22.816044
14.0,36.0,44.0,22.816044
36.0,14.0,45.0,-9.519189
14.0,36.0,45.0,-9.519189
36.0,14.0,46.0,7.857835
14.0,36.0,46.0,7.857835
36.0,14.0,47.0,-18.850237
14.0,36.0,47.0,-18.850237
36.0,14.0,48.0,11.282811
14.0,36.0,48.0,11.282811
36.0,14.0,49.0,4.629558
14.0,36.0,49.0,4.629558
36.0,14.0,50.0,-11.278025
14.0,36.0,50.0,-11.278025
36.0,14.0,51.0,-6.709151
14.0,36.0,51.0,-6.709151
36.0,14.0,52.0,15.14628
14.0,36.0,52.0,15.14628
36.0,14.0,53.0,-48.001945
14.0,36.0,53.0,-48.001945
36.0,14.0,54.0,-21.191267
14.0,36.0,54.0,-21.191267
36.0,14.0,55.0,-7.3347964
14.0,36.0,55.0,-7.3347964
36.0,14.0,56.0,25.82862
14.0,36.0,56.0,25.82862
36.0,14.0,57.0,-10.434519
14.0,36.0,57.0,-10.434519
36.0,14.0,58.0,-24.770815
14.0,36.0,58.0,-24.770815
36.0,14.0,59.0,-26.01033
14.0,36.0,59.0,-26.01033
36.0,14.0,60.0,7.551551
14.0,36.0,60.0,7.551551
36.0,14.0,61.0,-28.904264
14.0,36.0,61.0,-28.904264
36.0,14.0,62.0,-0.5200005
14.0,36.0,62.0,-0.5200005
36.0,14.0,63.0,-23.380644
14.0,36.0,63.0,-23.380644
36.0,14.0,64.0,7.724261
14.0,36.0,64.0,7.724261
36.0,14.0,65.0,3.9928405
14.0,36.0,65.0,3.9928405
36.0,14.0,66.0,-30.771818
14.0,36.0,66.0,-30.771818
36.0,14.0,67.0,-91.152145
14.0,36.0,67.0,-91.152145
36.0,14.0,68.0,0.000183677
14.0,36.0,68.0,0.000183677
36.0,14.0,69.0,7.35895
14.0,36.0,69.0,7.35895
36.0,15.0,38.0,14.1881075
15.0,36.0,38.0,14.1881075
36.0,15.0,39.0,10.867871
15.0,36.0,39.0,10.867871
36.0,15.0,40.0,-1.731967
15.0,36.0,40.0,-1.731967
36.0,15.0,41.0,3.8901973
15.0,36.0,41.0,3.8901973
36.0,15.0,42.0,8.3243265
15.0,36.0,42.0,8.3243265
36.0,15.0,43.0,-0.8420351
15.0,36.0,43.0,-0.8420351
36.0,15.0,44.0,33.911106
15.0,36.0,44.0,33.911106
36.0,15.0,45.0,-0.5355723
15.0,36.0,45.0,-0.5355723
36.0,15.0,46.0,24.457584
15.0,36.0,46.0,24.457584
36.0,15.0,47.0,-25.204533
15.0,36.0,47.0,-25.204533
36.0,15.0,48.0,12.746597
15.0,36.0,48.0,12.746597
36.0,15.0,49.0,8.306246
15.0,36.0,49.0,8.306246
36.0,15.0,50.0,-7.5709605
15.0,36.0,50.0,-7.5709605
36.0,15.0,51.0,-1.0595934
15.0,36.0,51.0,-1.0595934
36.0,15.0,52.0,5.850654
15.0,36.0,52.0,5.850654
36.0,15.0,53.0,-30.451035
15.0,36.0,53.0,-30.451035
36.0,15.0,54.0,-7.6296396
15.0,36.0,54.0,-7.6296396
36.0,15.0,55.0,-1.7615663
15.0,36.0,55.0,-1.7615663
36.0,15.0,56.0,9.515528
15.0,36.0,56.0,9.515528
36.0,15.0,57.0,-0.9907712
15.0,36.0,57.0,-0.9907712
36.0,15.0,58.0,-0.17213929
15.0,36.0,58.0,-0.17213929
36.0,15.0,59.0,0.11721094
15.0,36.0,59.0,0.11721094
36.0,15.0,60.0,29.232763
15.0,36.0,60.0,29.232763
36.0,15.0,61.0,-9.156637
15.0,36.0,61.0,-9.156637
36.0,15.0,62.0,-1.9239519
15.0,36.0,62.0,-1.9239519
36.0,15.0,63.0,-13.064566
15.0,36.0,63.0,-13.064566
36.0,15.0,64.0,10.530923
15.0,36.0,64.0,10.530923
36.0,15.0,65.0,21.10617
15.0,36.0,65.0,21.10617
36.0,15.0,66.0,-4.379804
15.0,36.0,66.0,-4.379804
36.0,15.0,67.0,28.222599
15.0,36.0,67.0,28.222599
36.0,15.0,68.0,0.86052877
15.0,36.0,68.0,0.86052877
36.0,15.0,69.0,6.1426306
15.0,36.0,69.0,6.1426306
36.0,16.0,38.0,25.434492
16.0,36.0,38.0,25.434492
36.0,16.0,39.0,-1.0058666
16.0,36.0,39.0,-1.0058666
36.0,16.0,40.0,15.4784975
16.0,36.0,40.0,15.4784975
36.0,16.0,41.0,10.953994
16.0,36.0,41.0,10.953994
36.0,16.0,42.0,6.929701
16.0,36.0,42.0,6.929701
36.0,16.0,43.0,20.634552
16.0,36.0,43.0,20.634552
36.0,16.0,44.0,34.59434
16.0,36.0,44.0,34.59434
36.0,16.0,45.0,22.700045
16.0,36.0,45.0,22.700045
36.0,16.0,46.0,17.872192
16.0,36.0,46.0,17.872192
36.0,16.0,47.0,-2.261655
16.0,36.0,47.0,-2.261655
36.0,16.0,48.0,-1.7630792
16.0,36.0,48.0,-1.7630792
36.0,16.0,49.0,0.9558723
16.0,36.0,49.0,0.9558723
36.0,16.0,50.0,-6.9375596
16.0,36.0,50.0,-6.9375596
36.0,16.0,51.0,-12.615436
16.0,36.0,51.0,-12.615436
36.0,16.0,52.0,11.113851
16.0,36.0,52.0,11.113851
36.0,16.0,53.0,0.267567
16.0,36.0,53.0,0.267567
36.0,16.0,54.0,1.1416885
16.0,36.0,54.0,1.1416885
36.0,16.0,55.0,4.0679893
16.0,36.0,55.0,4.0679893
36.0,16.0,56.0,11.625511
16.0,36.0,56.0,11.625511
36.0,16.0,57.0,4.8641934
16.0,36.0,57.0,4.8641934
36.0,16.0,58.0,-8.643397
16.0,36.0,58.0,-8.643397
36.0,16.0,59.0,2.1032674
16.0,36.0,59.0,2.1032674
36.0,16.0,60.0,29.177944
16.0,36.0,60.0,29.177944
36.0,16.0,61.0,-5.6528354
16.0,36.0,61.0,-5.6528354
36.0,16.0,62.0,11.952741
16.0,36.0,62.0,11.952741
36.0,16.0,63.0,18.110504
16.0,36.0,63.0,18.110504
36.0,16.0,64.0,25.082273
16.0,36.0,64.0,25.082273
36.0,16.0,65.0,35.172485
16.0,36.0,65.0,35.172485
36.0,16.0,66.0,9.27767
16.0,36.0,66.0,9.27767
36.0,16.0,67.0,-8.890072
16.0,36.0,67.0,-8.890072
36.0,16.0,68.0,7.6852655
16.0,36.0,68.0,7.6852655
36.0,16.0,69.0,39.73515
16.0,36.0,69.0,39.73515
36.0,17.0,38.0,1.6916456
17.0,36.0,38.0,1.6916456
36.0,17.0,39.0,-3.6963623
17.0,36.0,39.0,-3.6963623
36.0,17.0,40.0,1.1331449
17.0,36.0,40.0,1.1331449
36.0,17.0,41.0,4.1168847
17.0,36.0,41.0,4.1168847
36.0,17.0,42.0,17.96368
17.0,36.0,42.0,17.96368
36.0,17.0,43.0,7.585884
17.0,36.0,43.0,7.585884
36.0,17.0,44.0,16.658844
17.0,36.0,44.0,16.658844
36.0,17.0,45.0,5.823105
17.0,36.0,45.0,5.823105
36.0,17.0,46.0,7.0097575
17.0,36.0,46.0,7.0097575
36.0,17.0,47.0,-11.5241165
17.0,36.0,47.0,-11.5241165
36.0,17.0,48.0,-19.484867
17.0,36.0,48.0,-19.484867
36.0,17.0,49.0,-0.27080572
17.0,36.0,49.0,-0.27080572
36.0,17.0,50.0,-5.8856344
17.0,36.0,50.0,-5.8856344
36.0,17.0,51.0,-12.158527
17.0,36.0,51.0,-12.158527
36.0,17.0,52.0,7.6119466
17.0,36.0,52.0,7.6119466
36.0,17.0,53.0,4.968532
17.0,36.0,53.0,4.968532
36.0,17.0,54.0,-18.863161
17.0,36.0,54.0,-18.863161
36.0,17.0,55.0,-0.010526166
17.0,36.0,55.0,-0.010526166
36.0,17.0,56.0,4.62319
17.0,36.0,56.0,4.62319
36.0,17.0,57.0,0.049221344
17.0,36.0,57.0,0.049221344
36.0,17.0,58.0,-0.84333605
17.0,36.0,58.0,-0.84333605
36.0,17.0,59.0,-9.906029
17.0,36.0,59.0,-9.906029
36.0,17.0,60.0,-3.0015693
17.0,36.0,60.0,-3.0015693
36.0,17.0,61.0,-18.028835
17.0,36.0,61.0,-18.028835
36.0,17.0,62.0,-10.299526
17.0,36.0,62.0,-10.299526
36.0,17.0,63.0,-9.699263
17.0,36.0,63.0,-9.699263
36.0,17.0,64.0,4.8199997
17.0,36.0,64.0,4.8199997
36.0,17.0,65.0,25.169214
17.0,36.0,65.0,25.169214
36.0,17.0,66.0,-8.047742
17.0,36.0,66.0,-8.047742
36.0,17.0,67.0,-18.935673
17.0,36.0,67.0,-18.935673
36.0,17.0,68.0,6.5892086
17.0,36.0,68.0,6.5892086
36.0,17.0,69.0,6.344014
17.0,36.0,69.0,6.344014
36.0,18.0,38.0,-30.260618
18.0,36.0,38.0,-30.260618
36.0,18.0,39.0,-56.272675
18.0,36.0,39.0,-56.272675
36.0,18.0,40.0,-48.270947
18.0,36.0,40.0,-48.270947
36.0,18.0,41.0,-35.192154
18.0,36.0,41.0,-35.192154
36.0,18.0,42.0,-3.7864187
18.0,36.0,42.0,-3.7864187
36.0,18.0,43.0,-51.034245
18.0,36.0,43.0,-51.034245
36.0,18.0,44.0,7.5541325
18.0,36.0,44.0,7.5541325
36.0,18.0,45.0,-51.71582
18.0,36.0,45.0,-51.71582
36.0,18.0,46.0,-39.516052
18.0,36.0,46.0,-39.516052
36.0,18.0,47.0,-50.04583
18.0,36.0,47.0,-50.04583
36.0,18.0,48.0,-59.710026
18.0,36.0,48.0,-59.710026
36.0,18.0,49.0,-51.81234
18.0,36.0,49.0,-51.81234
36.0,18.0,50.0,-29.257133
18.0,36.0,50.0,-29.257133
36.0,18.0,51.0,-28.443
18.0,36.0,51.0,-28.443
36.0,18.0,52.0,-44.153038
18.0,36.0,52.0,-44.153038
36.0,18.0,53.0,-73.23152
18.0,36.0,53.0,-73.23152
36.0,18.0,54.0,-61.87396
18.0,36.0,54.0,-61.87396
36.0,18.0,55.0,-49.44226
18.0,36.0,55.0,-49.44226
36.0,18.0,56.0,-24.440432
18.0,36.0,56.0,-24.440432
36.0,18.0,57.0,-28.978106
18.0,36.0,57.0,-28.978106
36.0,18.0,58.0,-67.02603
18.0,36.0,58.0,-67.02603
36.0,18.0,59.0,-68.568504
18.0,36.0,59.0,-68.568504
36.0,18.0,60.0,-24.270924
18.0,36.0,60.0,-24.270924
36.0,18.0,61.0,-52.57229
18.0,36.0,61.0,-52.57229
36.0,18.0,62.0,-26.15567
18.0,36.0,62.0,-26.15567
36.0,18.0,63.0,-34.01316
18.0,36.0,63.0,-34.01316
36.0,18.0,64.0,-52.463226
18.0,36.0,64.0,-52.463226
36.0,18.0,65.0,18.310692
18.0,36.0,65.0,18.310692
36.0,18.0,66.0,-33.045876
18.0,36.0,66.0,-33.045876
36.0,18.0,67.0,-134.8041
18.0,36.0,67.0,-134.8041
36.0,18.0,68.0,-23.073103
18.0,36.0,68.0,-23.073103
36.0,18.0,69.0,-41.051872
18.0,36.0,69.0,-41.051872
36.0,19.0,38.0,-21.518126
19.0,36.0,38.0,-21.518126
36.0,19.0,39.0,-14.140862
19.0,36.0,39.0,-14.140862
36.0,19.0,40.0,-31.315197
19.0,36.0,40.0,-31.315197
36.0,19.0,41.0,-35.820316
19.0,36.0,41.0,-35.820316
36.0,19.0,42.0,15.98634
19.0,36.0,42.0,15.98634
36.0,19.0,43.0,1.5929099
19.0,36.0,43.0,1.5929099
36.0,19.0,44.0,5.605589
19.0,36.0,44.0,5.605589
36.0,19.0,45.0,-13.343668
19.0,36.0,45.0,-13.343668
36.0,19.0,46.0,2.2034373
19.0,36.0,46.0,2.2034373
36.0,19.0,47.0,-3.1482074
19.0,36.0,47.0,-3.1482074
36.0,19.0,48.0,10.418093
19.0,36.0,48.0,10.418093
36.0,19.0,49.0,4.4735537
19.0,36.0,49.0,4.4735537
36.0,19.0,50.0,-16.02022
19.0,36.0,50.0,-16.02022
36.0,19.0,51.0,75.784546
19.0,36.0,51.0,75.784546
36.0,19.0,52.0,3.980083
19.0,36.0,52.0,3.980083
36.0,19.0,53.0,-20.153378
19.0,36.0,53.0,-20.153378
36.0,19.0,54.0,-38.572132
19.0,36.0,54.0,-38.572132
36.0,19.0,55.0,-0.6967886
19.0,36.0,55.0,-0.6967886
36.0,19.0,56.0,-17.946392
19.0,36.0,56.0,-17.946392
36.0,19.0,57.0,-7.3375053
19.0,36.0,57.0,-7.3375053
36.0,19.0,58.0,-17.150267
19.0,36.0,58.0,-17.150267
36.0,19.0,59.0,-16.153664
19.0,36.0,59.0,-16.153664
36.0,19.0,60.0,-3.191113
19.0,36.0,60.0,-3.191113
36.0,19.0,61.0,-11.507612
19.0,36.0,61.0,-11.507612
36.0,19.0,62.0,-28.535236
19.0,36.0,62.0,-28.535236
36.0,19.0,63.0,0.8742464
19.0,36.0,63.0,0.8742464
36.0,19.0,64.0,24.428207
19.0,36.0,64.0,24.428207
36.0,19.0,65.0,19.96812
19.0,36.0,65.0,19.96812
36.0,19.0,66.0,12.899472
19.0,36.0,66.0,12.899472
36.0,19.0,67.0,1.7461193
19.0,36.0,67.0,1.7461193
36.0,19.0,68.0,1.6700199
19.0,36.0,68.0,1.6700199
36.0,19.0,69.0,18.281948
19.0,36.0,69.0,18.281948
25.0,0.0,38.0,-14.729482
0.0,25.0,38.0,-14.729482
25.0,0.0,39.0,-13.939491
0.0,25.0,39.0,-13.939491
25.0,0.0,40.0,10.321888
0.0,25.0,40.0,10.321888
25.0,0.0,41.0,-15.828424
0.0,25.0,41.0,-15.828424
25.0,0.0,42.0,4.240696
0.0,25.0,42.0,4.240696
25.0,0.0,43.0,-6.5120955
0.0,25.0,43.0,-6.5120955
25.0,0.0,44.0,14.916307
0.0,25.0,44.0,14.916307
25.0,0.0,45.0,-10.428918
0.0,25.0,45.0,-10.428918
25.0,0.0,46.0,-3.3745787
0.0,25.0,46.0,-3.3745787
25.0,0.0,47.0,-21.082201
0.0,25.0,47.0,-21.082201
25.0,0.0,48.0,20.797113
0.0,25.0,48.0,20.797113
25.0,0.0,49.0,-2.3853924
0.0,25.0,49.0,-2.3853924
25.0,0.0,50.0,9.673113
0.0,25.0,50.0,9.673113
25.0,0.0,51.0,53.055267
0.0,25.0,51.0,53.055267
25.0,0.0,52.0,-10.637291
0.0,25.0,52.0,-10.637291
25.0,0.0,53.0,-11.451345
0.0,25.0,53.0,-11.451345
25.0,0.0,54.0,-99.70601
0.0,25.0,54.0,-99.70601
25.0,0.0,55.0,-10.233452
0.0,25.0,55.0,-10.233452
25.0,0.0,56.0,-2.301165
0.0,25.0,56.0,-2.301165
25.0,0.0,57.0,21.735626
0.0,25.0,57.0,21.735626
25.0,0.0,58.0,-15.27165
0.0,25.0,58.0,-15.27165
25.0,0.0,59.0,-6.3223443
0.0,25.0,59.0,-6.3223443
25.0,0.0,60.0,-1.3364513
0.0,25.0,60.0,-1.3364513
25.0,0.0,61.0,-11.41583
0.0,25.0,61.0,-11.41583
25.0,0.0,62.0,10.576029
0.0,25.0,62.0,10.576029
25.0,0.0,63.0,19.406805
0.0,25.0,63.0,19.406805
25.0,0.0,64.0,6.328012
0.0,25.0,64.0,6.328012
25.0,0.0,65.0,-2.0320716
0.0,25.0,65.0,-2.0320716
25.0,0.0,66.0,-22.605005
0.0,25.0,66.0,-22.605005
25.0,0.0,67.0,-62.14153
0.0,25.0,67.0,-62.14153
25.0,0.0,68.0,-4.148839
0.0,25.0,68.0,-4.148839
25.0,0.0,69.0,-15.994048
0.0,25.0,69.0,-15.994048
25.0,1.0,38.0,-15.938619
1.0,25.0,38.0,-15.938619
25.0,1.0,39.0,-7.693447
1.0,25.0,39.0,-7.693447
25.0,1.0,40.0,-2.046446
1.0,25.0,40.0,-2.046446
25.0,1.0,41.0,-5.4366236
1.0,25.0,41.0,-5.4366236
25.0,1.0,42.0,6.8770213
1.0,25.0,42.0,6.8770213
25.0,1.0,43.0,-3.5585878
1.0,25.0,43.0,-3.5585878
25.0,1.0,44.0,4.439336
1.0,25.0,44.0,4.439336
25.0,1.0,45.0,-2.0205426
1.0,25.0,45.0,-2.0205426
25.0,1.0,46.0,5.334563
1.0,25.0,46.0,5.334563
25.0,1.0,47.0,-19.938583
1.0,25.0,47.0,-19.938583
25.0,1.0,48.0,1.7648256
1.0,25.0,48.0,1.7648256
25.0,1.0,49.0,3.3826613
1.0,25.0,49.0,3.3826613
25.0,1.0,50.0,-0.8931716
1.0,25.0,50.0,-0.8931716
25.0,1.0,51.0,2.831154
1.0,25.0,51.0,2.831154
25.0,1.0,52.0,2.1717665
1.0,25.0,52.0,2.1717665
25.0,1.0,53.0,-29.053478
1.0,25.0,53.0,-29.053478
25.0,1.0,54.0,-19.153328
1.0,25.0,54.0,-19.153328
25.0,1.0,55.0,4.97482
1.0,25.0,55.0,4.97482
25.0,1.0,56.0,-17.099985
1.0,25.0,56.0,-17.099985
25.0,1.0,57.0,20.383507
1.0,25.0,57.0,20.383507
25.0,1.0,58.0,-13.215703
1.0,25.0,58.0,-13.215703
25.0,1.0,59.0,-8.200735
1.0,25.0,59.0,-8.200735
25.0,1.0,60.0,-1.42578
1.0,25.0,60.0,-1.42578
25.0,1.0,61.0,-12.042181
1.0,25.0,61.0,-12.042181
25.0,1.0,62.0,-6.0062594
1.0,25.0,62.0,-6.0062594
25.0,1.0,63.0,-7.898912
1.0,25.0,63.0,-7.898912
25.0,1.0,64.0,15.319773
1.0,25.0,64.0,15.319773
25.0,1.0,65.0,-0.37449503
1.0,25.0,65.0,-0.37449503
25.0,1.0,66.0,-11.162088
1.0,25.0,66.0,-11.162088
25.0,1.0,67.0,-13.6059885
1.0,25.0,67.0,-13.6059885
25.0,1.0,68.0,-1.6167122
1.0,25.0,68.0,-1.6167122
25.0,1.0,69.0,-33.10078
1.0,25.0,69.0,-33.10078
25.0,2.0,38.0,2.7299838
2.0,25.0,38.0,2.7299838
25.0,2.0,39.0,8.073482
2.0,25.0,39.0,8.073482
25.0,2.0,40.0,41.509125
2.0,25.0,40.0,41.509125
25.0,2.0,41.0,5.1483073
2.0,25.0,41.0,5.1483073
25.0,2.0,42.0,27.897175
2.0,25.0,42.0,27.897175
25.0,2.0,43.0,-2.0408735
2.0,25.0,43.0,-2.0408735
25.0,2.0,44.0,28.560984
2.0,25.0,44.0,28.560984
25.0,2.0,45.0,-5.615952
2.0,25.0,45.0,-5.615952
25.0,2.0,46.0,39.32344
2.0,25.0,46.0,39.32344
25.0,2.0,47.0,-8.977501
2.0,25.0,47.0,-8.977501
25.0,2.0,48.0,68.110214
2.0,25.0,48.0,68.110214
25.0,2.0,49.0,14.971824
2.0,25.0,49.0,14.971824
25.0,2.0,50.0,25.974596
2.0,25.0,50.0,25.974596
25.0,2.0,51.0,82.331276
2.0,25.0,51.0,82.331276
25.0,2.0,52.0,12.513821
2.0,25.0,52.0,12.513821
25.0,2.0,53.0,-26.514246
2.0,25.0,53.0,-26.514246
25.0,2.0,54.0,-212.4598
2.0,25.0,54.0,-212.4598
25.0,2.0,55.0,14.37814
2.0,25.0,55.0,14.37814
25.0,2.0,56.0,-13.623688
2.0,25.0,56.0,-13.623688
25.0,2.0,57.0,56.167385
2.0,25.0,57.0,56.167385
25.0,2.0,58.0,-27.050722
2.0,25.0,58.0,-27.050722
25.0,2.0,59.0,-9.605136
2.0,25.0,59.0,-9.605136
25.0,2.0,60.0,14.850809
2.0,25.0,60.0,14.850809
25.0,2.0,61.0,2.8474884
2.0,25.0,61.0,2.8474884
25.0,2.0,62.0,32.38481
2.0,25.0,62.0,32.38481
25.0,2.0,63.0,23.104294
2.0,25.0,63.0,23.104294
25.0,2.0,64.0,19.336847
2.0,25.0,64.0,19.336847
25.0,2.0,65.0,15.161365
2.0,25.0,65.0,15.161365
25.0,2.0,66.0,23.54663
2.0,25.0,66.0,23.54663
25.0,2.0,67.0,121.285706
2.0,25.0,67.0,121.285706
25.0,2.0,68.0,27.952559
2.0,25.0,68.0,27.952559
25.0,2.0,69.0,-23.506685
2.0,25.0,69.0,-23.506685
25.0,3.0,38.0,-29.650967
3.0,25.0,38.0,-29.650967
25.0,3.0,39.0,-33.091957
3.0,25.0,39.0,-33.091957
25.0,3.0,40.0,-9.598753
3.0,25.0,40.0,-9.598753
25.0,3.0,41.0,-23.932999
3.0,25.0,41.0,-23.932999
25.0,3.0,42.0,-15.383144
3.0,25.0,42.0,-15.383144
25.0,3.0,43.0,-50.831367
3.0,25.0,43.0,-50.831367
25.0,3.0,44.0,-28.591566
3.0,25.0,44.0,-28.591566
25.0,3.0,45.0,-23.652634
3.0,25.0,45.0,-23.652634
25.0,3.0,46.0,-9.779496
3.0,25.0,46.0,-9.779496
25.0,3.0,47.0,-42.688263
3.0,25.0,47.0,-42.688263
25.0,3.0,48.0,-15.559037
3.0,25.0,48.0,-15.559037
25.0,3.0,49.0,-2.567892
3.0,25.0,49.0,-2.567892
25.0,3.0,50.0,-3.6791286
3.0,25.0,50.0,-3.6791286
25.0,3.0,51.0,130.13951
3.0,25.0,51.0,130.13951
25.0,3.0,52.0,-28.18793
3.0,25.0,52.0,-28.18793
25.0,3.0,53.0,-57.5276
3.0,25.0,53.0,-57.5276
25.0,3.0,54.0,-257.7597
3.0,25.0,54.0,-257.7597
25.0,3.0,55.0,-35.360462
3.0,25.0,55.0,-35.360462
25.0,3.0,56.0,-34.377502
3.0,25.0,56.0,-34.377502
25.0,3.0,57.0,4.9995623
3.0,25.0,57.0,4.9995623
25.0,3.0,58.0,-43.40355
3.0,25.0,58.0,-43.40355
25.0,3.0,59.0,-37.722015
3.0,25.0,59.0,-37.722015
25.0,3.0,60.0,-19.385195
3.0,25.0,60.0,-19.385195
25.0,3.0,61.0,-19.905478
3.0,25.0,61.0,-19.905478
25.0,3.0,62.0,-4.4402456
3.0,25.0,62.0,-4.4402456
25.0,3.0,63.0,-24.46353
3.0,25.0,63.0,-24.46353
25.0,3.0,64.0,-22.222649
3.0,25.0,64.0,-22.222649
25.0,3.0,65.0,1.7556041
3.0,25.0,65.0,1.7556041
25.0,3.0,66.0,-24.500252
3.0,25.0,66.0,-24.500252
25.0,3.0,67.0,-35.920593
3.0,25.0,67.0,-35.920593
25.0,3.0,68.0,-25.41494
3.0,25.0,68.0,-25.41494
25.0,3.0,69.0,-38.01517
3.0,25.0,69.0,-38.01517
25.0,4.0,38.0,0.84442097
4.0,25.0,38.0,0.84442097
25.0,4.0,39.0,40.083477
4.0,25.0,39.0,40.083477
25.0,4.0,40.0,32.24296
4.0,25.0,40.0,32.24296
25.0,4.0,41.0,39.37162
4.0,25.0,41.0,39.37162
25.0,4.0,42.0,-0.24826147
4.0,25.0,42.0,-0.24826147
25.0,4.0,43.0,16.066784
4.0,25.0,43.0,16.066784
25.0,4.0,44.0,19.548893
4.0,25.0,44.0,19.548893
25.0,4.0,45.0,-23.81764
4.0,25.0,45.0,-23.81764
25.0,4.0,46.0,-35.84802
4.0,25.0,46.0,-35.84802
25.0,4.0,47.0,-1.3395336
4.0,25.0,47.0,-1.3395336
25.0,4.0,48.0,27.934393
4.0,25.0,48.0,27.934393
25.0,4.0,49.0,53.843105
4.0,25.0,49.0,53.843105
25.0,4.0,50.0,16.205584
4.0,25.0,50.0,16.205584
25.0,4.0,51.0,102.4902
4.0,25.0,51.0,102.4902
25.0,4.0,52.0,47.46346
4.0,25.0,52.0,47.46346
25.0,4.0,53.0,-50.142975
4.0,25.0,53.0,-50.142975
25.0,4.0,54.0,4.4401507
4.0,25.0,54.0,4.4401507
25.0,4.0,55.0,43.756115
4.0,25.0,55.0,43.756115
25.0,4.0,56.0,-26.230736
4.0,25.0,56.0,-26.230736
25.0,4.0,57.0,53.73242
4.0,25.0,57.0,53.73242
25.0,4.0,58.0,20.780901
4.0,25.0,58.0,20.780901
25.0,4.0,59.0,-5.168295
4.0,25.0,59.0,-5.168295
25.0,4.0,60.0,7.414647
4.0,25.0,60.0,7.414647
25.0,4.0,61.0,10.2822485
4.0,25.0,61.0,10.2822485
25.0,4.0,62.0,-14.388947
4.0,25.0,62.0,-14.388947
25.0,4.0,63.0,10.216622
4.0,25.0,63.0,10.216622
25.0,4.0,64.0,25.052689
4.0,25.0,64.0,25.052689
25.0,4.0,65.0,31.29389
4.0,25.0,65.0,31.29389
25.0,4.0,66.0,20.89143
4.0,25.0,66.0,20.89143
25.0,4.0,67.0,45.219357
4.0,25.0,67.0,45.219357
25.0,4.0,68.0,-15.865283
4.0,25.0,68.0,-15.865283
25.0,4.0,69.0,-10.39943
4.0,25.0,69.0,-10.39943
25.0,5.0,38.0,-16.042961
5.0,25.0,38.0,-16.042961
25.0,5.0,39.0,-19.176506
5.0,25.0,39.0,-19.176506
25.0,5.0,40.0,-123.02914
5.0,25.0,40.0,-123.02914
25.0,5.0,41.0,-4.424799
5.0,25.0,41.0,-4.424799
25.0,5.0,42.0,17.442123
5.0,25.0,42.0,17.442123
25.0,5.0,43.0,-13.588381
5.0,25.0,43.0,-13.588381
25.0,5.0,44.0,11.455867
5.0,25.0,44.0,11.455867
25.0,5.0,45.0,-25.117134
5.0,25.0,45.0,-25.117134
25.0,5.0,46.0,-0.03482549
5.0,25.0,46.0,-0.03482549
25.0,5.0,47.0,-29.925598
5.0,25.0,47.0,-29.925598
25.0,5.0,48.0,1.3457825
5.0,25.0,48.0,1.3457825
25.0,5.0,49.0,-4.3914223
5.0,25.0,49.0,-4.3914223
25.0,5.0,50.0,-6.397554
5.0,25.0,50.0,-6.397554
25.0,5.0,51.0,48.626617
5.0,25.0,51.0,48.626617
25.0,5.0,52.0,-4.694853
5.0,25.0,52.0,-4.694853
25.0,5.0,53.0,-22.26362
5.0,25.0,53.0,-22.26362
25.0,5.0,54.0,-16.260986
5.0,25.0,54.0,-16.260986
25.0,5.0,55.0,-8.59876
5.0,25.0,55.0,-8.59876
25.0,5.0,56.0,-25.027481
5.0,25.0,56.0,-25.027481
25.0,5.0,57.0,30.333187
5.0,25.0,57.0,30.333187
25.0,5.0,58.0,-17.919641
5.0,25.0,58.0,-17.919641
25.0,5.0,59.0,-24.076078
5.0,25.0,59.0,-24.076078
25.0,5.0,60.0,12.811519
5.0,25.0,60.0,12.811519
25.0,5.0,61.0,-4.5678515
5.0,25.0,61.0,-4.5678515
25.0,5.0,62.0,11.006394
5.0,25.0,62.0,11.006394
25.0,5.0,63.0,-7.766238
5.0,25.0,63.0,-7.766238
25.0,5.0,64.0,-15.230662
5.0,25.0,64.0,-15.230662
25.0,5.0,65.0,-1.8149794
5.0,25.0,65.0,-1.8149794
25.0,5.0,66.0,-12.760256
5.0,25.0,66.0,-12.760256
25.0,5.0,67.0,-13.121025
5.0,25.0,67.0,-13.121025
25.0,5.0,68.0,13.3279
5.0,25.0,68.0,13.3279
25.0,5.0,69.0,-36.732613
5.0,25.0,69.0,-36.732613
25.0,6.0,38.0,-13.189985
6.0,25.0,38.0,-13.189985
25.0,6.0,39.0,-7.8183413
6.0,25.0,39.0,-7.8183413
25.0,6.0,40.0,52.304535
6.0,25.0,40.0,52.304535
25.0,6.0,41.0,-6.9301934
6.0,25.0,41.0,-6.9301934
25.0,6.0,42.0,32.501175
6.0,25.0,42.0,32.501175
25.0,6.0,43.0,5.385587
6.0,25.0,43.0,5.385587
25.0,6.0,44.0,29.708817
6.0,25.0,44.0,29.708817
25.0,6.0,45.0,4.6933827
6.0,25.0,45.0,4.6933827
25.0,6.0,46.0,23.938839
6.0,25.0,46.0,23.938839
25.0,6.0,47.0,-13.107615
6.0,25.0,47.0,-13.107615
25.0,6.0,48.0,-3.9518821
6.0,25.0,48.0,-3.9518821
25.0,6.0,49.0,34.26409
6.0,25.0,49.0,34.26409
25.0,6.0,50.0,17.049389
6.0,25.0,50.0,17.049389
25.0,6.0,51.0,28.036243
6.0,25.0,51.0,28.036243
25.0,6.0,52.0,12.756591
6.0,25.0,52.0,12.756591
25.0,6.0,53.0,-4.853886
6.0,25.0,53.0,-4.853886
25.0,6.0,54.0,5.792307
6.0,25.0,54.0,5.792307
25.0,6.0,55.0,5.0774603
6.0,25.0,55.0,5.0774603
25.0,6.0,56.0,0.6502777
6.0,25.0,56.0,0.6502777
25.0,6.0,57.0,52.540432
6.0,25.0,57.0,52.540432
25.0,6.0,58.0,-18.856651
6.0,25.0,58.0,-18.856651
25.0,6.0,59.0,-21.078281
6.0,25.0,59.0,-21.078281
25.0,6.0,60.0,13.451391
6.0,25.0,60.0,13.451391
25.0,6.0,61.0,-11.820338
6.0,25.0,61.0,-11.820338
25.0,6.0,62.0,23.04193
6.0,25.0,62.0,23.04193
25.0,6.0,63.0,37.35065
6.0,25.0,63.0,37.35065
25.0,6.0,64.0,34.85127
6.0,25.0,64.0,34.85127
25.0,6.0,65.0,0.19005516
6.0,25.0,65.0,0.19005516
25.0,6.0,66.0,37.38803
6.0,25.0,66.0,37.38803
25.0,6.0,67.0,-12.29832
6.0,25.0,67.0,-12.29832
25.0,6.0,68.0,33.63713
6.0,25.0,68.0,33.63713
25.0,6.0,69.0,17.371294
6.0,25.0,69.0,17.371294
25.0,7.0,38.0,-8.566032
7.0,25.0,38.0,-8.566032
25.0,7.0,39.0,-21.0299
7.0,25.0,39.0,-21.0299
25.0,7.0,40.0,35.972637
7.0,25.0,40.0,35.972637
25.0,7.0,41.0,-4.157777
7.0,25.0,41.0,-4.157777
25.0,7.0,42.0,-1.0586064
7.0,25.0,42.0,-1.0586064
25.0,7.0,43.0,-64.43327
7.0,25.0,43.0,-64.43327
25.0,7.0,44.0,-1.2627622
7.0,25.0,44.0,-1.2627622
25.0,7.0,45.0,-12.539726
7.0,25.0,45.0,-12.539726
25.0,7.0,46.0,2.0291796
7.0,25.0,46.0,2.0291796
25.0,7.0,47.0,-27.860758
7.0,25.0,47.0,-27.860758
25.0,7.0,48.0,3.1639953
7.0,25.0,48.0,3.1639953
25.0,7.0,49.0,-15.419367
7.0,25.0,49.0,-15.419367
25.0,7.0,50.0,7.2081113
7.0,25.0,50.0,7.2081113
25.0,7.0,51.0,14.722273
7.0,25.0,51.0,14.722273
25.0,7.0,52.0,-12.122927
7.0,25.0,52.0,-12.122927
25.0,7.0,53.0,-37.228317
7.0,25.0,53.0,-37.228317
25.0,7.0,54.0,-277.89413
7.0,25.0,54.0,-277.89413
25.0,7.0,55.0,-18.72141
7.0,25.0,55.0,-18.72141
25.0,7.0,56.0,-44.61779
7.0,25.0,56.0,-44.61779
25.0,7.0,57.0,19.107431
7.0,25.0,57.0,19.107431
25.0,7.0,58.0,-39.945942
7.0,25.0,58.0,-39.945942
25.0,7.0,59.0,-14.6787615
7.0,25.0,59.0,-14.6787615
25.0,7.0,60.0,-9.152321
7.0,25.0,60.0,-9.152321
25.0,7.0,61.0,-5.788734
7.0,25.0,61.0,-5.788734
25.0,7.0,62.0,4.7350416
7.0,25.0,62.0,4.7350416
25.0,7.0,63.0,-6.632494
7.0,25.0,63.0,-6.632494
25.0,7.0,64.0,-17.374018
7.0,25.0,64.0,-17.374018
25.0,7.0,65.0,-13.209394
7.0,25.0,65.0,-13.209394
25.0,7.0,66.0,-17.554874
7.0,25.0,66.0,-17.554874
25.0,7.0,67.0,-37.58848
7.0,25.0,67.0,-37.58848
25.0,7.0,68.0,-5.121443
7.0,25.0,68.0,-5.121443
25.0,7.0,69.0,-45.23892
7.0,25.0,69.0,-45.23892
25.0,9.0,38.0,-16.507835
9.0,25.0,38.0,-16.507835
25.0,9.0,39.0,-9.752951
9.0,25.0,39.0,-9.752951
25.0,9.0,40.0,55.47446
9.0,25.0,40.0,55.47446
25.0,9.0,41.0,-30.632212
9.0,25.0,41.0,-30.632212
25.0,9.0,42.0,39.822964
9.0,25.0,42.0,39.822964
25.0,9.0,43.0,15.140812
9.0,25.0,43.0,15.140812
25.0,9.0,44.0,45.956394
9.0,25.0,44.0,45.956394
25.0,9.0,45.0,-14.411828
9.0,25.0,45.0,-14.411828
25.0,9.0,46.0,18.968485
9.0,25.0,46.0,18.968485
25.0,9.0,47.0,-25.901049
9.0,25.0,47.0,-25.901049
25.0,9.0,48.0,-0.25852096
9.0,25.0,48.0,-0.25852096
25.0,9.0,49.0,44.24021
9.0,25.0,49.0,44.24021
25.0,9.0,50.0,3.168866
9.0,25.0,50.0,3.168866
25.0,9.0,51.0,11.492822
9.0,25.0,51.0,11.492822
25.0,9.0,52.0,6.745611
9.0,25.0,52.0,6.745611
25.0,9.0,53.0,-23.24493
9.0,25.0,53.0,-23.24493
25.0,9.0,54.0,0.5820527
9.0,25.0,54.0,0.5820527
25.0,9.0,55.0,-12.1226635
9.0,25.0,55.0,-12.1226635
25.0,9.0,56.0,-6.4968686
9.0,25.0,56.0,-6.4968686
25.0,9.0,57.0,36.206802
9.0,25.0,57.0,36.206802
25.0,9.0,58.0,-11.948354
9.0,25.0,58.0,-11.948354
25.0,9.0,59.0,-13.978421
9.0,25.0,59.0,-13.978421
25.0,9.0,60.0,-5.7805047
9.0,25.0,60.0,-5.7805047
25.0,9.0,61.0,-7.7413926
9.0,25.0,61.0,-7.7413926
25.0,9.0,62.0,12.100458
9.0,25.0,62.0,12.100458
25.0,9.0,63.0,38.52945
9.0,25.0,63.0,38.52945
25.0,9.0,64.0,18.004175
9.0,25.0,64.0,18.004175
25.0,9.0,65.0,-0.100550935
9.0,25.0,65.0,-0.100550935
25.0,9.0,66.0,20.920435
9.0,25.0,66.0,20.920435
25.0,9.0,67.0,6.1596527
9.0,25.0,67.0,6.1596527
25.0,9.0,68.0,-13.513364
9.0,25.0,68.0,-13.513364
25.0,9.0,69.0,-18.13522
9.0,25.0,69.0,-18.13522
25.0,10.0,38.0,-7.3035784
10.0,25.0,38.0,-7.3035784
25.0,10.0,39.0,0.5301833
10.0,25.0,39.0,0.5301833
25.0,10.0,40.0,44.85449
10.0,25.0,40.0,44.85449
25.0,10.0,41.0,-0.58963823
10.0,25.0,41.0,-0.58963823
25.0,10.0,42.0,13.19551
10.0,25.0,42.0,13.19551
25.0,10.0,43.0,-3.144719
10.0,25.0,43.0,-3.144719
25.0,10.0,44.0,30.619905
10.0,25.0,44.0,30.619905
25.0,10.0,45.0,0.82772654
10.0,25.0,45.0,0.82772654
25.0,10.0,46.0,24.0419
10.0,25.0,46.0,24.0419
25.0,10.0,47.0,-7.286209
10.0,25.0,47.0,-7.286209
25.0,10.0,48.0,12.163715
10.0,25.0,48.0,12.163715
25.0,10.0,49.0,31.506474
10.0,25.0,49.0,31.506474
25.0,10.0,50.0,8.791687
10.0,25.0,50.0,8.791687
25.0,10.0,51.0,58.542397
10.0,25.0,51.0,58.542397
25.0,10.0,52.0,18.859947
10.0,25.0,52.0,18.859947
25.0,10.0,53.0,-15.295277
10.0,25.0,53.0,-15.295277
25.0,10.0,54.0,6.611851
10.0,25.0,54.0,6.611851
25.0,10.0,55.0,23.279827
10.0,25.0,55.0,23.279827
25.0,10.0,56.0,-15.781008
10.0,25.0,56.0,-15.781008
25.0,10.0,57.0,52.946716
10.0,25.0,57.0,52.946716
25.0,10.0,58.0,-16.128452
10.0,25.0,58.0,-16.128452
25.0,10.0,59.0,-5.852326
10.0,25.0,59.0,-5.852326
25.0,10.0,60.0,11.352566
10.0,25.0,60.0,11.352566
25.0,10.0,61.0,-4.132842
10.0,25.0,61.0,-4.132842
25.0,10.0,62.0,16.232815
10.0,25.0,62.0,16.232815
25.0,10.0,63.0,31.702982
10.0,25.0,63.0,31.702982
25.0,10.0,64.0,24.026558
10.0,25.0,64.0,24.026558
25.0,10.0,65.0,8.766686
10.0,25.0,65.0,8.766686
25.0,10.0,66.0,18.842875
10.0,25.0,66.0,18.842875
25.0,10.0,67.0,15.209999
10.0,25.0,67.0,15.209999
25.0,10.0,68.0,4.679536
10.0,25.0,68.0,4.679536
25.0,10.0,69.0,-23.572296
10.0,25.0,69.0,-23.572296
25.0,11.0,38.0,-47.234562
11.0,25.0,38.0,-47.234562
25.0,11.0,39.0,-15.689104
11.0,25.0,39.0,-15.689104
25.0,11.0,40.0,-15.77362
11.0,25.0,40.0,-15.77362
25.0,11.0,41.0,-20.343216
11.0,25.0,41.0,-20.343216
25.0,11.0,42.0,10.319823
11.0,25.0,42.0,10.319823
25.0,11.0,43.0,-4.687706
11.0,25.0,43.0,-4.687706
25.0,11.0,44.0,-11.913092
11.0,25.0,44.0,-11.913092
25.0,11.0,45.0,-27.468918
11.0,25.0,45.0,-27.468918
25.0,11.0,46.0,-36.68972
11.0,25.0,46.0,-36.68972
25.0,11.0,47.0,-38.68908
11.0,25.0,47.0,-38.68908
25.0,11.0,48.0,-7.5096917
11.0,25.0,48.0,-7.5096917
25.0,11.0,49.0,-4.5229874
11.0,25.0,49.0,-4.5229874
25.0,11.0,50.0,-3.556359
11.0,25.0,50.0,-3.556359
25.0,11.0,51.0,-6.4621453
11.0,25.0,51.0,-6.4621453
25.0,11.0,52.0,-5.270747
11.0,25.0,52.0,-5.270747
25.0,11.0,53.0,-13.414705
11.0,25.0,53.0,-13.414705
25.0,11.0,54.0,-25.971983
11.0,25.0,54.0,-25.971983
25.0,11.0,55.0,-28.678608
11.0,25.0,55.0,-28.678608
25.0,11.0,56.0,-27.419842
11.0,25.0,56.0,-27.419842
25.0,11.0,57.0,14.882531
11.0,25.0,57.0,14.882531
25.0,11.0,58.0,-42.859394
11.0,25.0,58.0,-42.859394
25.0,11.0,59.0,-29.829805
11.0,25.0,59.0,-29.829805
25.0,11.0,60.0,-23.057335
11.0,25.0,60.0,-23.057335
25.0,11.0,61.0,-19.024403
11.0,25.0,61.0,-19.024403
25.0,11.0,62.0,-1.4946599
11.0,25.0,62.0,-1.4946599
25.0,11.0,63.0,1.9923253
11.0,25.0,63.0,1.9923253
25.0,11.0,64.0,-0.44325903
11.0,25.0,64.0,-0.44325903
25.0,11.0,65.0,-0.9960656
11.0,25.0,65.0,-0.9960656
25.0,11.0,66.0,-29.161573
11.0,25.0,66.0,-29.161573
25.0,11.0,67.0,-30.515217
11.0,25.0,67.0,-30.515217
25.0,11.0,68.0,-42.39205
11.0,25.0,68.0,-42.39205
25.0,11.0,69.0,-28.563452
11.0,25.0,69.0,-28.563452
25.0,12.0,38.0,-37.912178
12.0,25.0,38.0,-37.912178
25.0,12.0,39.0,-18.87262
12.0,25.0,39.0,-18.87262
25.0,12.0,40.0,-15.552075
12.0,25.0,40.0,-15.552075
25.0,12.0,41.0,-13.831695
12.0,25.0,41.0,-13.831695
25.0,12.0,42.0,9.43676
12.0,25.0,42.0,9.43676
25.0,12.0,43.0,-13.650311
12.0,25.0,43.0,-13.650311
25.0,12.0,44.0,-8.951699
12.0,25.0,44.0,-8.951699
25.0,12.0,45.0,-10.274648
12.0,25.0,45.0,-10.274648
25.0,12.0,46.0,-14.144448
12.0,25.0,46.0,-14.144448
25.0,12.0,47.0,-8.367216
12.0,25.0,47.0,-8.367216
25.0,12.0,48.0,6.283722
12.0,25.0,48.0,6.283722
25.0,12.0,49.0,-0.16702482
12.0,25.0,49.0,-0.16702482
25.0,12.0,50.0,-3.507162
12.0,25.0,50.0,-3.507162
25.0,12.0,51.0,19.247984
12.0,25.0,51.0,19.247984
25.0,12.0,52.0,5.979602
12.0,25.0,52.0,5.979602
25.0,12.0,53.0,-27.007103
12.0,25.0,53.0,-27.007103
25.0,12.0,54.0,-14.333942
12.0,25.0,54.0,-14.333942
25.0,12.0,55.0,-11.125386
12.0,25.0,55.0,-11.125386
25.0,12.0,56.0,-13.925041
12.0,25.0,56.0,-13.925041
25.0,12.0,57.0,24.850098
12.0,25.0,57.0,24.850098
25.0,12.0,58.0,-41.74975
12.0,25.0,58.0,-41.74975
25.0,12.0,59.0,-28.44808
12.0,25.0,59.0,-28.44808
25.0,12.0,60.0,-22.725197
12.0,25.0,60.0,-22.725197
25.0,12.0,61.0,-28.138453
12.0,25.0,61.0,-28.138453
25.0,12.0,62.0,9.844467
12.0,25.0,62.0,9.844467
25.0,12.0,63.0,-0.47346357
12.0,25.0,63.0,-0.47346357
25.0,12.0,64.0,-2.8621101
12.0,25.0,64.0,-2.8621101
25.0,12.0,65.0,-3.646732
12.0,25.0,65.0,-3.646732
25.0,12.0,66.0,16.333231
12.0,25.0,66.0,16.333231
25.0,12.0,67.0,-7.486705
12.0,25.0,67.0,-7.486705
25.0,12.0,68.0,-35.902218
12.0,25.0,68.0,-35.902218
25.0,12.0,69.0,-21.41231
12.0,25.0,69.0,-21.41231
25.0,13.0,38.0,-3.3959568
13.0,25.0,38.0,-3.3959568
25.0,13.0,39.0,-0.47249946
13.0,25.0,39.0,-0.47249946
25.0,13.0,40.0,7.88248
13.0,25.0,40.0,7.88248
25.0,13.0,41.0,-8.304005
13.0,25.0,41.0,-8.304005
25.0,13.0,42.0,7.6329193
13.0,25.0,42.0,7.6329193
25.0,13.0,43.0,18.409372
13.0,25.0,43.0,18.409372
25.0,13.0,44.0,21.508417
13.0,25.0,44.0,21.508417
25.0,13.0,45.0,-24.454369
13.0,25.0,45.0,-24.454369
25.0,13.0,46.0,11.843301
13.0,25.0,46.0,11.843301
25.0,13.0,47.0,-5.8711557
13.0,25.0,47.0,-5.8711557
25.0,13.0,48.0,15.308214
13.0,25.0,48.0,15.308214
25.0,13.0,49.0,17.981163
13.0,25.0,49.0,17.981163
25.0,13.0,50.0,12.519922
13.0,25.0,50.0,12.519922
25.0,13.0,51.0,39.195427
13.0,25.0,51.0,39.195427
25.0,13.0,52.0,26.549788
13.0,25.0,52.0,26.549788
25.0,13.0,53.0,-18.476387
13.0,25.0,53.0,-18.476387
25.0,13.0,54.0,-3.8078442
13.0,25.0,54.0,-3.8078442
25.0,13.0,55.0,14.755005
13.0,25.0,55.0,14.755005
25.0,13.0,56.0,-7.231392
13.0,25.0,56.0,-7.231392
25.0,13.0,57.0,57.710854
13.0,25.0,57.0,57.710854
25.0,13.0,58.0,-24.888159
13.0,25.0,58.0,-24.888159
25.0,13.0,59.0,-19.337387
13.0,25.0,59.0,-19.337387
25.0,13.0,60.0,19.59786
13.0,25.0,60.0,19.59786
25.0,13.0,61.0,14.644586
13.0,25.0,61.0,14.644586
25.0,13.0,62.0,29.319864
13.0,25.0,62.0,29.319864
25.0,13.0,63.0,10.7558155
13.0,25.0,63.0,10.7558155
25.0,13.0,64.0,59.312855
13.0,25.0,64.0,59.312855
25.0,13.0,65.0,12.386301
13.0,25.0,65.0,12.386301
25.0,13.0,66.0,10.508139
13.0,25.0,66.0,10.508139
25.0,13.0,67.0,16.878807
13.0,25.0,67.0,16.878807
25.0,13.0,68.0,4.5382924
13.0,25.0,68.0,4.5382924
25.0,13.0,69.0,-1.0439123
13.0,25.0,69.0,-1.0439123
25.0,14.0,38.0,-8.060529
14.0,25.0,38.0,-8.060529
25.0,14.0,39.0,-10.794493
14.0,25.0,39.0,-10.794493
25.0,14.0,40.0,42.629578
14.0,25.0,40.0,42.629578
25.0,14.0,41.0,1.4804658
14.0,25.0,41.0,1.4804658
25.0,14.0,42.0,6.3036118
14.0,25.0,42.0,6.3036118
25.0,14.0,43.0,11.227267
14.0,25.0,43.0,11.227267
25.0,14.0,44.0,22.282887
14.0,25.0,44.0,22.282887
25.0,14.0,45.0,-3.77389
14.0,25.0,45.0,-3.77389
25.0,14.0,46.0,6.485989
14.0,25.0,46.0,6.485989
25.0,14.0,47.0,-13.565102
14.0,25.0,47.0,-13.565102
25.0,14.0,48.0,7.2662354
14.0,25.0,48.0,7.2662354
25.0,14.0,49.0,10.657103
14.0,25.0,49.0,10.657103
25.0,14.0,50.0,2.376985
14.0,25.0,50.0,2.376985
25.0,14.0,51.0,12.587462
14.0,25.0,51.0,12.587462
25.0,14.0,52.0,5.630937
14.0,25.0,52.0,5.630937
25.0,14.0,53.0,-34.772316
14.0,25.0,53.0,-34.772316
25.0,14.0,54.0,0.88437396
14.0,25.0,54.0,0.88437396
25.0,14.0,55.0,7.0563645
14.0,25.0,55.0,7.0563645
25.0,14.0,56.0,-10.650157
14.0,25.0,56.0,-10.650157
25.0,14.0,57.0,33.176315
14.0,25.0,57.0,33.176315
25.0,14.0,58.0,-27.348679
14.0,25.0,58.0,-27.348679
25.0,14.0,59.0,-14.786182
14.0,25.0,59.0,-14.786182
25.0,14.0,60.0,23.143404
14.0,25.0,60.0,23.143404
25.0,14.0,61.0,-15.476405
14.0,25.0,61.0,-15.476405
25.0,14.0,62.0,26.472315
14.0,25.0,62.0,26.472315
25.0,14.0,63.0,-12.269193
14.0,25.0,63.0,-12.269193
25.0,14.0,64.0,10.63487
14.0,25.0,64.0,10.63487
25.0,14.0,65.0,4.5399175
14.0,25.0,65.0,4.5399175
25.0,14.0,66.0,-2.5741298
14.0,25.0,66.0,-2.5741298
25.0,14.0,67.0,-46.02558
14.0,25.0,67.0,-46.02558
25.0,14.0,68.0,-22.134418
14.0,25.0,68.0,-22.134418
25.0,14.0,69.0,-18.618477
14.0,25.0,69.0,-18.618477
25.0,15.0,38.0,-27.226942
15.0,25.0,38.0,-27.226942
25.0,15.0,39.0,4.509724
15.0,25.0,39.0,4.509724
25.0,15.0,40.0,2.2059174
15.0,25.0,40.0,2.2059174
25.0,15.0,41.0,-1.5562992
15.0,25.0,41.0,-1.5562992
25.0,15.0,42.0,-6.215318
15.0,25.0,42.0,-6.215318
25.0,15.0,43.0,-32.297314
15.0,25.0,43.0,-32.297314
25.0,15.0,44.0,-2.2079089
15.0,25.0,44.0,-2.2079089
25.0,15.0,45.0,0.519087
15.0,25.0,45.0,0.519087
25.0,15.0,46.0,31.860289
15.0,25.0,46.0,31.860289
25.0,15.0,47.0,-21.872938
15.0,25.0,47.0,-21.872938
25.0,15.0,48.0,0.35835674
15.0,25.0,48.0,0.35835674
25.0,15.0,49.0,7.460536
15.0,25.0,49.0,7.460536
25.0,15.0,50.0,-2.648675
15.0,25.0,50.0,-2.648675
25.0,15.0,51.0,26.293915
15.0,25.0,51.0,26.293915
25.0,15.0,52.0,-10.682158
15.0,25.0,52.0,-10.682158
25.0,15.0,53.0,-32.04655
15.0,25.0,53.0,-32.04655
25.0,15.0,54.0,-177.67006
15.0,25.0,54.0,-177.67006
25.0,15.0,55.0,-21.927313
15.0,25.0,55.0,-21.927313
25.0,15.0,56.0,-11.306548
15.0,25.0,56.0,-11.306548
25.0,15.0,57.0,36.77179
15.0,25.0,57.0,36.77179
25.0,15.0,58.0,-11.256668
15.0,25.0,58.0,-11.256668
25.0,15.0,59.0,-10.390906
15.0,25.0,59.0,-10.390906
25.0,15.0,60.0,11.046568
15.0,25.0,60.0,11.046568
25.0,15.0,61.0,-10.777193
15.0,25.0,61.0,-10.777193
25.0,15.0,62.0,9.125337
15.0,25.0,62.0,9.125337
25.0,15.0,63.0,-23.295856
15.0,25.0,63.0,-23.295856
25.0,15.0,64.0,3.664041
15.0,25.0,64.0,3.664041
25.0,15.0,65.0,18.05798
15.0,25.0,65.0,18.05798
25.0,15.0,66.0,-3.9184434
15.0,25.0,66.0,-3.9184434
25.0,15.0,67.0,-72.32759
15.0,25.0,67.0,-72.32759
25.0,15.0,68.0,5.2029986
15.0,25.0,68.0,5.2029986
25.0,15.0,69.0,-23.633755
15.0,25.0,69.0,-23.633755
25.0,16.0,38.0,-11.622529
16.0,25.0,38.0,-11.622529
25.0,16.0,39.0,-7.150894
16.0,25.0,39.0,-7.150894
25.0,16.0,40.0,13.164035
16.0,25.0,40.0,13.164035
25.0,16.0,41.0,9.670773
16.0,25.0,41.0,9.670773
25.0,16.0,42.0,7.1645393
16.0,25.0,42.0,7.1645393
25.0,16.0,43.0,-9.761206
16.0,25.0,43.0,-9.761206
25.0,16.0,44.0,5.4899287
16.0,25.0,44.0,5.4899287
25.0,16.0,45.0,-2.7952697
16.0,25.0,45.0,-2.7952697
25.0,16.0,46.0,6.383515
16.0,25.0,46.0,6.383515
25.0,16.0,47.0,-15.199659
16.0,25.0,47.0,-15.199659
25.0,16.0,48.0,2.4210732
16.0,25.0,48.0,2.4210732
25.0,16.0,49.0,-5.441811
16.0,25.0,49.0,-5.441811
25.0,16.0,50.0,-16.438673
16.0,25.0,50.0,-16.438673
25.0,16.0,51.0,-12.637704
16.0,25.0,51.0,-12.637704
25.0,16.0,52.0,-5.4126644
16.0,25.0,52.0,-5.4126644
25.0,16.0,53.0,-20.423317
16.0,25.0,53.0,-20.423317
25.0,16.0,54.0,-9.27655
16.0,25.0,54.0,-9.27655
25.0,16.0,55.0,-2.3620923
16.0,25.0,55.0,-2.3620923
25.0,16.0,56.0,-9.799319
16.0,25.0,56.0,-9.799319
25.0,16.0,57.0,19.7669
16.0,25.0,57.0,19.7669
25.0,16.0,58.0,-44.253773
16.0,25.0,58.0,-44.253773
25.0,16.0,59.0,-8.15329
16.0,25.0,59.0,-8.15329
25.0,16.0,60.0,-2.7164147
16.0,25.0,60.0,-2.7164147
25.0,16.0,61.0,-20.712704
16.0,25.0,61.0,-20.712704
25.0,16.0,62.0,5.9626994
16.0,25.0,62.0,5.9626994
25.0,16.0,63.0,0.5923888
16.0,25.0,63.0,0.5923888
25.0,16.0,64.0,4.907527
16.0,25.0,64.0,4.907527
25.0,16.0,65.0,0.5093332
16.0,25.0,65.0,0.5093332
25.0,16.0,66.0,-0.7298523
16.0,25.0,66.0,-0.7298523
25.0,16.0,67.0,-5.8327594
16.0,25.0,67.0,-5.8327594
25.0,16.0,68.0,-37.324856
16.0,25.0,68.0,-37.324856
25.0,16.0,69.0,-21.140184
16.0,25.0,69.0,-21.140184
25.0,17.0,38.0,-13.161741
17.0,25.0,38.0,-13.161741
25.0,17.0,39.0,-4.034887
17.0,25.0,39.0,-4.034887
25.0,17.0,40.0,11.058178
17.0,25.0,40.0,11.058178
25.0,17.0,41.0,10.46222
17.0,25.0,41.0,10.46222
25.0,17.0,42.0,16.327185
17.0,25.0,42.0,16.327185
25.0,17.0,43.0,-1.719933
17.0,25.0,43.0,-1.719933
25.0,17.0,44.0,8.892855
17.0,25.0,44.0,8.892855
25.0,17.0,45.0,0.6861242
17.0,25.0,45.0,0.6861242
25.0,17.0,46.0,9.677691
17.0,25.0,46.0,9.677691
25.0,17.0,47.0,-20.324135
17.0,25.0,47.0,-20.324135
25.0,17.0,48.0,-0.2824041
17.0,25.0,48.0,-0.2824041
25.0,17.0,49.0,2.6047153
17.0,25.0,49.0,2.6047153
25.0,17.0,50.0,-3.4846048
17.0,25.0,50.0,-3.4846048
25.0,17.0,51.0,9.99364
17.0,25.0,51.0,9.99364
25.0,17.0,52.0,0.6776301
17.0,25.0,52.0,0.6776301
25.0,17.0,53.0,-14.953783
17.0,25.0,53.0,-14.953783
25.0,17.0,54.0,-6.6574516
17.0,25.0,54.0,-6.6574516
25.0,17.0,55.0,4.2041645
17.0,25.0,55.0,4.2041645
25.0,17.0,56.0,-30.439278
17.0,25.0,56.0,-30.439278
25.0,17.0,57.0,13.697621
17.0,25.0,57.0,13.697621
25.0,17.0,58.0,-9.623909
17.0,25.0,58.0,-9.623909
25.0,17.0,59.0,-13.078938
17.0,25.0,59.0,-13.078938
25.0,17.0,60.0,-11.606151
17.0,25.0,60.0,-11.606151
25.0,17.0,61.0,-22.454546
17.0,25.0,61.0,-22.454546
25.0,17.0,62.0,4.6958632
17.0,25.0,62.0,4.6958632
25.0,17.0,63.0,2.8203425
17.0,25.0,63.0,2.8203425
25.0,17.0,64.0,1.5144876
17.0,25.0,64.0,1.5144876
25.0,17.0,65.0,13.815688
17.0,25.0,65.0,13.815688
25.0,17.0,66.0,-5.7748036
17.0,25.0,66.0,-5.7748036
25.0,17.0,67.0,-14.378149
17.0,25.0,67.0,-14.378149
25.0,17.0,68.0,-10.711458
17.0,25.0,68.0,-10.711458
25.0,17.0,69.0,-16.797392
17.0,25.0,69.0,-16.797392
25.0,18.0,38.0,-29.221792
18.0,25.0,38.0,-29.221792
25.0,18.0,39.0,-7.6666627
18.0,25.0,39.0,-7.6666627
25.0,18.0,40.0,-87.06909
18.0,25.0,40.0,-87.06909
25.0,18.0,41.0,5.996953
18.0,25.0,41.0,5.996953
25.0,18.0,42.0,6.1654944
18.0,25.0,42.0,6.1654944
25.0,18.0,43.0,-28.04388
18.0,25.0,43.0,-28.04388
25.0,18.0,44.0,-8.300609
18.0,25.0,44.0,-8.300609
25.0,18.0,45.0,-35.52399
18.0,25.0,45.0,-35.52399
25.0,18.0,46.0,-26.791473
18.0,25.0,46.0,-26.791473
25.0,18.0,47.0,-25.589216
18.0,25.0,47.0,-25.589216
25.0,18.0,48.0,2.3308644
18.0,25.0,48.0,2.3308644
25.0,18.0,49.0,-1.3464352
18.0,25.0,49.0,-1.3464352
25.0,18.0,50.0,-2.8716526
18.0,25.0,50.0,-2.8716526
25.0,18.0,51.0,25.990673
18.0,25.0,51.0,25.990673
25.0,18.0,52.0,-21.275085
18.0,25.0,52.0,-21.275085
25.0,18.0,53.0,-29.835152
18.0,25.0,53.0,-29.835152
25.0,18.0,54.0,-9.859465
18.0,25.0,54.0,-9.859465
25.0,18.0,55.0,-15.046842
18.0,25.0,55.0,-15.046842
25.0,18.0,56.0,-29.695202
18.0,25.0,56.0,-29.695202
25.0,18.0,57.0,32.66093
18.0,25.0,57.0,32.66093
25.0,18.0,58.0,-14.727554
18.0,25.0,58.0,-14.727554
25.0,18.0,59.0,-28.246239
18.0,25.0,59.0,-28.246239
25.0,18.0,60.0,-10.819318
18.0,25.0,60.0,-10.819318
25.0,18.0,61.0,-14.438823
18.0,25.0,61.0,-14.438823
25.0,18.0,62.0,10.783899
18.0,25.0,62.0,10.783899
25.0,18.0,63.0,11.604271
18.0,25.0,63.0,11.604271
25.0,18.0,64.0,-13.225951
18.0,25.0,64.0,-13.225951
25.0,18.0,65.0,5.45483
18.0,25.0,65.0,5.45483
25.0,18.0,66.0,-3.3760653
18.0,25.0,66.0,-3.3760653
25.0,18.0,67.0,-26.737417
18.0,25.0,67.0,-26.737417
25.0,18.0,68.0,-6.5930433
18.0,25.0,68.0,-6.5930433
25.0,18.0,69.0,-30.953167
18.0,25.0,69.0,-30.953167
25.0,19.0,38.0,-40.104313
19.0,25.0,38.0,-40.104313
25.0,19.0,39.0,-27.523432
19.0,25.0,39.0,-27.523432
25.0,19.0,40.0,-27.318447
19.0,25.0,40.0,-27.318447
25.0,19.0,41.0,-29.459505
19.0,25.0,41.0,-29.459505
25.0,19.0,42.0,17.111036
19.0,25.0,42.0,17.111036
25.0,19.0,43.0,-0.10371661
19.0,25.0,43.0,-0.10371661
25.0,19.0,44.0,5.583688
19.0,25.0,44.0,5.583688
25.0,19.0,45.0,-25.701395
19.0,25.0,45.0,-25.701395
25.0,19.0,46.0,-0.72703344
19.0,25.0,46.0,-0.72703344
25.0,19.0,47.0,-3.0961685
19.0,25.0,47.0,-3.0961685
25.0,19.0,48.0,20.4283
19.0,25.0,48.0,20.4283
25.0,19.0,49.0,3.3307793
19.0,25.0,49.0,3.3307793
25.0,19.0,50.0,-8.024369
19.0,25.0,50.0,-8.024369
25.0,19.0,51.0,73.17899
19.0,25.0,51.0,73.17899
25.0,19.0,52.0,4.1051545
19.0,25.0,52.0,4.1051545
25.0,19.0,53.0,-16.933178
19.0,25.0,53.0,-16.933178
25.0,19.0,54.0,-40.539337
19.0,25.0,54.0,-40.539337
25.0,19.0,55.0,0.4760628
19.0,25.0,55.0,0.4760628
25.0,19.0,56.0,-29.807083
19.0,25.0,56.0,-29.807083
25.0,19.0,57.0,28.52453
19.0,25.0,57.0,28.52453
25.0,19.0,58.0,-16.243458
19.0,25.0,58.0,-16.243458
25.0,19.0,59.0,-20.021912
19.0,25.0,59.0,-20.021912
25.0,19.0,60.0,-15.49179
19.0,25.0,60.0,-15.49179
25.0,19.0,61.0,-12.143375
19.0,25.0,61.0,-12.143375
25.0,19.0,62.0,-17.328482
19.0,25.0,62.0,-17.328482
25.0,19.0,63.0,5.465754
19.0,25.0,63.0,5.465754
25.0,19.0,64.0,22.741747
19.0,25.0,64.0,22.741747
25.0,19.0,65.0,-11.39461
19.0,25.0,65.0,-11.39461
25.0,19.0,66.0,-3.0884213
19.0,25.0,66.0,-3.0884213
25.0,19.0,67.0,-4.311402
19.0,25.0,67.0,-4.311402
25.0,19.0,68.0,-13.941095
19.0,25.0,68.0,-13.941095
25.0,19.0,69.0,-14.693083
19.0,25.0,69.0,-14.693083
19.0,0.0,38.0,13.838261
0.0,19.0,38.0,13.838261
19.0,0.0,39.0,12.90869
0.0,19.0,39.0,12.90869
19.0,0.0,40.0,1.1606648
0.0,19.0,40.0,1.1606648
19.0,0.0,41.0,-58.52328
0.0,19.0,41.0,-58.52328
19.0,0.0,42.0,9.691395
0.0,19.0,42.0,9.691395
19.0,0.0,43.0,15.101946
0.0,19.0,43.0,15.101946
19.0,0.0,44.0,7.893267
0.0,19.0,44.0,7.893267
19.0,0.0,45.0,2.8144639
0.0,19.0,45.0,2.8144639
19.0,0.0,46.0,5.706616
0.0,19.0,46.0,5.706616
19.0,0.0,47.0,9.098551
0.0,19.0,47.0,9.098551
19.0,0.0,48.0,49.336937
0.0,19.0,48.0,49.336937
19.0,0.0,49.0,1.6019343
0.0,19.0,49.0,1.6019343
19.0,0.0,50.0,9.563319
0.0,19.0,50.0,9.563319
19.0,0.0,51.0,55.1937
0.0,19.0,51.0,55.1937
19.0,0.0,52.0,-3.536353
0.0,19.0,52.0,-3.536353
19.0,0.0,53.0,13.088026
0.0,19.0,53.0,13.088026
19.0,0.0,54.0,1.3847611
0.0,19.0,54.0,1.3847611
19.0,0.0,55.0,3.7716296
0.0,19.0,55.0,3.7716296
19.0,0.0,56.0,-0.6669647
0.0,19.0,56.0,-0.6669647
19.0,0.0,57.0,4.5148635
0.0,19.0,57.0,4.5148635
19.0,0.0,58.0,18.94
0.0,19.0,58.0,18.94
19.0,0.0,59.0,4.858223
0.0,19.0,59.0,4.858223
19.0,0.0,60.0,-0.8195364
0.0,19.0,60.0,-0.8195364
19.0,0.0,61.0,11.374888
0.0,19.0,61.0,11.374888
19.0,0.0,62.0,-0.19884291
0.0,19.0,62.0,-0.19884291
19.0,0.0,63.0,11.589481
0.0,19.0,63.0,11.589481
19.0,0.0,64.0,25.588524
0.0,19.0,64.0,25.588524
19.0,0.0,65.0,1.573625
0.0,19.0,65.0,1.573625
19.0,0.0,66.0,2.918784
0.0,19.0,66.0,2.918784
19.0,0.0,67.0,7.2509065
0.0,19.0,67.0,7.2509065
19.0,0.0,68.0,8.136506
0.0,19.0,68.0,8.136506
19.0,0.0,69.0,27.327578
0.0,19.0,69.0,27.327578
19.0,1.0,38.0,-5.7655725
1.0,19.0,38.0,-5.7655725
19.0,1.0,39.0,3.1939237
1.0,19.0,39.0,3.1939237
19.0,1.0,40.0,21.045055
1.0,19.0,40.0,21.045055
19.0,1.0,41.0,-15.374359
1.0,19.0,41.0,-15.374359
19.0,1.0,42.0,7.8945913
1.0,19.0,42.0,7.8945913
19.0,1.0,43.0,0.3921893
1.0,19.0,43.0,0.3921893
19.0,1.0,44.0,3.8195353
1.0,19.0,44.0,3.8195353
19.0,1.0,45.0,13.25866
1.0,19.0,45.0,13.25866
19.0,1.0,46.0,-0.48542184
1.0,19.0,46.0,-0.48542184
19.0,1.0,47.0,-3.0797784
1.0,19.0,47.0,-3.0797784
19.0,1.0,48.0,20.669964
1.0,19.0,48.0,20.669964
19.0,1.0,49.0,4.416867
1.0,19.0,49.0,4.416867
19.0,1.0,50.0,8.887352
1.0,19.0,50.0,8.887352
19.0,1.0,51.0,20.869585
1.0,19.0,51.0,20.869585
19.0,1.0,52.0,2.8558538
1.0,19.0,52.0,2.8558538
19.0,1.0,53.0,-0.6081484
1.0,19.0,53.0,-0.6081484
19.0,1.0,54.0,10.3411255
1.0,19.0,54.0,10.3411255
19.0,1.0,55.0,-0.8368905
1.0,19.0,55.0,-0.8368905
19.0,1.0,56.0,0.6814542
1.0,19.0,56.0,0.6814542
19.0,1.0,57.0,-5.033959
1.0,19.0,57.0,-5.033959
19.0,1.0,58.0,11.407921
1.0,19.0,58.0,11.407921
19.0,1.0,59.0,-0.4903228
1.0,19.0,59.0,-0.4903228
19.0,1.0,60.0,-1.7353671
1.0,19.0,60.0,-1.7353671
19.0,1.0,61.0,15.090457
1.0,19.0,61.0,15.090457
19.0,1.0,62.0,-12.611829
1.0,19.0,62.0,-12.611829
19.0,1.0,63.0,25.900494
1.0,19.0,63.0,25.900494
19.0,1.0,64.0,26.885616
1.0,19.0,64.0,26.885616
19.0,1.0,65.0,-5.0377145
1.0,19.0,65.0,-5.0377145
19.0,1.0,66.0,7.172291
1.0,19.0,66.0,7.172291
19.0,1.0,67.0,21.038393
1.0,19.0,67.0,21.038393
19.0,1.0,68.0,14.177466
1.0,19.0,68.0,14.177466
19.0,1.0,69.0,-4.124492
1.0,19.0,69.0,-4.124492
19.0,2.0,38.0,22.428272
2.0,19.0,38.0,22.428272
19.0,2.0,39.0,13.586033
2.0,19.0,39.0,13.586033
19.0,2.0,40.0,9.815659
2.0,19.0,40.0,9.815659
19.0,2.0,41.0,-38.27421
2.0,19.0,41.0,-38.27421
19.0,2.0,42.0,17.949385
2.0,19.0,42.0,17.949385
19.0,2.0,43.0,19.007915
2.0,19.0,43.0,19.007915
19.0,2.0,44.0,25.663202
2.0,19.0,44.0,25.663202
19.0,2.0,45.0,22.726345
2.0,19.0,45.0,22.726345
19.0,2.0,46.0,8.448809
2.0,19.0,46.0,8.448809
19.0,2.0,47.0,22.638206
2.0,19.0,47.0,22.638206
19.0,2.0,48.0,96.700165
2.0,19.0,48.0,96.700165
19.0,2.0,49.0,20.007656
2.0,19.0,49.0,20.007656
19.0,2.0,50.0,25.203436
2.0,19.0,50.0,25.203436
19.0,2.0,51.0,55.526703
2.0,19.0,51.0,55.526703
19.0,2.0,52.0,7.290352
2.0,19.0,52.0,7.290352
19.0,2.0,53.0,25.382147
2.0,19.0,53.0,25.382147
19.0,2.0,54.0,-3.603399
2.0,19.0,54.0,-3.603399
19.0,2.0,55.0,14.951057
2.0,19.0,55.0,14.951057
19.0,2.0,56.0,-2.165708
2.0,19.0,56.0,-2.165708
19.0,2.0,57.0,21.814724
2.0,19.0,57.0,21.814724
19.0,2.0,58.0,7.7793717
2.0,19.0,58.0,7.7793717
19.0,2.0,59.0,22.349833
2.0,19.0,59.0,22.349833
19.0,2.0,60.0,20.009054
2.0,19.0,60.0,20.009054
19.0,2.0,61.0,18.108833
2.0,19.0,61.0,18.108833
19.0,2.0,62.0,9.722652
2.0,19.0,62.0,9.722652
19.0,2.0,63.0,23.830393
2.0,19.0,63.0,23.830393
19.0,2.0,64.0,21.092827
2.0,19.0,64.0,21.092827
19.0,2.0,65.0,-4.4607377
2.0,19.0,65.0,-4.4607377
19.0,2.0,66.0,24.765493
2.0,19.0,66.0,24.765493
19.0,2.0,67.0,109.72505
2.0,19.0,67.0,109.72505
19.0,2.0,68.0,8.80548
2.0,19.0,68.0,8.80548
19.0,2.0,69.0,28.682974
2.0,19.0,69.0,28.682974
19.0,3.0,38.0,7.830062
3.0,19.0,38.0,7.830062
19.0,3.0,39.0,-20.877468
3.0,19.0,39.0,-20.877468
19.0,3.0,40.0,6.131758
3.0,19.0,40.0,6.131758
19.0,3.0,41.0,-46.200676
3.0,19.0,41.0,-46.200676
19.0,3.0,42.0,-17.250769
3.0,19.0,42.0,-17.250769
19.0,3.0,43.0,14.799419
3.0,19.0,43.0,14.799419
19.0,3.0,44.0,4.1832314
3.0,19.0,44.0,4.1832314
19.0,3.0,45.0,-3.824903
3.0,19.0,45.0,-3.824903
19.0,3.0,46.0,4.1140227
3.0,19.0,46.0,4.1140227
19.0,3.0,47.0,-1.0599955
3.0,19.0,47.0,-1.0599955
19.0,3.0,48.0,25.515808
3.0,19.0,48.0,25.515808
19.0,3.0,49.0,-0.47281104
3.0,19.0,49.0,-0.47281104
19.0,3.0,50.0,1.3034478
3.0,19.0,50.0,1.3034478
19.0,3.0,51.0,74.1679
3.0,19.0,51.0,74.1679
19.0,3.0,52.0,-14.968688
3.0,19.0,52.0,-14.968688
19.0,3.0,53.0,6.1777086
3.0,19.0,53.0,6.1777086
19.0,3.0,54.0,-19.282576
3.0,19.0,54.0,-19.282576
19.0,3.0,55.0,-18.64506
3.0,19.0,55.0,-18.64506
19.0,3.0,56.0,-11.739514
3.0,19.0,56.0,-11.739514
19.0,3.0,57.0,4.948991
3.0,19.0,57.0,4.948991
19.0,3.0,58.0,-15.573393
3.0,19.0,58.0,-15.573393
19.0,3.0,59.0,-15.739529
3.0,19.0,59.0,-15.739529
19.0,3.0,60.0,13.57105
3.0,19.0,60.0,13.57105
19.0,3.0,61.0,-1.188735
3.0,19.0,61.0,-1.188735
19.0,3.0,62.0,-2.4981253
3.0,19.0,62.0,-2.4981253
19.0,3.0,63.0,3.1975768
3.0,19.0,63.0,3.1975768
19.0,3.0,64.0,30.883509
3.0,19.0,64.0,30.883509
19.0,3.0,65.0,0.39165106
3.0,19.0,65.0,0.39165106
19.0,3.0,66.0,17.380909
3.0,19.0,66.0,17.380909
19.0,3.0,67.0,2.863954
3.0,19.0,67.0,2.863954
19.0,3.0,68.0,-1.4958365
3.0,19.0,68.0,-1.4958365
19.0,3.0,69.0,18.007273
3.0,19.0,69.0,18.007273
19.0,4.0,38.0,48.604332
4.0,19.0,38.0,48.604332
19.0,4.0,39.0,21.545681
4.0,19.0,39.0,21.545681
19.0,4.0,40.0,-11.308302
4.0,19.0,40.0,-11.308302
19.0,4.0,41.0,-3.642809
4.0,19.0,41.0,-3.642809
19.0,4.0,42.0,9.004165
4.0,19.0,42.0,9.004165
19.0,4.0,43.0,49.729763
4.0,19.0,43.0,49.729763
19.0,4.0,44.0,20.547876
4.0,19.0,44.0,20.547876
19.0,4.0,45.0,1.9140283
4.0,19.0,45.0,1.9140283
19.0,4.0,46.0,33.79448
4.0,19.0,46.0,33.79448
19.0,4.0,47.0,4.388122
4.0,19.0,47.0,4.388122
19.0,4.0,48.0,43.65733
4.0,19.0,48.0,43.65733
19.0,4.0,49.0,12.486486
4.0,19.0,49.0,12.486486
19.0,4.0,50.0,6.9523644
4.0,19.0,50.0,6.9523644
19.0,4.0,51.0,103.966125
4.0,19.0,51.0,103.966125
19.0,4.0,52.0,30.891312
4.0,19.0,52.0,30.891312
19.0,4.0,53.0,-40.21973
4.0,19.0,53.0,-40.21973
19.0,4.0,54.0,-2.1679244
4.0,19.0,54.0,-2.1679244
19.0,4.0,55.0,19.235416
4.0,19.0,55.0,19.235416
19.0,4.0,56.0,-8.460772
4.0,19.0,56.0,-8.460772
19.0,4.0,57.0,8.0369005
4.0,19.0,57.0,8.0369005
19.0,4.0,58.0,46.335476
4.0,19.0,58.0,46.335476
19.0,4.0,59.0,2.1580455
4.0,19.0,59.0,2.1580455
19.0,4.0,60.0,1.0610394
4.0,19.0,60.0,1.0610394
19.0,4.0,61.0,4.062051
4.0,19.0,61.0,4.062051
19.0,4.0,62.0,5.9697833
4.0,19.0,62.0,5.9697833
19.0,4.0,63.0,-5.7044377
4.0,19.0,63.0,-5.7044377
19.0,4.0,64.0,-3.4610295
4.0,19.0,64.0,-3.4610295
19.0,4.0,65.0,18.392138
4.0,19.0,65.0,18.392138
19.0,4.0,66.0,30.501299
4.0,19.0,66.0,30.501299
19.0,4.0,67.0,11.809312
4.0,19.0,67.0,11.809312
19.0,4.0,68.0,21.55959
4.0,19.0,68.0,21.55959
19.0,4.0,69.0,24.088991
4.0,19.0,69.0,24.088991
19.0,5.0,38.0,-41.292606
5.0,19.0,38.0,-41.292606
19.0,5.0,39.0,-15.484869
5.0,19.0,39.0,-15.484869
19.0,5.0,40.0,-30.037611
5.0,19.0,40.0,-30.037611
19.0,5.0,41.0,-26.085966
5.0,19.0,41.0,-26.085966
19.0,5.0,42.0,-4.9365644
5.0,19.0,42.0,-4.9365644
19.0,5.0,43.0,-21.461077
5.0,19.0,43.0,-21.461077
19.0,5.0,44.0,-23.69203
5.0,19.0,44.0,-23.69203
19.0,5.0,45.0,-42.05044
5.0,19.0,45.0,-42.05044
19.0,5.0,46.0,-21.20289
5.0,19.0,46.0,-21.20289
19.0,5.0,47.0,-21.74451
5.0,19.0,47.0,-21.74451
19.0,5.0,48.0,10.704658
5.0,19.0,48.0,10.704658
19.0,5.0,49.0,-25.94683
5.0,19.0,49.0,-25.94683
19.0,5.0,50.0,-10.68635
5.0,19.0,50.0,-10.68635
19.0,5.0,51.0,8.409877
5.0,19.0,51.0,8.409877
19.0,5.0,52.0,-28.820982
5.0,19.0,52.0,-28.820982
19.0,5.0,53.0,-16.363554
5.0,19.0,53.0,-16.363554
19.0,5.0,54.0,-34.895344
5.0,19.0,54.0,-34.895344
19.0,5.0,55.0,-28.05694
5.0,19.0,55.0,-28.05694
19.0,5.0,56.0,-23.586884
5.0,19.0,56.0,-23.586884
19.0,5.0,57.0,-38.792854
5.0,19.0,57.0,-38.792854
19.0,5.0,58.0,-15.546105
5.0,19.0,58.0,-15.546105
19.0,5.0,59.0,-14.372593
5.0,19.0,59.0,-14.372593
19.0,5.0,60.0,0.20905775
5.0,19.0,60.0,0.20905775
19.0,5.0,61.0,-15.941812
5.0,19.0,61.0,-15.941812
19.0,5.0,62.0,-16.328802
5.0,19.0,62.0,-16.328802
19.0,5.0,63.0,-10.22209
5.0,19.0,63.0,-10.22209
19.0,5.0,64.0,-28.47377
5.0,19.0,64.0,-28.47377
19.0,5.0,65.0,-39.950665
5.0,19.0,65.0,-39.950665
19.0,5.0,66.0,-22.22398
5.0,19.0,66.0,-22.22398
19.0,5.0,67.0,-16.995832
5.0,19.0,67.0,-16.995832
19.0,5.0,68.0,-26.710882
5.0,19.0,68.0,-26.710882
19.0,5.0,69.0,-23.372768
5.0,19.0,69.0,-23.372768
19.0,6.0,38.0,2.5500774
6.0,19.0,38.0,2.5500774
19.0,6.0,39.0,9.934169
6.0,19.0,39.0,9.934169
19.0,6.0,40.0,12.562175
6.0,19.0,40.0,12.562175
19.0,6.0,41.0,4.992669
6.0,19.0,41.0,4.992669
19.0,6.0,42.0,39.031384
6.0,19.0,42.0,39.031384
19.0,6.0,43.0,14.399757
6.0,19.0,43.0,14.399757
19.0,6.0,44.0,21.621483
6.0,19.0,44.0,21.621483
19.0,6.0,45.0,-0.62860054
6.0,19.0,45.0,-0.62860054
19.0,6.0,46.0,12.380244
6.0,19.0,46.0,12.380244
19.0,6.0,47.0,7.9255652
6.0,19.0,47.0,7.9255652
19.0,6.0,48.0,44.004776
6.0,19.0,48.0,44.004776
19.0,6.0,49.0,16.206875
6.0,19.0,49.0,16.206875
19.0,6.0,50.0,12.200645
6.0,19.0,50.0,12.200645
19.0,6.0,51.0,55.449287
6.0,19.0,51.0,55.449287
19.0,6.0,52.0,1.2809035
6.0,19.0,52.0,1.2809035
19.0,6.0,53.0,30.731781
6.0,19.0,53.0,30.731781
19.0,6.0,54.0,-17.016644
6.0,19.0,54.0,-17.016644
19.0,6.0,55.0,10.936684
6.0,19.0,55.0,10.936684
19.0,6.0,56.0,9.234349
6.0,19.0,56.0,9.234349
19.0,6.0,57.0,12.960247
6.0,19.0,57.0,12.960247
19.0,6.0,58.0,9.631951
6.0,19.0,58.0,9.631951
19.0,6.0,59.0,0.53998244
6.0,19.0,59.0,0.53998244
19.0,6.0,60.0,17.008604
6.0,19.0,60.0,17.008604
19.0,6.0,61.0,19.506666
6.0,19.0,61.0,19.506666
19.0,6.0,62.0,1.4319842
6.0,19.0,62.0,1.4319842
19.0,6.0,63.0,22.037024
6.0,19.0,63.0,22.037024
19.0,6.0,64.0,14.227498
6.0,19.0,64.0,14.227498
19.0,6.0,65.0,-10.655506
6.0,19.0,65.0,-10.655506
19.0,6.0,66.0,37.629208
6.0,19.0,66.0,37.629208
19.0,6.0,67.0,16.87794
6.0,19.0,67.0,16.87794
19.0,6.0,68.0,23.813183
6.0,19.0,68.0,23.813183
19.0,6.0,69.0,69.6869
6.0,19.0,69.0,69.6869
19.0,7.0,38.0,-6.835505
7.0,19.0,38.0,-6.835505
19.0,7.0,39.0,-22.465088
7.0,19.0,39.0,-22.465088
19.0,7.0,40.0,-33.8555
7.0,19.0,40.0,-33.8555
19.0,7.0,41.0,-39.781387
7.0,19.0,41.0,-39.781387
19.0,7.0,42.0,12.601081
7.0,19.0,42.0,12.601081
19.0,7.0,43.0,-13.800988
7.0,19.0,43.0,-13.800988
19.0,7.0,44.0,6.191317
7.0,19.0,44.0,6.191317
19.0,7.0,45.0,-15.941155
7.0,19.0,45.0,-15.941155
19.0,7.0,46.0,-23.887285
7.0,19.0,46.0,-23.887285
19.0,7.0,47.0,-3.157044
7.0,19.0,47.0,-3.157044
19.0,7.0,48.0,39.888916
7.0,19.0,48.0,39.888916
19.0,7.0,49.0,-7.7120314
7.0,19.0,49.0,-7.7120314
19.0,7.0,50.0,16.035044
7.0,19.0,50.0,16.035044
19.0,7.0,51.0,12.05624
7.0,19.0,51.0,12.05624
19.0,7.0,52.0,-18.864204
7.0,19.0,52.0,-18.864204
19.0,7.0,53.0,-14.347584
7.0,19.0,53.0,-14.347584
19.0,7.0,54.0,-47.958725
7.0,19.0,54.0,-47.958725
19.0,7.0,55.0,-13.992675
7.0,19.0,55.0,-13.992675
19.0,7.0,56.0,-12.997528
7.0,19.0,56.0,-12.997528
19.0,7.0,57.0,-5.855379
7.0,19.0,57.0,-5.855379
19.0,7.0,58.0,-13.228172
7.0,19.0,58.0,-13.228172
19.0,7.0,59.0,0.17129274
7.0,19.0,59.0,0.17129274
19.0,7.0,60.0,-12.0037365
7.0,19.0,60.0,-12.0037365
19.0,7.0,61.0,-18.770775
7.0,19.0,61.0,-18.770775
19.0,7.0,62.0,-10.257335
7.0,19.0,62.0,-10.257335
19.0,7.0,63.0,-28.67748
7.0,19.0,63.0,-28.67748
19.0,7.0,64.0,-3.7460938
7.0,19.0,64.0,-3.7460938
19.0,7.0,65.0,-35.297356
7.0,19.0,65.0,-35.297356
19.0,7.0,66.0,-9.904677
7.0,19.0,66.0,-9.904677
19.0,7.0,67.0,-1.0063202
7.0,19.0,67.0,-1.0063202
19.0,7.0,68.0,-31.260548
7.0,19.0,68.0,-31.260548
19.0,7.0,69.0,24.712105
7.0,19.0,69.0,24.712105
19.0,24.0,38.0,-9.446463
24.0,19.0,38.0,-9.446463
19.0,24.0,39.0,1.1839398
24.0,19.0,39.0,1.1839398
19.0,24.0,40.0,-4.1818953
24.0,19.0,40.0,-4.1818953
19.0,24.0,41.0,-21.059387
24.0,19.0,41.0,-21.059387
19.0,24.0,42.0,4.556485
24.0,19.0,42.0,4.556485
19.0,24.0,43.0,-5.1591773
24.0,19.0,43.0,-5.1591773
19.0,24.0,44.0,10.538735
24.0,19.0,44.0,10.538735
19.0,24.0,45.0,-19.249832
24.0,19.0,45.0,-19.249832
19.0,24.0,46.0,13.049858
24.0,19.0,46.0,13.049858
19.0,24.0,47.0,-5.005858
24.0,19.0,47.0,-5.005858
19.0,24.0,48.0,-66.718864
24.0,19.0,48.0,-66.718864
19.0,24.0,49.0,0.13772503
24.0,19.0,49.0,0.13772503
19.0,24.0,50.0,11.2731085
24.0,19.0,50.0,11.2731085
19.0,24.0,51.0,4.1940074
24.0,19.0,51.0,4.1940074
19.0,24.0,52.0,-22.285759
24.0,19.0,52.0,-22.285759
19.0,24.0,53.0,5.541733
24.0,19.0,53.0,5.541733
19.0,24.0,54.0,1.7073623
24.0,19.0,54.0,1.7073623
19.0,24.0,55.0,3.6618826
24.0,19.0,55.0,3.6618826
19.0,24.0,56.0,-14.598292
24.0,19.0,56.0,-14.598292
19.0,24.0,57.0,5.716928
24.0,19.0,57.0,5.716928
19.0,24.0,58.0,-6.9428134
24.0,19.0,58.0,-6.9428134
19.0,24.0,59.0,-6.7274203
24.0,19.0,59.0,-6.7274203
19.0,24.0,60.0,-11.466673
24.0,19.0,60.0,-11.466673
19.0,24.0,61.0,0.7203347
24.0,19.0,61.0,0.7203347
19.0,24.0,62.0,4.169057
24.0,19.0,62.0,4.169057
19.0,24.0,63.0,-9.425993
24.0,19.0,63.0,-9.425993
19.0,24.0,64.0,-4.1651506
24.0,19.0,64.0,-4.1651506
19.0,24.0,65.0,-12.223498
24.0,19.0,65.0,-12.223498
19.0,24.0,66.0,3.5357065
24.0,19.0,66.0,3.5357065
19.0,24.0,67.0,5.3813543
24.0,19.0,67.0,5.3813543
19.0,24.0,68.0,-1.8888589
24.0,19.0,68.0,-1.8888589
19.0,24.0,69.0,0.86799824
24.0,19.0,69.0,0.86799824
19.0,9.0,38.0,-11.551256
9.0,19.0,38.0,-11.551256
19.0,9.0,39.0,6.379281
9.0,19.0,39.0,6.379281
19.0,9.0,40.0,27.957336
9.0,19.0,40.0,27.957336
19.0,9.0,41.0,-48.031418
9.0,19.0,41.0,-48.031418
19.0,9.0,42.0,0.21666996
9.0,19.0,42.0,0.21666996
19.0,9.0,43.0,12.597342
9.0,19.0,43.0,12.597342
19.0,9.0,44.0,9.477625
9.0,19.0,44.0,9.477625
19.0,9.0,45.0,10.738072
9.0,19.0,45.0,10.738072
19.0,9.0,46.0,9.33008
9.0,19.0,46.0,9.33008
19.0,9.0,47.0,15.8702135
9.0,19.0,47.0,15.8702135
19.0,9.0,48.0,22.537773
9.0,19.0,48.0,22.537773
19.0,9.0,49.0,14.325213
9.0,19.0,49.0,14.325213
19.0,9.0,50.0,4.8407445
9.0,19.0,50.0,4.8407445
19.0,9.0,51.0,58.976257
9.0,19.0,51.0,58.976257
19.0,9.0,52.0,5.5353684
9.0,19.0,52.0,5.5353684
19.0,9.0,53.0,12.849509
9.0,19.0,53.0,12.849509
19.0,9.0,54.0,-15.533142
9.0,19.0,54.0,-15.533142
19.0,9.0,55.0,-9.297447
9.0,19.0,55.0,-9.297447
19.0,9.0,56.0,13.376015
9.0,19.0,56.0,13.376015
19.0,9.0,57.0,0.017055279
9.0,19.0,57.0,0.017055279
19.0,9.0,58.0,25.642185
9.0,19.0,58.0,25.642185
19.0,9.0,59.0,4.862405
9.0,19.0,59.0,4.862405
19.0,9.0,60.0,5.8892574
9.0,19.0,60.0,5.8892574
19.0,9.0,61.0,1.7307765
9.0,19.0,61.0,1.7307765
19.0,9.0,62.0,3.0946975
9.0,19.0,62.0,3.0946975
19.0,9.0,63.0,8.142472
9.0,19.0,63.0,8.142472
19.0,9.0,64.0,8.49639
9.0,19.0,64.0,8.49639
19.0,9.0,65.0,10.265257
9.0,19.0,65.0,10.265257
19.0,9.0,66.0,26.823305
9.0,19.0,66.0,26.823305
19.0,9.0,67.0,-21.49367
9.0,19.0,67.0,-21.49367
19.0,9.0,68.0,30.916906
9.0,19.0,68.0,30.916906
19.0,9.0,69.0,38.790028
9.0,19.0,69.0,38.790028
19.0,10.0,38.0,11.176005
10.0,19.0,38.0,11.176005
19.0,10.0,39.0,1.192794
10.0,19.0,39.0,1.192794
19.0,10.0,40.0,7.316055
10.0,19.0,40.0,7.316055
19.0,10.0,41.0,-6.5112815
10.0,19.0,41.0,-6.5112815
19.0,10.0,42.0,17.531033
10.0,19.0,42.0,17.531033
19.0,10.0,43.0,-3.0200276
10.0,19.0,43.0,-3.0200276
19.0,10.0,44.0,11.256928
10.0,19.0,44.0,11.256928
19.0,10.0,45.0,23.119423
10.0,19.0,45.0,23.119423
19.0,10.0,46.0,16.793842
10.0,19.0,46.0,16.793842
19.0,10.0,47.0,41.433456
10.0,19.0,47.0,41.433456
19.0,10.0,48.0,37.399525
10.0,19.0,48.0,37.399525
19.0,10.0,49.0,17.420164
10.0,19.0,49.0,17.420164
19.0,10.0,50.0,16.435205
10.0,19.0,50.0,16.435205
19.0,10.0,51.0,79.58113
10.0,19.0,51.0,79.58113
19.0,10.0,52.0,24.233486
10.0,19.0,52.0,24.233486
19.0,10.0,53.0,35.073215
10.0,19.0,53.0,35.073215
19.0,10.0,54.0,-8.468499
10.0,19.0,54.0,-8.468499
19.0,10.0,55.0,9.848153
10.0,19.0,55.0,9.848153
19.0,10.0,56.0,-6.8756456
10.0,19.0,56.0,-6.8756456
19.0,10.0,57.0,25.277576
10.0,19.0,57.0,25.277576
19.0,10.0,58.0,13.200741
10.0,19.0,58.0,13.200741
19.0,10.0,59.0,15.555572
10.0,19.0,59.0,15.555572
19.0,10.0,60.0,13.2512
10.0,19.0,60.0,13.2512
19.0,10.0,61.0,5.677674
10.0,19.0,61.0,5.677674
19.0,10.0,62.0,11.51702
10.0,19.0,62.0,11.51702
19.0,10.0,63.0,37.128376
10.0,19.0,63.0,37.128376
19.0,10.0,64.0,36.216595
10.0,19.0,64.0,36.216595
19.0,10.0,65.0,28.299398
10.0,19.0,65.0,28.299398
19.0,10.0,66.0,33.874344
10.0,19.0,66.0,33.874344
19.0,10.0,67.0,6.8112574
10.0,19.0,67.0,6.8112574
19.0,10.0,68.0,18.061722
10.0,19.0,68.0,18.061722
19.0,10.0,69.0,38.09437
10.0,19.0,69.0,38.09437
19.0,11.0,38.0,0.16766164
11.0,19.0,38.0,0.16766164
19.0,11.0,39.0,13.057987
11.0,19.0,39.0,13.057987
19.0,11.0,40.0,16.480125
11.0,19.0,40.0,16.480125
19.0,11.0,41.0,-15.732787
11.0,19.0,41.0,-15.732787
19.0,11.0,42.0,1.2785968
11.0,19.0,42.0,1.2785968
19.0,11.0,43.0,25.394299
11.0,19.0,43.0,25.394299
19.0,11.0,44.0,-2.681573
11.0,19.0,44.0,-2.681573
19.0,11.0,45.0,-4.3283
11.0,19.0,45.0,-4.3283
19.0,11.0,46.0,7.04658
11.0,19.0,46.0,7.04658
19.0,11.0,47.0,12.026126
11.0,19.0,47.0,12.026126
19.0,11.0,48.0,15.349535
11.0,19.0,48.0,15.349535
19.0,11.0,49.0,-3.640807
11.0,19.0,49.0,-3.640807
19.0,11.0,50.0,10.705247
11.0,19.0,50.0,10.705247
19.0,11.0,51.0,45.73886
11.0,19.0,51.0,45.73886
19.0,11.0,52.0,0.1584979
11.0,19.0,52.0,0.1584979
19.0,11.0,53.0,14.317884
11.0,19.0,53.0,14.317884
19.0,11.0,54.0,-16.74983
11.0,19.0,54.0,-16.74983
19.0,11.0,55.0,-3.062591
11.0,19.0,55.0,-3.062591
19.0,11.0,56.0,-3.8091993
11.0,19.0,56.0,-3.8091993
19.0,11.0,57.0,-2.8514016
11.0,19.0,57.0,-2.8514016
19.0,11.0,58.0,28.031862
11.0,19.0,58.0,28.031862
19.0,11.0,59.0,-2.123628
11.0,19.0,59.0,-2.123628
19.0,11.0,60.0,-2.8555164
11.0,19.0,60.0,-2.8555164
19.0,11.0,61.0,1.2861506
11.0,19.0,61.0,1.2861506
19.0,11.0,62.0,-8.6754675
11.0,19.0,62.0,-8.6754675
19.0,11.0,63.0,0.31824684
11.0,19.0,63.0,0.31824684
19.0,11.0,64.0,26.348915
11.0,19.0,64.0,26.348915
19.0,11.0,65.0,-9.56199
11.0,19.0,65.0,-9.56199
19.0,11.0,66.0,9.4007015
11.0,19.0,66.0,9.4007015
19.0,11.0,67.0,-3.309461
11.0,19.0,67.0,-3.309461
19.0,11.0,68.0,5.987111
11.0,19.0,68.0,5.987111
19.0,11.0,69.0,16.99641
11.0,19.0,69.0,16.99641
19.0,12.0,38.0,-16.929155
12.0,19.0,38.0,-16.929155
19.0,12.0,39.0,1.6207275
12.0,19.0,39.0,1.6207275
19.0,12.0,40.0,15.536084
12.0,19.0,40.0,15.536084
19.0,12.0,41.0,-12.0152235
12.0,19.0,41.0,-12.0152235
19.0,12.0,42.0,13.198784
12.0,19.0,42.0,13.198784
19.0,12.0,43.0,0.110957004
12.0,19.0,43.0,0.110957004
19.0,12.0,44.0,9.948401
12.0,19.0,44.0,9.948401
19.0,12.0,45.0,4.1402936
12.0,19.0,45.0,4.1402936
19.0,12.0,46.0,2.8525558
12.0,19.0,46.0,2.8525558
19.0,12.0,47.0,19.40219
12.0,19.0,47.0,19.40219
19.0,12.0,48.0,2.5371635
12.0,19.0,48.0,2.5371635
19.0,12.0,49.0,-0.5188546
12.0,19.0,49.0,-0.5188546
19.0,12.0,50.0,-0.8993218
12.0,19.0,50.0,-0.8993218
19.0,12.0,51.0,43.007942
12.0,19.0,51.0,43.007942
19.0,12.0,52.0,2.9855642
12.0,19.0,52.0,2.9855642
19.0,12.0,53.0,5.6012526
12.0,19.0,53.0,5.6012526
19.0,12.0,54.0,-14.381576
12.0,19.0,54.0,-14.381576
19.0,12.0,55.0,1.5008045
12.0,19.0,55.0,1.5008045
19.0,12.0,56.0,-3.24191
12.0,19.0,56.0,-3.24191
19.0,12.0,57.0,0.7992034
12.0,19.0,57.0,0.7992034
19.0,12.0,58.0,9.875319
12.0,19.0,58.0,9.875319
19.0,12.0,59.0,-8.40891
12.0,19.0,59.0,-8.40891
19.0,12.0,60.0,17.90192
12.0,19.0,60.0,17.90192
19.0,12.0,61.0,3.361015
12.0,19.0,61.0,3.361015
19.0,12.0,62.0,17.542877
12.0,19.0,62.0,17.542877
19.0,12.0,63.0,-5.7218413
12.0,19.0,63.0,-5.7218413
19.0,12.0,64.0,13.76946
12.0,19.0,64.0,13.76946
19.0,12.0,65.0,-0.40379906
12.0,19.0,65.0,-0.40379906
19.0,12.0,66.0,11.778959
12.0,19.0,66.0,11.778959
19.0,12.0,67.0,36.608276
12.0,19.0,67.0,36.608276
19.0,12.0,68.0,-2.5293794
12.0,19.0,68.0,-2.5293794
19.0,12.0,69.0,9.027358
12.0,19.0,69.0,9.027358
19.0,13.0,38.0,27.595556
13.0,19.0,38.0,27.595556
19.0,13.0,39.0,41.266743
13.0,19.0,39.0,41.266743
19.0,13.0,40.0,25.570442
13.0,19.0,40.0,25.570442
19.0,13.0,41.0,16.46149
13.0,19.0,41.0,16.46149
19.0,13.0,42.0,10.226843
13.0,19.0,42.0,10.226843
19.0,13.0,43.0,33.234795
13.0,19.0,43.0,33.234795
19.0,13.0,44.0,15.493603
13.0,19.0,44.0,15.493603
19.0,13.0,45.0,6.115448
13.0,19.0,45.0,6.115448
19.0,13.0,46.0,8.064823
13.0,19.0,46.0,8.064823
19.0,13.0,47.0,25.490108
13.0,19.0,47.0,25.490108
19.0,13.0,48.0,25.494759
13.0,19.0,48.0,25.494759
19.0,13.0,49.0,10.40999
13.0,19.0,49.0,10.40999
19.0,13.0,50.0,17.776123
13.0,19.0,50.0,17.776123
19.0,13.0,51.0,28.269966
13.0,19.0,51.0,28.269966
19.0,13.0,52.0,17.651007
13.0,19.0,52.0,17.651007
19.0,13.0,53.0,22.622005
13.0,19.0,53.0,22.622005
19.0,13.0,54.0,1.7159545
13.0,19.0,54.0,1.7159545
19.0,13.0,55.0,-0.84448946
13.0,19.0,55.0,-0.84448946
19.0,13.0,56.0,-7.420847
13.0,19.0,56.0,-7.420847
19.0,13.0,57.0,21.518549
13.0,19.0,57.0,21.518549
19.0,13.0,58.0,13.742935
13.0,19.0,58.0,13.742935
19.0,13.0,59.0,28.632505
13.0,19.0,59.0,28.632505
19.0,13.0,60.0,37.797512
13.0,19.0,60.0,37.797512
19.0,13.0,61.0,22.70705
13.0,19.0,61.0,22.70705
19.0,13.0,62.0,32.182983
13.0,19.0,62.0,32.182983
19.0,13.0,63.0,9.520873
13.0,19.0,63.0,9.520873
19.0,13.0,64.0,35.557785
13.0,19.0,64.0,35.557785
19.0,13.0,65.0,4.2318516
13.0,19.0,65.0,4.2318516
19.0,13.0,66.0,19.13459
13.0,19.0,66.0,19.13459
19.0,13.0,67.0,24.073923
13.0,19.0,67.0,24.073923
19.0,13.0,68.0,11.839176
13.0,19.0,68.0,11.839176
19.0,13.0,69.0,20.80908
13.0,19.0,69.0,20.80908
19.0,14.0,38.0,42.035976
14.0,19.0,38.0,42.035976
19.0,14.0,39.0,9.881196
14.0,19.0,39.0,9.881196
19.0,14.0,40.0,43.78931
14.0,19.0,40.0,43.78931
19.0,14.0,41.0,-1.3694502
14.0,19.0,41.0,-1.3694502
19.0,14.0,42.0,24.43899
14.0,19.0,42.0,24.43899
19.0,14.0,43.0,8.293803
14.0,19.0,43.0,8.293803
19.0,14.0,44.0,14.4845915
14.0,19.0,44.0,14.4845915
19.0,14.0,45.0,5.978163
14.0,19.0,45.0,5.978163
19.0,14.0,46.0,21.50193
14.0,19.0,46.0,21.50193
19.0,14.0,47.0,7.111209
14.0,19.0,47.0,7.111209
19.0,14.0,48.0,33.6403
14.0,19.0,48.0,33.6403
19.0,14.0,49.0,10.793373
14.0,19.0,49.0,10.793373
19.0,14.0,50.0,14.419978
14.0,19.0,50.0,14.419978
19.0,14.0,51.0,35.320934
14.0,19.0,51.0,35.320934
19.0,14.0,52.0,-0.7711729
14.0,19.0,52.0,-0.7711729
19.0,14.0,53.0,3.717109
14.0,19.0,53.0,3.717109
19.0,14.0,54.0,13.30458
14.0,19.0,54.0,13.30458
19.0,14.0,55.0,6.0281196
14.0,19.0,55.0,6.0281196
19.0,14.0,56.0,4.5707674
14.0,19.0,56.0,4.5707674
19.0,14.0,57.0,-1.7218868
14.0,19.0,57.0,-1.7218868
19.0,14.0,58.0,-3.1032424
14.0,19.0,58.0,-3.1032424
19.0,14.0,59.0,8.169317
14.0,19.0,59.0,8.169317
19.0,14.0,60.0,8.227037
14.0,19.0,60.0,8.227037
19.0,14.0,61.0,1.8168101
14.0,19.0,61.0,1.8168101
19.0,14.0,62.0,19.882114
14.0,19.0,62.0,19.882114
19.0,14.0,63.0,12.274374
14.0,19.0,63.0,12.274374
19.0,14.0,64.0,36.87808
14.0,19.0,64.0,36.87808
19.0,14.0,65.0,11.408625
14.0,19.0,65.0,11.408625
19.0,14.0,66.0,-2.866008
14.0,19.0,66.0,-2.866008
19.0,14.0,67.0,-27.727198
14.0,19.0,67.0,-27.727198
19.0,14.0,68.0,15.334224
14.0,19.0,68.0,15.334224
19.0,14.0,69.0,25.848032
14.0,19.0,69.0,25.848032
19.0,20.0,38.0,-7.533672
20.0,19.0,38.0,-7.533672
19.0,20.0,39.0,-10.830979
20.0,19.0,39.0,-10.830979
19.0,20.0,40.0,-10.126394
20.0,19.0,40.0,-10.126394
19.0,20.0,41.0,-5.4666953
20.0,19.0,41.0,-5.4666953
19.0,20.0,42.0,14.661654
20.0,19.0,42.0,14.661654
19.0,20.0,43.0,-4.4836407
20.0,19.0,43.0,-4.4836407
19.0,20.0,44.0,-4.2785044
20.0,19.0,44.0,-4.2785044
19.0,20.0,45.0,-5.735538
20.0,19.0,45.0,-5.735538
19.0,20.0,46.0,-6.9924846
20.0,19.0,46.0,-6.9924846
19.0,20.0,47.0,2.6785822
20.0,19.0,47.0,2.6785822
19.0,20.0,48.0,27.2787
20.0,19.0,48.0,27.2787
19.0,20.0,49.0,-10.081555
20.0,19.0,49.0,-10.081555
19.0,20.0,50.0,2.1711729
20.0,19.0,50.0,2.1711729
19.0,20.0,51.0,35.44855
20.0,19.0,51.0,35.44855
19.0,20.0,52.0,6.526431
20.0,19.0,52.0,6.526431
19.0,20.0,53.0,11.047438
20.0,19.0,53.0,11.047438
19.0,20.0,54.0,-28.828386
20.0,19.0,54.0,-28.828386
19.0,20.0,55.0,-9.845186
20.0,19.0,55.0,-9.845186
19.0,20.0,56.0,-1.9196541
20.0,19.0,56.0,-1.9196541
19.0,20.0,57.0,4.3773603
20.0,19.0,57.0,4.3773603
19.0,20.0,58.0,18.794909
20.0,19.0,58.0,18.794909
19.0,20.0,59.0,-14.193019
20.0,19.0,59.0,-14.193019
19.0,20.0,60.0,-14.076929
20.0,19.0,60.0,-14.076929
19.0,20.0,61.0,-7.383179
20.0,19.0,61.0,-7.383179
19.0,20.0,62.0,-11.67107
20.0,19.0,62.0,-11.67107
19.0,20.0,63.0,3.9843438
20.0,19.0,63.0,3.9843438
19.0,20.0,64.0,17.225706
20.0,19.0,64.0,17.225706
19.0,20.0,65.0,-17.367487
20.0,19.0,65.0,-17.367487
19.0,20.0,66.0,4.6575847
20.0,19.0,66.0,4.6575847
19.0,20.0,67.0,17.43087
20.0,19.0,67.0,17.43087
19.0,20.0,68.0,-1.4665692
20.0,19.0,68.0,-1.4665692
19.0,20.0,69.0,29.034328
20.0,19.0,69.0,29.034328
19.0,15.0,38.0,-3.8721528
15.0,19.0,38.0,-3.8721528
19.0,15.0,39.0,3.1811192
15.0,19.0,39.0,3.1811192
19.0,15.0,40.0,-33.42692
15.0,19.0,40.0,-33.42692
19.0,15.0,41.0,-54.421852
15.0,19.0,41.0,-54.421852
19.0,15.0,42.0,8.933271
15.0,19.0,42.0,8.933271
19.0,15.0,43.0,18.473759
15.0,19.0,43.0,18.473759
19.0,15.0,44.0,33.4655
15.0,19.0,44.0,33.4655
19.0,15.0,45.0,9.910931
15.0,19.0,45.0,9.910931
19.0,15.0,46.0,-30.723427
15.0,19.0,46.0,-30.723427
19.0,15.0,47.0,5.004382
15.0,19.0,47.0,5.004382
19.0,15.0,48.0,71.114944
15.0,19.0,48.0,71.114944
19.0,15.0,49.0,6.6681614
15.0,19.0,49.0,6.6681614
19.0,15.0,50.0,20.204689
15.0,19.0,50.0,20.204689
19.0,15.0,51.0,-18.060078
15.0,19.0,51.0,-18.060078
19.0,15.0,52.0,-1.0392569
15.0,19.0,52.0,-1.0392569
19.0,15.0,53.0,8.215304
15.0,19.0,53.0,8.215304
19.0,15.0,54.0,-31.270996
15.0,19.0,54.0,-31.270996
19.0,15.0,55.0,-4.982151
15.0,19.0,55.0,-4.982151
19.0,15.0,56.0,3.7124286
15.0,19.0,56.0,3.7124286
19.0,15.0,57.0,17.897818
15.0,19.0,57.0,17.897818
19.0,15.0,58.0,25.629738
15.0,19.0,58.0,25.629738
19.0,15.0,59.0,3.7756243
15.0,19.0,59.0,3.7756243
19.0,15.0,60.0,5.0195813
15.0,19.0,60.0,5.0195813
19.0,15.0,61.0,-7.7529426
15.0,19.0,61.0,-7.7529426
19.0,15.0,62.0,-0.7003027
15.0,19.0,62.0,-0.7003027
19.0,15.0,63.0,-24.3597
15.0,19.0,63.0,-24.3597
19.0,15.0,64.0,24.991299
15.0,19.0,64.0,24.991299
19.0,15.0,65.0,-28.412603
15.0,19.0,65.0,-28.412603
19.0,15.0,66.0,0.031108726
15.0,19.0,66.0,0.031108726
19.0,15.0,67.0,16.714062
15.0,19.0,67.0,16.714062
19.0,15.0,68.0,-20.843985
15.0,19.0,68.0,-20.843985
19.0,15.0,69.0,29.724178
15.0,19.0,69.0,29.724178
19.0,21.0,38.0,-10.458794
21.0,19.0,38.0,-10.458794
19.0,21.0,39.0,3.5830348
21.0,19.0,39.0,3.5830348
19.0,21.0,40.0,17.804953
21.0,19.0,40.0,17.804953
19.0,21.0,41.0,-18.602919
21.0,19.0,41.0,-18.602919
19.0,21.0,42.0,7.963918
21.0,19.0,42.0,7.963918
19.0,21.0,43.0,13.980472
21.0,19.0,43.0,13.980472
19.0,21.0,44.0,7.169719
21.0,19.0,44.0,7.169719
19.0,21.0,45.0,-5.8406544
21.0,19.0,45.0,-5.8406544
19.0,21.0,46.0,8.325985
21.0,19.0,46.0,8.325985
19.0,21.0,47.0,7.1955028
21.0,19.0,47.0,7.1955028
19.0,21.0,48.0,32.86179
21.0,19.0,48.0,32.86179
19.0,21.0,49.0,-3.9507773
21.0,19.0,49.0,-3.9507773
19.0,21.0,50.0,-3.0880873
21.0,19.0,50.0,-3.0880873
19.0,21.0,51.0,57.502
21.0,19.0,51.0,57.502
19.0,21.0,52.0,4.5658126
21.0,19.0,52.0,4.5658126
19.0,21.0,53.0,15.519808
21.0,19.0,53.0,15.519808
19.0,21.0,54.0,-14.838031
21.0,19.0,54.0,-14.838031
19.0,21.0,55.0,-3.324422
21.0,19.0,55.0,-3.324422
19.0,21.0,56.0,-5.477161
21.0,19.0,56.0,-5.477161
19.0,21.0,57.0,2.4600797
21.0,19.0,57.0,2.4600797
19.0,21.0,58.0,23.27657
21.0,19.0,58.0,23.27657
19.0,21.0,59.0,-15.608152
21.0,19.0,59.0,-15.608152
19.0,21.0,60.0,6.468146
21.0,19.0,60.0,6.468146
19.0,21.0,61.0,8.615206
21.0,19.0,61.0,8.615206
19.0,21.0,62.0,-3.4177554
21.0,19.0,62.0,-3.4177554
19.0,21.0,63.0,16.25935
21.0,19.0,63.0,16.25935
19.0,21.0,64.0,10.690836
21.0,19.0,64.0,10.690836
19.0,21.0,65.0,-17.211552
21.0,19.0,65.0,-17.211552
19.0,21.0,66.0,2.487673
21.0,19.0,66.0,2.487673
19.0,21.0,67.0,6.43881
21.0,19.0,67.0,6.43881
19.0,21.0,68.0,4.7028027
21.0,19.0,68.0,4.7028027
19.0,21.0,69.0,29.046667
21.0,19.0,69.0,29.046667
19.0,16.0,38.0,-5.582687
16.0,19.0,38.0,-5.582687
19.0,16.0,39.0,-8.57475
16.0,19.0,39.0,-8.57475
19.0,16.0,40.0,5.7810974
16.0,19.0,40.0,5.7810974
19.0,16.0,41.0,-8.003764
16.0,19.0,41.0,-8.003764
19.0,16.0,42.0,-5.8847513
16.0,19.0,42.0,-5.8847513
19.0,16.0,43.0,-6.8981533
16.0,19.0,43.0,-6.8981533
19.0,16.0,44.0,-6.896773
16.0,19.0,44.0,-6.896773
19.0,16.0,45.0,0.5750151
16.0,19.0,45.0,0.5750151
19.0,16.0,46.0,-8.564027
16.0,19.0,46.0,-8.564027
19.0,16.0,47.0,-10.426263
16.0,19.0,47.0,-10.426263
19.0,16.0,48.0,-3.1723125
16.0,19.0,48.0,-3.1723125
19.0,16.0,49.0,-18.079681
16.0,19.0,49.0,-18.079681
19.0,16.0,50.0,-3.8078077
16.0,19.0,50.0,-3.8078077
19.0,16.0,51.0,-3.8598363
16.0,19.0,51.0,-3.8598363
19.0,16.0,52.0,1.6411917
16.0,19.0,52.0,1.6411917
19.0,16.0,53.0,-6.26178
16.0,19.0,53.0,-6.26178
19.0,16.0,54.0,-13.923437
16.0,19.0,54.0,-13.923437
19.0,16.0,55.0,-0.7077779
16.0,19.0,55.0,-0.7077779
19.0,16.0,56.0,-5.94892
16.0,19.0,56.0,-5.94892
19.0,16.0,57.0,-0.27989402
16.0,19.0,57.0,-0.27989402
19.0,16.0,58.0,-13.104408
16.0,19.0,58.0,-13.104408
19.0,16.0,59.0,-5.7901263
16.0,19.0,59.0,-5.7901263
19.0,16.0,60.0,5.1772385
16.0,19.0,60.0,5.1772385
19.0,16.0,61.0,-14.252639
16.0,19.0,61.0,-14.252639
19.0,16.0,62.0,-0.88691473
16.0,19.0,62.0,-0.88691473
19.0,16.0,63.0,1.6205299
16.0,19.0,63.0,1.6205299
19.0,16.0,64.0,-1.7658255
16.0,19.0,64.0,-1.7658255
19.0,16.0,65.0,-13.262976
16.0,19.0,65.0,-13.262976
19.0,16.0,66.0,-4.3270097
16.0,19.0,66.0,-4.3270097
19.0,16.0,67.0,1.2928607
16.0,19.0,67.0,1.2928607
19.0,16.0,68.0,-8.929807
16.0,19.0,68.0,-8.929807
19.0,16.0,69.0,-6.2526574
16.0,19.0,69.0,-6.2526574
19.0,17.0,38.0,-8.966085
17.0,19.0,38.0,-8.966085
19.0,17.0,39.0,-7.622512
17.0,19.0,39.0,-7.622512
19.0,17.0,40.0,0.5354938
17.0,19.0,40.0,0.5354938
19.0,17.0,41.0,-25.069887
17.0,19.0,41.0,-25.069887
19.0,17.0,42.0,-2.3525105
17.0,19.0,42.0,-2.3525105
19.0,17.0,43.0,-6.2562084
17.0,19.0,43.0,-6.2562084
19.0,17.0,44.0,7.3116016
17.0,19.0,44.0,7.3116016
19.0,17.0,45.0,5.0539656
17.0,19.0,45.0,5.0539656
19.0,17.0,46.0,-10.842333
17.0,19.0,46.0,-10.842333
19.0,17.0,47.0,-0.5369535
17.0,19.0,47.0,-0.5369535
19.0,17.0,48.0,-11.663521
17.0,19.0,48.0,-11.663521
19.0,17.0,49.0,1.1177491
17.0,19.0,49.0,1.1177491
19.0,17.0,50.0,1.2759261
17.0,19.0,50.0,1.2759261
19.0,17.0,51.0,-25.145529
17.0,19.0,51.0,-25.145529
19.0,17.0,52.0,-6.8810077
17.0,19.0,52.0,-6.8810077
19.0,17.0,53.0,1.4044583
17.0,19.0,53.0,1.4044583
19.0,17.0,54.0,-16.719524
17.0,19.0,54.0,-16.719524
19.0,17.0,55.0,-4.280959
17.0,19.0,55.0,-4.280959
19.0,17.0,56.0,-5.3431506
17.0,19.0,56.0,-5.3431506
19.0,17.0,57.0,7.0242925
17.0,19.0,57.0,7.0242925
19.0,17.0,58.0,7.42572
17.0,19.0,58.0,7.42572
19.0,17.0,59.0,-7.7400885
17.0,19.0,59.0,-7.7400885
19.0,17.0,60.0,-4.4201365
17.0,19.0,60.0,-4.4201365
19.0,17.0,61.0,-11.938798
17.0,19.0,61.0,-11.938798
19.0,17.0,62.0,-7.285719
17.0,19.0,62.0,-7.285719
19.0,17.0,63.0,-4.085676
17.0,19.0,63.0,-4.085676
19.0,17.0,64.0,-4.3769517
17.0,19.0,64.0,-4.3769517
19.0,17.0,65.0,-12.805036
17.0,19.0,65.0,-12.805036
19.0,17.0,66.0,-13.423163
17.0,19.0,66.0,-13.423163
19.0,17.0,67.0,28.438246
17.0,19.0,67.0,28.438246
19.0,17.0,68.0,-1.9906775
17.0,19.0,68.0,-1.9906775
19.0,17.0,69.0,4.6801624
17.0,19.0,69.0,4.6801624
19.0,18.0,38.0,24.539827
18.0,19.0,38.0,24.539827
19.0,18.0,39.0,9.206229
18.0,19.0,39.0,9.206229
19.0,18.0,40.0,6.520276
18.0,19.0,40.0,6.520276
19.0,18.0,41.0,-9.067057
18.0,19.0,41.0,-9.067057
19.0,18.0,42.0,18.001886
18.0,19.0,42.0,18.001886
19.0,18.0,43.0,5.0074215
18.0,19.0,43.0,5.0074215
19.0,18.0,44.0,30.763304
18.0,19.0,44.0,30.763304
19.0,18.0,45.0,-5.9518228
18.0,19.0,45.0,-5.9518228
19.0,18.0,46.0,8.154592
18.0,19.0,46.0,8.154592
19.0,18.0,47.0,12.159784
18.0,19.0,47.0,12.159784
19.0,18.0,48.0,50.720943
18.0,19.0,48.0,50.720943
19.0,18.0,49.0,8.430885
18.0,19.0,49.0,8.430885
19.0,18.0,50.0,13.959849
18.0,19.0,50.0,13.959849
19.0,18.0,51.0,31.182087
18.0,19.0,51.0,31.182087
19.0,18.0,52.0,-8.969451
18.0,19.0,52.0,-8.969451
19.0,18.0,53.0,-2.3650496
18.0,19.0,53.0,-2.3650496
19.0,18.0,54.0,-24.59727
18.0,19.0,54.0,-24.59727
19.0,18.0,55.0,5.8361645
18.0,19.0,55.0,5.8361645
19.0,18.0,56.0,-7.8672123
18.0,19.0,56.0,-7.8672123
19.0,18.0,57.0,12.824709
18.0,19.0,57.0,12.824709
19.0,18.0,58.0,25.42564
18.0,19.0,58.0,25.42564
19.0,18.0,59.0,10.673293
18.0,19.0,59.0,10.673293
19.0,18.0,60.0,7.6003585
18.0,19.0,60.0,7.6003585
19.0,18.0,61.0,17.072674
18.0,19.0,61.0,17.072674
19.0,18.0,62.0,21.929726
18.0,19.0,62.0,21.929726
19.0,18.0,63.0,31.40521
18.0,19.0,63.0,31.40521
19.0,18.0,64.0,0.34764445
18.0,19.0,64.0,0.34764445
19.0,18.0,65.0,2.0657895
18.0,19.0,65.0,2.0657895
19.0,18.0,66.0,10.934771
18.0,19.0,66.0,10.934771
19.0,18.0,67.0,13.253648
18.0,19.0,67.0,13.253648
19.0,18.0,68.0,24.841942
18.0,19.0,68.0,24.841942
19.0,18.0,69.0,18.643038
18.0,19.0,69.0,18.643038
19.0,22.0,38.0,0.78866816
22.0,19.0,38.0,0.78866816
19.0,22.0,39.0,0.24556571
22.0,19.0,39.0,0.24556571
19.0,22.0,40.0,12.444675
22.0,19.0,40.0,12.444675
19.0,22.0,41.0,1.8319315
22.0,19.0,41.0,1.8319315
19.0,22.0,42.0,9.478885
22.0,19.0,42.0,9.478885
19.0,22.0,43.0,6.457405
22.0,19.0,43.0,6.457405
19.0,22.0,44.0,8.421512
22.0,19.0,44.0,8.421512
19.0,22.0,45.0,-6.478408
22.0,19.0,45.0,-6.478408
19.0,22.0,46.0,9.1214695
22.0,19.0,46.0,9.1214695
19.0,22.0,47.0,5.6113725
22.0,19.0,47.0,5.6113725
19.0,22.0,48.0,-135.36307
22.0,19.0,48.0,-135.36307
19.0,22.0,49.0,7.6744137
22.0,19.0,49.0,7.6744137
19.0,22.0,50.0,9.722256
22.0,19.0,50.0,9.722256
19.0,22.0,51.0,20.383892
22.0,19.0,51.0,20.383892
19.0,22.0,52.0,-8.786851
22.0,19.0,52.0,-8.786851
19.0,22.0,53.0,22.955595
22.0,19.0,53.0,22.955595
19.0,22.0,54.0,-1.0349205
22.0,19.0,54.0,-1.0349205
19.0,22.0,55.0,12.221404
22.0,19.0,55.0,12.221404
19.0,22.0,56.0,-2.47217
22.0,19.0,56.0,-2.47217
19.0,22.0,57.0,15.225681
22.0,19.0,57.0,15.225681
19.0,22.0,58.0,-1.0537908
22.0,19.0,58.0,-1.0537908
19.0,22.0,59.0,-8.139632
22.0,19.0,59.0,-8.139632
19.0,22.0,60.0,0.17856549
22.0,19.0,60.0,0.17856549
19.0,22.0,61.0,3.344571
22.0,19.0,61.0,3.344571
19.0,22.0,62.0,-0.9993052
22.0,19.0,62.0,-0.9993052
19.0,22.0,63.0,16.80745
22.0,19.0,63.0,16.80745
19.0,22.0,64.0,26.974329
22.0,19.0,64.0,26.974329
19.0,22.0,65.0,1.9506117
22.0,19.0,65.0,1.9506117
19.0,22.0,66.0,3.9865515
22.0,19.0,66.0,3.9865515
19.0,22.0,67.0,18.9851
22.0,19.0,67.0,18.9851
19.0,22.0,68.0,10.223066
22.0,19.0,68.0,10.223066
19.0,22.0,69.0,23.438547
22.0,19.0,69.0,23.438547
